t,EER,COP,Q_cond,Q_evap,W_comp,h_eff_mean,A_evap,mean_s_ft,max_s_ft,m_dot_air,v_in_air,T_out_water,T_out_air_mean,T_out_ref,p_ref_evap,superheating,T_sat,p_ref_cond,humidity,air_temp_l,cycle_ph,m_dot_ref,valve_pos,dt
0.0,0.0,0.0,0.0,0.0,0.001,22.885688426513486,1.9818561639123415,1e-06,1e-06,1.4647828546921535,1.181237581466283,30.0,0.0,0.0,292803.1823394907,0.0,-1.1368683772161603e-13,770196.3030768837,"[0.0, 0.0]","[0.0, 0.0]","[[292803.1823394907, 299301.7210768999], [770196.3030768837, 299301.7210768999], [770196.3030768837, 241722.3923086542], [292803.1823394907, 241722.3923086542]]",0.0,20.0,0.1
0.1,[-39.08242821716177],[-6.029189371072128],-136.48272657887142,-884.7087122514346,[22.636994491118738],22.886909251416082,1.9818561639123415,1e-06,1e-06,1.4647828546921535,1.1814001878509441,29.999646899753657,0.037601185965627344,0.15891853221535257,294492.8480024335,0.0,0.15891853221535257,770692.6881432477,"[0.0, 0.0]","[0.037601185965627344, 0.037601185965627344]","[[294492.8480024335, 330910.99795803014], [770692.6881432477, 349020.03779545246], [770692.6881432477, 241762.85786915498], [294492.8480024335, 241762.85786915498]]",[0.0012500383641599543],20.0,0.09902894222868625
0.19902894222868625,[-37.708788532715914],[-4.497818066046536],-214.5279878021878,-1798.558858449403,[47.696012744853476],22.890372157846507,1.9818561639123415,1e-06,1e-06,1.4647828546921535,1.1819039423233533,29.998796073519827,0.13462659092871704,9.470699465504595,294226.5613174114,9.33677942130521,0.1339200441993853,771090.3070667782,"[0.0, 0.0]","[0.08561037177895514, 0.08732789129743423]","[[294226.5613174114, 407008.8248716952], [771090.3070667782, 437364.82585148077], [771090.3070667782, 241795.34657537757], [294226.5613174114, 241795.34657537757]]",[0.0015712218739422136],20.0,0.08383330212181189
0.2828622443504981,[-18.72926369276186],[-3.6610835450386663],-248.47479143844186,-1271.1400416308813,[67.86919456540771],22.894561051743757,1.9818561639123415,1e-06,1e-06,1.4647828546921535,1.1825620276127362,29.997856711138354,0.24217181493040618,12.550124014044968,293440.5806840827,12.49009197279429,0.06003204125067896,771379.6600200121,"[0.0, 0.0]","[0.08235346928677245, 0.08692422952179868]","[[293440.5806840827, 409761.9512549254], [771379.6600200121, 440700.11067677784], [771379.6600200121, 241821.1480949475], [293440.5806840827, 241821.1480949475]]",[0.00219370498548354],20.0,0.09285094387348432
0.3757131882239824,[-11.04348780351802],[-2.9156900579026566],-263.1647013817595,-996.764440770663,[90.25811940075064],22.89822645541675,1.9818561639123415,1e-06,1e-06,1.4647828546921535,1.18315466629254,29.996715407697423,0.3343722780689315,15.09429317445614,293029.84749098355,15.072933679131836,0.02135949532430459,771681.4426675132,"[0.0, 0.0]","[0.06178356636684157, 0.06819322249901916]","[[293029.84749098355, 412029.36989873776], [771681.4426675132, 443424.0118470456], [771681.4426675132, 241855.06659519917], [293029.84749098355, 241855.06659519917]]",[0.0028749529792162997],20.0,0.10464386816889482
0.48035705639287724,[-6.602480745689635],[-2.2443674550076835],-259.29871635043656,-762.8050292147614,[115.53309408933167],22.901426839354947,1.9818561639123415,1e-06,1e-06,1.4647828546921535,1.1836822981242148,29.99544551554669,0.41431572258513577,16.96975398329954,292770.8600737702,16.97280086608572,-0.0030468827861795944,772036.4663433867,"[0.0, 0.0]","[0.036407894903732085, 0.04304941701508369]","[[292770.8600737702, 413700.02159210725], [772036.4663433867, 445433.85814611084], [772036.4663433867, 241915.87910701716], [292770.8600737702, 241915.87910701716]]",[0.003640691032228578],20.0,0.12020423922613607
0.6005612956190133,[-3.6209557538892163],[-1.6291076076915485],-235.6249751483953,-523.7147045998732,[144.6343839019184],22.904030193741868,1.9818561639123415,1e-06,1e-06,1.4647828546921535,1.1841176267188156,29.99422833605314,0.47928880780095956,18.094329819885445,292606.6722193717,18.112857991937233,-0.018528172051787806,772525.737569278,"[0.0, 0.0]","[0.012193462149582501, 0.01764626608871822]","[[292606.6722193717, 414702.3050984405], [772525.737569278, 446661.5019461494], [772525.737569278, 242054.83391706154], [292606.6722193717, 242054.83391706154]]",[0.0045255950752707535],20.0,0.1410188865860841
0.7415801822050974,[-1.3790260968436814],[-1.080467808709561],-193.25261701076977,-246.6527924228294,[178.8601339650997],22.905787890508066,1.9818561639123415,1e-06,1e-06,1.4647828546921535,1.1844195050534434,29.99331565470561,0.5219672295754297,18.102922826516078,292524.53243288037,18.129198475364547,-0.026275648848468336,773227.7372452134,"[0.0, 0.0]","[-0.0021717094825800093, -0.0026660392737691066]","[[292524.53243288037, 414711.7442951356], [773227.7372452134, 446733.707284497], [773227.7372452134, 242387.08418357268], [292524.53243288037, 242387.08418357268]]",[0.005585545602431784],20.0,0.1589295828521205
0.9005097650572178,[0.3482743786236301],[-0.6135140911655638],-133.48889128520946,75.77782048524713,[217.5808073643511],22.90624629638411,1.9818561639123415,1e-06,1e-06,1.4647828546921535,1.1844950749236909,29.993034343965405,0.533944039086609,16.629081276144632,292497.48018764943,16.657908876297597,-0.02882760015296526,774351.5720940408,"[0.0, 0.0]","[-0.005891447084167768, -0.009560149895154734]","[[292497.48018764943, 413403.70282350236], [774351.5720940408, 445282.21452745365], [774351.5720940408, 243125.30825034657], [292497.48018764943, 243125.30825034657]]",[0.0068253125925348095],20.0,0.19089420524615822
1.091403970303376,[1.9490511985428278],[-0.1657834775628978],-43.84203786443626,515.4336107699266,[264.45360242731493],22.90419205371458,1.9818561639123415,1e-06,1e-06,1.4647828546921535,1.1841578946966707,29.994144694528643,0.48154450455891773,12.501435963661777,292533.19462832314,12.526894509803014,-0.025458546141237548,776694.7899200161,"[0.0, 0.0]","[-0.007459741835905868, -0.012590074767859546]","[[292533.19462832314, 409740.35174879205], [776694.7899200161, 441121.62901735085], [776694.7899200161, 245105.2725204435], [292533.19462832314, 245105.2725204435]]",[0.008427114044602838],20.0,0.21142799685177602
1.302831967155152,[3.388031262496617],[0.2819145501661831],89.47824648093803,1075.3439161337785,[317.3949213624921],22.898219585482813,1.9818561639123415,1e-06,1e-06,1.4647828546921535,1.1831894555025846,29.997607272628102,0.32839480293539436,4.507467919676003,292662.15035907214,4.520764304984823,-0.013296385308819936,782034.3903467422,"[0.0, 0.0]","[-0.006492210365389114, -0.011133787929061672]","[[292662.15035907214, 402635.64668939577], [782034.3903467422, 433011.39976893115], [782034.3903467422, 251913.30998754455], [292662.15035907214, 251913.30998754455]]",[0.010448956459821792],20.0,0.2382812980330828
1.5411132651882349,[2.7378075508955377],[0.6962408844589583],259.6845160297835,1021.1497840858328,[372.98084876411946],22.889173192526208,1.9818561639123415,1e-06,1e-06,1.4647828546921535,1.1817622393749456,30.00849232041918,0.09401128275871992,-0.07093138841145219,292051.4320365687,0.0,-0.07093138841145219,811968.2656539325,"[0.0, 0.0]","[-0.007547797114589723, -0.012943089436606242]","[[292051.4320365687, 347680.68185973394], [811968.2656539325, 369868.43043081113], [811968.2656539325, 263416.37801470736], [292051.4320365687, 263416.37801470736]]",[0.016810216121642838],20.0,0.2035192160491283
1.7446324812373633,[3.08310876898163],[1.0424162694744454],410.038924229863,1212.7540982780836,[393.3543021508981],22.885287812371228,1.9818561639123415,1e-06,1e-06,1.4647828546921535,1.1812417822044865,30.02886803757076,-0.025591431603262393,-0.24525453032987343,290210.2162928848,0.0,-0.24525453032987343,810552.611076114,"[0.0, 0.0]","[-0.03473527907470779, -0.05881475471920773]","[[290210.2162928848, 301344.0234252555], [810552.611076114, 315747.8905219482], [810552.611076114, 259371.55835955878], [290210.2162928848, 259371.55835955878]]",[0.027308937211693543],20.0,0.20154292688556638
1.9461754081229297,[3.373888000324981],[1.164953325108524],496.7110367392584,1438.5532624901064,[426.37848747544126],22.88238797164459,1.9818561639123415,1e-06,1e-06,1.4647828546921535,1.1809120829820312,30.048636161486172,-0.12800055209167455,-0.4420939109202777,288141.93327623815,0.0,-0.4420939109202777,808795.4914704773,"[0.0, 0.0]","[-0.0790064509766846, -0.13410114450963015]","[[288141.93327623815, 290718.47662841214], [808795.4914704773, 303403.8408202637], [808795.4914704773, 256497.68674810123], [288141.93327623815, 256497.68674810123]]",[0.03361183503462069],20.0,0.23151202857473782
2.1776874366976675,[3.524136369956522],[1.216117917407942],581.4102129914332,1684.8439186180983,[478.0870379992942],22.879545340766374,1.9818561639123415,1e-06,1e-06,1.4647828546921535,1.1806319804648526,30.06753994129565,-0.23826048187471832,-0.6867456453977638,285587.0974865713,0.0,-0.6867456453977638,811404.063725217,"[0.0, 0.0]","[-0.14095798661960238, -0.23989199139462866]","[[285587.0974865713, 290933.9985111461], [811404.063725217, 303838.8691460715], [811404.063725217, 254465.98406991578], [285587.0974865713, 254465.98406991578]]",[0.03704702227436977],20.0,0.27160080801706565
2.449288244714733,[3.6287714364519283],[1.2749872364918968],695.4004323016882,1979.1956761668544,[545.417563720143],22.87594766104694,1.9818561639123415,1e-06,1e-06,1.4647828546921535,1.1802788837544553,30.087363993461338,-0.37807294390067137,-0.9942930725762267,282400.2378959994,0.0,-0.9942930725762267,816766.6343294027,"[0.0, 0.0]","[-0.22185707511659905, -0.3783982789673291]","[[282400.2378959994, 294988.49947615486], [816766.6343294027, 308868.0236173423], [816766.6343294027, 252895.56306248778], [282400.2378959994, 252895.56306248778]]",[0.03929656115056648],20.0,0.3008159137587423
2.7501041584734756,[3.711780710226459],[1.3486852718257174],838.7675849209343,2308.4120566232987,[621.9149882058794],22.871697233589337,1.9818561639123415,1e-06,1e-06,1.4647828546921535,1.1798622796153155,30.108749532474747,-0.5432976172198539,-1.355136793769816,278696.1046040828,0.0,-1.355136793769816,822398.4604248938,"[0.0, 0.0]","[-0.31804895442543696, -0.543348740761503]","[[278696.1046040828, 300050.9305888533], [822398.4604248938, 315153.6004103252], [822398.4604248938, 251644.1961938253], [278696.1046040828, 251644.1961938253]]",[0.04117914220143188],20.0,0.323058520311527
3.0731626787850024,[3.726584967095914],[1.4177531565083572],999.7404427516874,2627.832417690893,[705.1583261601395],22.866888927913713,1.9818561639123415,1e-06,1e-06,1.4647828546921535,1.1793914536439618,30.130998397396866,-0.7302054133242104,-1.7560536555063209,274624.62507055775,0.0,-1.7560536555063209,827063.2377175424,"[0.0, 0.0]","[-0.4269023705823668, -0.7302122511990082]","[[274624.62507055775, 305850.7990958572], [827063.2377175424, 322364.3942470189], [827063.2377175424, 250626.09728356297], [274624.62507055775, 250626.09728356297]]",[0.04270168156875801],20.0,0.31992143544415064
3.3930841142291532,[3.7783944974002277],[1.4720421697526713],1159.6321760938895,2976.509724512566,[787.771029880705],22.861954445457553,1.9818561639123415,1e-06,1e-06,1.4647828546921535,1.1789087360337016,30.151371554243497,-0.9220048114173209,-2.1703206812790654,270465.87766242126,0.0,-2.1703206812790654,830119.7065212323,"[0.0, 0.0]","[-0.5385237674079603, -0.9220057019570702]","[[270465.87766242126, 311804.5897667407], [830119.7065212323, 329785.10223145265], [830119.7065212323, 249819.82282837894], [270465.87766242126, 249819.82282837894]]",[0.04381249276092695],20.0,0.3345225066221795
3.7276066208513328,[3.77000303427513],[1.512774605278816],1323.65864834946,3298.704977733447,[874.9873535228332],22.85662282094762,1.9818561639123415,1e-06,1e-06,1.4647828546921535,1.178387250514541,30.169839435297433,-1.1291230494866926,-2.6102953694452253,266102.39563734905,0.0,-2.6102953694452253,832456.6530938799,"[0.0, 0.0]","[-0.6591120614216466, -1.1291231496048462]","[[266102.39563734905, 318545.54357385886], [832456.6530938799, 338194.34603002627], [832456.6530938799, 249046.07582639673], [266102.39563734905, 249046.07582639673]]",[0.04453133310904485],20.0,0.34557439566766474
4.073181016518998,[3.7130247350732755],[1.5508270089214886],1507.7699400898175,3609.9365371814106,[972.2360594805382],22.851061512840587,1.9818561639123415,1e-06,1e-06,1.4647828546921535,1.1778436972687567,30.18689031022575,-1.3451042420630255,-3.0657267935513914,261643.01486622164,0.0,-3.0657267935513914,839199.8584392272,"[0.0, 0.0]","[-0.7848035707843666, -1.3451042520627334]","[[261643.01486622164, 328158.86436636635], [839199.8584392272, 350190.4107763707], [839199.8584392272, 248387.31764330892], [261643.01486622164, 248387.31764330892]]",[0.04412927302305614],20.0,0.34557439566766474
4.418755412186663,[3.5938739977913126],[1.5978569557657425],1718.5847458792937,3865.41298889704,[1075.5560688194987],22.845606744917728,1.9818561639123415,1e-06,1e-06,1.4647828546921535,1.177311096858618,30.20724467241871,-1.5569222562052798,-3.5055539073164823,257391.3729642824,0.0,-3.5055539073164823,853893.4210237715,"[0.0, 0.0]","[-0.9079623673503615, -1.55692225718139]","[[257391.3729642824, 337305.02194829297], [853893.4210237715, 361879.91199366853], [853893.4210237715, 248244.74296605802], [257391.3729642824, 248244.74296605802]]",[0.043766465467783844],20.0,0.3390494312389721
4.757804843425634,[3.4330712315841394],[1.6573119389969044],1958.823483506491,4057.6432177564393,[1181.9280591751954],22.840514668375363,1.9818561639123415,1e-06,1e-06,1.4647828546921535,1.1768144255887851,30.235936224045247,-1.7546412868424155,-3.9097560374574414,253531.3170023254,0.0,-3.9097560374574414,872496.3225596315,"[0.0, 0.0]","[-1.0228128929554692, -1.7546412869482948]","[[253531.3170023254, 346511.4221011168], [872496.3225596315, 373813.34151810204], [872496.3225596315, 248276.56114388807], [253531.3170023254, 248276.56114388807]]",[0.04329102437905511],20.0,0.3242507711177812
5.082055614543416,[3.3569062459628705],[1.726167461170087],2218.1781789983315,4313.727579299061,[1285.0306988724801],22.835890416302085,1.9818561639123415,1e-06,1e-06,1.4647828546921535,1.1763636380337155,30.267832764625723,-1.934141397290757,-4.2879228083134535,249960.51723066327,0.0,-4.2879228083134535,897892.7199957467,"[0.0, 0.0]","[-1.1270532444086736, -1.9341413973038317]","[[249960.51723066327, 351185.9158768634], [897892.7199957467, 380492.2528124984], [897892.7199957467, 248006.8552386434], [249960.51723066327, 248006.8552386434]]",[0.04384821963793639],20.0,0.3153126899218945
5.39736830446531,[3.3004605436681698],[1.7845070518835193],2464.8537735009086,4558.767429226364,[1381.251909819742],22.831420626102236,1.9818561639123415,1e-06,1e-06,1.4647828546921535,1.175927720287384,30.289449834280276,-2.1075008960705417,-4.652936508930168,246550.8844928168,0.0,-4.652936508930168,919459.4973458622,"[0.0, 0.0]","[-1.2278550934828119, -2.1075008960722776]","[[246550.8844928168, 354210.70966368634], [919459.4973458622, 385103.51037498517], [919459.4973458622, 247148.0278021395], [246550.8844928168, 247148.0278021395]]",[0.04471112551398413],20.0,0.3093591120195711
5.706727416484881,[3.2907771957563265],[1.7981794759710168],2637.5132617007175,4826.808786938633,[1466.768638473343],22.826995948480985,1.9818561639123415,1e-06,1e-06,1.4647828546921535,1.1754961697310198,30.29469535636906,-2.2790049672650623,-5.017624557101442,243180.30092866672,0.0,-5.017624557101442,933097.1532409482,"[0.0, 0.0]","[-1.3276470712524315, -2.2790049672653288]","[[243180.30092866672, 355424.3141136221], [933097.1532409482, 387325.8933350943], [933097.1532409482, 246293.75512172456], [243180.30092866672, 246293.75512172456]]",[0.04597793128323026],20.0,0.3063550563210378
6.013082472805919,[3.2984940613035687],[1.7735491524961797],2745.8038321375525,5106.719270262687,[1548.1972001018264],22.822592227487878,1.9818561639123415,1e-06,1e-06,1.4647828546921535,1.1750667698902668,30.288150078191848,-2.4496243277150773,-5.382290143949774,239845.65642832412,0.0,-5.382290143949774,944383.8301371862,"[0.0, 0.0]","[-1.426941716412818, -2.449624327715303]","[[239845.65642832412, 356092.53567796986], [944383.8301371862, 388828.5804261598], [944383.8301371862, 245771.262912872], [239845.65642832412, 245771.262912872]]",[0.0472933493279674],20.0,0.30057061201583163
6.31365308482175,[3.268903978443194],[1.7280067830736923],2814.1462733007893,5323.575138027529,[1628.550478427594],22.818266147710155,1.9818561639123415,1e-06,1e-06,1.4647828546921535,1.1746451165332694,30.27677077979405,-2.6171818336958608,-5.732481472892573,236676.76407937295,0.0,-5.732481472892573,954825.3885150693,"[0.0, 0.0]","[-1.524445060592732, -2.6171818336958546]","[[236676.76407937295, 357460.1434805067], [954825.3885150693, 391167.88986981974], [954825.3885150693, 245481.7137936597], [236676.76407937295, 245481.7137936597]]",[0.0483138289520373],20.0,0.30057061201583163
6.614223696837581,[3.243202340713618],[1.6729757049520224],2861.139763067617,5546.557041577488,[1710.2099896601121],22.813982873391247,1.9818561639123415,1e-06,1e-06,1.4647828546921535,1.1742277720037013,30.264538784719434,-2.7830209121370655,-6.080259483552993,233561.86437764263,0.0,-6.080259483552993,964263.4546159713,"[0.0, 0.0]","[-1.6209520292499873, -2.7830209121370455]","[[233561.86437764263, 360256.9135434916], [964263.4546159713, 395270.14250568784], [964263.4546159713, 245350.78604336726], [233561.86437764263, 245350.78604336726]]",[0.048844680999935955],20.0,0.30057061201583163
6.914794308853413,[3.224712692308539],[1.6185857757736921],2901.584093974104,5780.83361146942,[1792.6662506268053],22.809771764402477,1.9818561639123415,1e-06,1e-06,1.4647828546921535,1.1738176117361256,30.25409026193853,-2.946011899998061,-6.424167276006585,230512.92257544235,0.0,-6.424167276006585,974028.6462952885,"[0.0, 0.0]","[-1.7157977053834115, -2.9460118999980685]","[[230512.92257544235, 363550.43653274304], [974028.6462952885, 400020.4836488657], [974028.6462952885, 245387.79238968206], [230512.92257544235, 245387.79238968206]]",[0.049154481954941605],20.0,0.3036699336538
7.2184642425072125,[3.182228063453006],[1.570187713101587],2947.1970886156228,5972.950371261029,[1876.9711825053284],22.805589926989207,1.9818561639123415,1e-06,1e-06,1.4647828546921535,1.173410387455861,30.247088075422596,-3.1078019826813037,-6.760036235546352,227565.08174495472,0.0,-6.760036235546352,984660.813660473,"[0.0, 0.0]","[-1.8099644622659294, -3.107801982681773]","[[227565.08174495472, 367109.1825562544], [984660.813660473, 405144.7135147349], [984660.813660473, 245513.40511149328], [227565.08174495472, 245513.40511149328]]",[0.04934783750011406],20.0,0.2952991701413787
7.513763412648591,[3.1391810755776928],[1.5299243026270182],2999.1687600452424,6153.85597694706,[1960.3380081585728],22.801626762513038,1.9818561639123415,1e-06,1e-06,1.4647828546921535,1.1730247133792657,30.243902794983285,-3.2611103960693995,-7.078146005922804,224800.11121247927,0.0,-7.078146005922804,994738.5564361576,"[0.0, 0.0]","[-1.8991479387104715, -3.2611103960695207]","[[224800.11121247927, 371514.42297880544], [994738.5564361576, 411328.3346627017], [994738.5564361576, 245625.13090706055], [224800.11121247927, 245625.13090706055]]",[0.049237512969826785],20.0,0.2897234775983236
7.803486890246915,[3.1065409195943072],[1.4981407634580992],3058.551725111645,6342.205165570096,[2041.5649848894777],22.79784577806908,1.9818561639123415,1e-06,1e-06,1.4647828546921535,1.172656868001549,30.243681196050773,-3.4073215021042325,-7.383726094287567,222168.6260710334,0.0,-7.383726094287567,1005101.2783972657,"[0.0, 0.0]","[-1.984208697443132, -3.40732150210423]","[[222168.6260710334, 375515.770679365], [1005101.2783972657, 417031.0302865892], [1005101.2783972657, 245794.98695925903], [222168.6260710334, 245794.98695925903]]",[0.049176256694408144],20.0,0.2869100952537846
8.0903969855007,[3.080503515483191],[1.4736478470471135],3126.6571866652243,6535.9430847287595,[2121.7125875292395],22.7942095114077,1.9818561639123415,1e-06,1e-06,1.4647828546921535,1.1723031647886386,30.24626202863243,-3.5478836024054514,-7.679267487623008,219646.35888880817,0.0,-7.679267487623008,1015652.1179693579,"[0.0, 0.0]","[-2.0659992145433637, -3.547883602405498]","[[219646.35888880817, 379366.5778287518], [1015652.1179693579, 422568.16082680045], [1015652.1179693579, 245938.3861992603], [219646.35888880817, 245938.3861992603]]",[0.04911191763385392],20.0,0.2869100952537846
8.377307080754484,[3.0320582797740276],[1.453816290636101],3201.893667891287,6677.823236138067,[2202.40596319796],22.790653225809304,1.9818561639123415,1e-06,1e-06,1.4647828546921535,1.1719572693515796,30.250792606095274,-3.6852966806140244,-7.961706841897694,217256.70862580003,0.0,-7.961706841897694,1026320.0629856373,"[0.0, 0.0]","[-2.145984257446862, -3.6852966806140053]","[[217256.70862580003, 383429.785954473], [1026320.0629856373, 428392.31451627903], [1026320.0629856373, 246052.30295275856], [217256.70862580003, 246052.30295275856]]",[0.048983143628009186],20.0,0.2869100952537846
8.664217176008268,[2.9931050878316525],[1.4373509428516347],3280.657657750007,6831.562727029139,[2282.43330139078],22.78719839378641,1.9818561639123415,1e-06,1e-06,1.4647828546921535,1.1716213570254268,30.256442458717174,-3.818755881881888,-8.238222604129191,214936.75539371153,0.0,-8.238222604129191,1036376.6080980788,"[0.0, 0.0]","[-2.223660800530361, -3.8187558818818883]","[[214936.75539371153, 387615.1614175729], [1036376.6080980788, 434378.6960475334], [1036376.6080980788, 246102.221054052], [214936.75539371153, 246102.221054052]]",[0.04880797367773577],20.0,0.2869100952537846
8.951127271262052,[2.960374432192438],[1.4237059552166478],3363.149545514952,6993.144820179552,[2362.250107328641],22.78383916415433,1.9818561639123415,1e-06,1e-06,1.4647828546921535,1.1712948010664888,30.26257934938917,-3.948479012957418,-8.50868797199405,212686.19982164062,0.0,-8.50868797199405,1046893.6842388331,"[0.0, 0.0]","[-2.299173772335037, -3.9484790129574234]","[[212686.19982164062, 391019.8376329206], [1046893.6842388331, 439432.129033113], [1046893.6842388331, 246219.10648058105], [212686.19982164062, 246219.10648058105]]",[0.04879442836087939],20.0,0.28412403247713897
9.235251303739192,[2.928882162285644],[1.4153530117725095],3447.9860825948335,7135.142151196652,[2436.131519073653],22.78068782682542,1.9818561639123415,1e-06,1e-06,1.4647828546921535,1.1709959613977141,30.269715636980607,-4.0718506679591915,-8.781216009203774,210437.01737230612,0.0,-8.781216009203774,1058196.190549047,"[0.0, 0.0]","[-2.372842228809291, -4.075003742069045]","[[210437.01737230612, 391957.5987360044], [1058196.190549047, 441373.89536541735], [1058196.190549047, 246313.65422983735], [210437.01737230612, 246313.65422983735]]",[0.04929814046753613],20.0,0.2787593433436508
9.514010647082843,[2.9003315717134535],[1.4103447483980944],3533.3944983613987,7266.319550986483,[2505.3409830289497],22.777816500885514,1.9818561639123415,1e-06,1e-06,1.4647828546921535,1.1707412852311736,30.277234704927196,-4.188261549468709,-9.054167143808456,208202.889927357,0.0,-9.054167143808456,1069464.6906064313,"[0.0, 0.0]","[-2.446823676428908, -4.2019627698323445]","[[208202.889927357, 392194.9206313776], [1069464.6906064313, 442404.74856085907], [1069464.6906064313, 246270.28542366342], [208202.889927357, 246270.28542366342]]",[0.04989742203998333],20.0,0.25879497079389185
9.772805617876735,[2.870497168835981],[1.4034395689699763],3604.681169871774,7372.7628331495725,[2568.4619769680216],22.775370876250054,1.9818561639123415,1e-06,1e-06,1.4647828546921535,1.1705450205533134,30.282829205954386,-4.292115550897543,-9.275426678525662,206052.0469044142,0.043673187468186825,-9.319099865993849,1077947.2135634152,"[0.0, 0.0]","[-2.5179249531280146, -4.324002026327302]","[[206052.0469044142, 393112.7131523824], [1077947.2135634152, 444245.5099457799], [1077947.2135634152, 245946.82082754327], [206052.0469044142, 245946.82082754327]]",[0.05023120434396996],20.0,0.2539085324468257
10.02671415032356,[2.8271470985048577],[1.3962891305582514],3665.7510416387245,7422.257464015776,[2625.352415493715],22.773159895455684,1.9818561639123415,1e-06,1e-06,1.4647828546921535,1.170389034922749,30.28520749750311,-4.390888429562329,-9.261898066597212,203867.0061069825,0.3285550775495949,-9.590453144146807,1085752.720329626,"[0.0, 0.0]","[-2.5907821151844055, -4.448939924781424]","[[203867.0061069825, 393193.02697382186], [1085752.720329626, 444972.4322087823], [1085752.720329626, 245699.85535254804], [203867.0061069825, 245699.85535254804]]",[0.05070263784915688],20.0,0.25144293391047207
10.278157084234032,[2.801103357275421],[1.3870577285488463],3716.073040786856,7504.4494949167365,[2679.104816116521],22.771170921259557,1.9818561639123415,1e-06,1e-06,1.4647828546921535,1.1702710061905666,30.285489264981948,-4.4848172285641885,-9.267948666107259,201639.81669635183,0.6014270181472625,-9.869375684254521,1092563.493460202,"[0.0, 0.0]","[-2.665175763708861, -4.576521818734419]","[[201639.81669635183, 393257.65983556176], [1092563.493460202, 445660.9201292162], [1092563.493460202, 245481.8631388895], [201639.81669635183, 245481.8631388895]]",[0.051124773555678356],20.0,0.23034198010926785
10.5084990643433,[2.7799431077962495],[1.377085810915627],3754.9583143267773,7580.18883299242,[2726.742432869959],22.76953429248157,1.9818561639123415,1e-06,1e-06,1.4647828546921535,1.1701959562349262,30.284557501074005,-4.567132214285494,-9.352630383311066,199557.49797773603,0.7796986408898192,-10.132329024200885,1098929.3121978948,"[0.0, 0.0]","[-2.735123587576021, -4.696558956756801]","[[199557.49797773603, 393250.4763023179], [1098929.3121978948, 446217.2680373017], [1098929.3121978948, 245253.49569669893], [199557.49797773603, 245253.49569669893]]",[0.0514802264503634],20.0,0.2110118068362573
10.719510871179557,[2.761842585126542],[1.3672710081944195],3786.293828641223,7648.189329745659,[2769.2343404847725],22.76818339123215,1.9818561639123415,1e-06,1e-06,1.4647828546921535,1.1701545243833698,30.282888118880976,-4.6397498462047135,-9.466477585800021,197647.89883603193,0.9088751385294813,-10.375352724329503,1104748.6828188729,"[0.0, 0.0]","[-2.801016031658828, -4.8096465444574665]","[[197647.89883603193, 393213.059690079], [1104748.6828188729, 446688.87064225046], [1104748.6828188729, 245066.8451940628], [197647.89883603193, 245066.8451940628]]",[0.05178480327462855],20.0,0.19727913231321859
10.916790003492775,[2.7225045695836587],[1.3578267915779234],3811.6912797023656,7642.614648052727,[2807.1999340010216],22.767067384703495,1.9818561639123415,1e-06,1e-06,1.4647828546921535,1.1701427277714622,30.28092144007178,-4.704856724817616,-9.439589698380303,195824.5477644521,1.169519994773907,-10.60910969315421,1109389.6628197287,"[0.0, 0.0]","[-2.864357608159826, -4.918313878664465]","[[195824.5477644521, 393292.78022705996], [1109389.6628197287, 447269.8163019279], [1109389.6628197287, 244884.57059141528], [195824.5477644521, 244884.57059141528]]",[0.05200730047748936],20.0,0.19727913231321859
11.114069135805993,[2.709679290313369],[1.3477963234197716],3832.225164081431,7704.503256531791,[2843.3266195280185],22.76609522793178,1.9818561639123415,1e-06,1e-06,1.4647828546921535,1.17015712231456,30.2786539536267,-4.767199587071781,-9.369603575215137,193953.82473026586,1.4811019644828889,-10.850705539698026,1113353.2765602828,"[0.0, 0.0]","[-2.9293384631470585, -5.029735436431285]","[[193953.82473026586, 393410.3671651765], [1113353.2765602828, 447894.7751601995], [1113353.2765602828, 244689.72768893617], [193953.82473026586, 244689.72768893617]]",[0.052186060640719414],20.0,0.1871942388624983
11.30126337466849,[2.6893729835315114],[1.3378254765742876],3848.310062641194,7736.092110625154,[2876.5411707477692],22.765303713487512,1.9818561639123415,1e-06,1e-06,1.4647828546921535,1.1701938008990926,30.276254480019475,-4.823653242872444,-9.223128050574587,192152.93487504876,1.8618730354446598,-11.085001086019247,1117272.4559909564,"[0.0, 0.0]","[-2.9921725659591742, -5.137505889611519]","[[192152.93487504876, 393590.36955933645], [1117272.4559909564, 448590.72992129775], [1117272.4559909564, 244505.83155601274], [192152.93487504876, 244505.83155601274]]",[0.05230040588492605],20.0,0.18537647465857238
11.486639849327062,[2.6695688640144697],[1.328084267987594],3862.9252049471743,7764.82720239558,[2908.64465309912],22.764650395531902,1.9818561639123415,1e-06,1e-06,1.4647828546921535,1.170252700198452,30.27372569320312,-4.876784025930737,-9.002823402024205,190346.7281306068,2.318887249539955,-11.32171065156416,1121258.809879211,"[0.0, 0.0]","[-3.0554106330121598, -5.245958256860202]","[[190346.7281306068, 393832.6077014807], [1121258.809879211, 449381.3298499417], [1121258.809879211, 244328.60735218503], [190346.7281306068, 244328.60735218503]]",[0.05236204435676337],20.0,0.17457733726183086
11.661217186588893,[2.6619531119490283],[1.3185524114425122],3874.444408354143,7821.903217793695,[2938.4075860249304],22.764129906348295,1.9818561639123415,1e-06,1e-06,1.4647828546921535,1.170324717911042,30.271346350338547,-4.924838518897335,-8.89821938990491,188675.69239701342,2.6440479567199873,-11.542267346624897,1125360.5538094272,"[0.0, 0.0]","[-3.115796191032468, -5.34952059623161]","[[188675.69239701342, 393972.1954824935], [1125360.5538094272, 450011.8612556062], [1125360.5538094272, 244195.81007654723], [188675.69239701342, 244195.81007654723]]",[0.05243442416793048],20.0,0.17637748437283984
11.837594670961732,[2.6224287173379217],[1.3093812554888304],3885.9062097649958,7782.69277542473,[2967.7423542421743],22.763715917467515,1.9818561639123415,1e-06,1e-06,1.4647828546921535,1.1704168191410518,30.269175365395938,-4.971012049375948,-8.640547839880583,186984.64731455356,3.1264705850875885,-11.767018424968171,1129389.7236205884,"[0.0, 0.0]","[-3.177653765174137, -5.4555802640538635]","[[186984.64731455356, 394241.4235132293], [1129389.7236205884, 450822.59481602046], [1129389.7236205884, 244053.3496412674], [186984.64731455356, 244053.3496412674]]",[0.052451059281881],20.0,0.17637748437283984
12.01397215533457,[2.6160240086141675],[1.3008615072065806],3897.103511116724,7837.0497494603305,[2995.786630265671],22.763416115655914,1.9818561639123415,1e-06,1e-06,1.4647828546921535,1.170528210484823,30.267251860805118,-5.014656614763087,-8.31883148632113,185278.68793166152,3.6765295165800467,-11.995361002901177,1132903.409607117,"[0.0, 0.0]","[-3.240204062645986, -5.562806616139694]","[[185278.68793166152, 394564.51215460786], [1132903.409607117, 451699.2455418347], [1132903.409607117, 243889.61371389785], [185278.68793166152, 243889.61371389785]]",[0.05243372030737329],20.0,0.17151557989373514
12.185487735228307,[2.5825413418120937],[1.2929800659606434],3907.4032886252176,7804.47494719096,[3022.0135572795084],22.763223917803657,1.9818561639123415,1e-06,1e-06,1.4647828546921535,1.1706523540216613,30.26551866907033,-5.054680018668574,-7.948726227627105,183621.43558835072,4.2700312124343895,-12.218757440061495,1136017.7945131732,"[0.0, 0.0]","[-3.30129179037024, -5.667571691689021]","[[183621.43558835072, 394926.18248393707], [1136017.7945131732, 452610.390501259], [1136017.7945131732, 243720.852690246], [183621.43558835072, 243720.852690246]]",[0.05238892343599738],20.0,0.16985006452616316
12.35533779975447,[2.5780519682747225],[1.2855720946824323],3917.2808010689496,7855.610370863935,[3047.11094560326],22.76312550632569,1.9818561639123415,1e-06,1e-06,1.4647828546921535,1.1707897485782142,30.263885249842417,-5.092033565676408,-7.580862644104059,181980.2057585421,4.860684663372069,-12.441547307476128,1138957.8439229452,"[0.0, 0.0]","[-3.3619287819979022, -5.771548637652736]","[[181980.2057585421, 395284.68739286286], [1138957.8439229452, 453513.58751110116], [1138957.8439229452, 243555.7708745161], [181980.2057585421, 243555.7708745161]]",[0.05232987297628311],20.0,0.16116734282489004
12.516505142579359,[2.560606587613946],[1.2803352128606635],3926.040489318111,7851.885224436992,[3066.4160837583513],22.763109157690035,1.9818561639123415,1e-06,1e-06,1.4647828546921535,1.1709315521529566,30.26244257781883,-5.125413068174228,-7.2214633537291775,180440.8257217412,5.430475508135544,-12.651938861864721,1141925.9114671852,"[0.0, 0.0]","[-3.4193412545610076, -5.870024541501447]","[[180440.8257217412, 395632.33461669885], [1141925.9114671852, 454386.04208669084], [1141925.9114671852, 243414.08581829476], [180440.8257217412, 243414.08581829476]]",[0.05219102275919921],20.0,0.17071229191861073
12.687217434497969,[2.542539237372804],[1.2888968548034847],3932.9241701840347,7758.273273022614,[3051.3878248106043],22.763247349209045,1.9818561639123415,1e-06,1e-06,1.4647828546921535,1.1711018177234578,30.261115064839203,-5.155913325419883,-6.404364686630174,178971.3199690498,6.449724870586181,-12.854089557216355,1145479.839460754,"[0.0, 0.0]","[-3.4785507843787062, -5.971580244106154]","[[178971.3199690498, 396361.9596809929], [1145479.839460754, 455782.11485404556], [1145479.839460754, 243228.31701164483], [178971.3199690498, 243228.31701164483]]",[0.05135274101038896],20.0,0.17071229191861073
12.857929726416579,[2.517362724507428],[1.2956016035422246],3936.3444140958813,7648.3439598838495,[3038.2367568346353],22.76361192503257,1.9818561639123415,1e-06,1e-06,1.4647828546921535,1.1712983149390053,30.259795705824047,-5.178657520429853,-5.331518890053758,177645.79961755645,7.706027103116071,-13.037545993169829,1149184.37063484,"[0.0, 0.0]","[-3.5342830078420393, -6.06725343990512]","[[177645.79961755645, 397301.057903595], [1149184.37063484, 457441.8290991456], [1149184.37063484, 242986.90489178675], [177645.79961755645, 242986.90489178675]]",[0.050518752785737336],20.0,0.1724725847718011
13.03040231118838,[2.4994024751867174],[1.300395169380849],3936.997803489053,7567.039840305119,[3027.5395481233268],22.764138440631395,1.9818561639123415,1e-06,1e-06,1.4647828546921535,1.1715079546338527,30.258178421585626,-5.194554228120905,-4.164672617803319,176478.74820635686,9.035282771026061,-13.19995538882938,1153961.7377924412,"[0.0, 0.0]","[-3.58542033899101, -6.155157218690682]","[[176478.74820635686, 398313.4702376374], [1153961.7377924412, 459203.5489972476], [1153961.7377924412, 242740.15997070476], [176478.74820635686, 242740.15997070476]]",[0.049721393202215365],20.0,0.1724725847718011
13.202874895960182,[2.486541548260265],[1.3032923096306637],3935.1708479158824,7507.88272173443,[3019.407709872131],22.76475787154758,1.9818561639123415,1e-06,1e-06,1.4647828546921535,1.1717157651929733,30.256303440738748,-5.204362781414277,-3.0429177077405143,175505.77191085712,10.293080567748916,-13.33599827548943,1159456.6429804182,"[0.0, 0.0]","[-3.630227769572029, -6.232267593804577]","[[175505.77191085712, 399281.8751149871], [1159456.6429804182, 460888.9131111011], [1159456.6429804182, 242534.8589482077], [175505.77191085712, 242534.8589482077]]",[0.04901075927725574],20.0,0.18034415637504655
13.383219052335228,[2.4776796552045766],[1.3050189875184113],3932.686646207008,7466.510285900613,[3013.509139576044],22.765447645027987,1.9818561639123415,1e-06,1e-06,1.4647828546921535,1.1719197529141483,30.25439386329191,-5.208989340301132,-1.944292601267989,174706.23801838592,11.503938566080649,-13.448231167348638,1165427.3763403906,"[0.0, 0.0]","[-3.669287398101929, -6.299597527489671]","[[174706.23801838592, 400225.74726726254], [1165427.3763403906, 462520.4302132268], [1165427.3763403906, 242345.82129902026], [174706.23801838592, 242345.82129902026]]",[0.0483750618359619],20.0,0.18418470918971946
13.567403761524947,[2.4766634631201243],[1.3043871100396542],3924.67459081811,7451.850826262488,[3008.8265673667975],22.76612651744272,1.9818561639123415,1e-06,1e-06,1.4647828546921535,1.1721024063549987,30.25284302544651,-5.209370106982097,-1.0757052205167952,174113.1132468952,12.456043708646973,-13.531748929163768,1169457.7443832217,"[0.0, 0.0]","[-3.7006132996590613, -6.353718524626283]","[[174113.1132468952, 400970.8230585144], [1169457.7443832217, 463782.09571577894], [1169457.7443832217, 242211.90456472547], [174113.1132468952, 242211.90456472547]]",[0.047902653022552234],20.0,0.192590816911292
13.759994578436238,[2.478400988080323],[1.3010160884712634],3910.9678580273567,7450.289577183412,[3006.0872364944175],22.766761488628383,1.9818561639123415,1e-06,1e-06,1.4647828546921535,1.1722592030716508,30.252160541747287,-5.206481633223264,-0.3953531416636906,173709.37429752306,13.193373213466543,-13.588726355130234,1172931.6390286223,"[0.0, 0.0]","[-3.724392494819714, -6.394927335552755]","[[173709.37429752306, 401552.8279712146], [1172931.6390286223, 464765.05229450774], [1172931.6390286223, 242135.83073699084], [173709.37429752306, 242135.83073699084]]",[0.04755547313870597],20.0,0.20399678483950726
13.963991363275746,[2.490315934351196],[1.2958768275980563],3894.49922352251,7484.147618128929,[3005.3004580235242],22.767325998953957,1.9818561639123415,1e-06,1e-06,1.4647828546921535,1.1723859482114,30.252996367771516,-5.200982958881551,0.11521867386318263,173483.0858382838,13.735925048595675,-13.620706374732492,1176219.0024053815,"[0.0, 0.0]","[-3.740551485014286, -6.423080603243005]","[[173483.0858382838, 401987.644510038], [1176219.0024053815, 465503.30815397674], [1176219.0024053815, 242097.47489977346], [173483.0858382838, 242097.47489977346]]",[0.04731589476885179],20.0,0.21073639065690689
14.174727753932652,[2.4830276089599366],[1.2904615811818514],3879.648899026076,7464.98421171924,[3006.404030620542],22.76786472816574,1.9818561639123415,1e-06,1e-06,1.4647828546921535,1.1724902095581373,30.255810965183798,-5.191887574390281,0.45757611735615455,173414.7455454934,14.08794702242136,-13.630370905065206,1179436.866509293,"[0.0, 0.0]","[-3.749206674487197, -6.438327960322445]","[[173414.7455454934, 402277.10119871586], [1179436.866509293, 466006.518421029], [1179436.866509293, 242078.81494176883], [173414.7455454934, 242078.81494176883]]",[0.0471745099634704],20.0,0.2176986582511069
14.39242641218376,[2.486184336246067],[1.2859853897550537],3869.798297275082,7481.447291519824,[3009.208602293823],22.768511075046526,1.9818561639123415,1e-06,1e-06,1.4647828546921535,1.1725953183952869,30.2607953870708,-5.176419974082861,0.6880507982539825,173486.00780449293,14.308344021319499,-13.620293223065516,1182676.4101064254,"[0.0, 0.0]","[-3.7513797123959045, -6.442417136470077]","[[173486.00780449293, 402468.9934101184], [1182676.4101064254, 466346.0378859314], [1182676.4101064254, 242064.8496812054], [173486.00780449293, 242064.8496812054]]",[0.047109390043099685],20.0,0.2176986582511069
14.610125070434867,[2.4894573107109736],[1.2834350237472356],3867.413342466109,7501.556557832836,[3013.3300641698643],22.76892433064417,1.9818561639123415,1e-06,1e-06,1.4647828546921535,1.1726501195112722,30.2677260218465,-5.163650846427077,0.7902773010482633,173668.11111823353,14.38483271527707,-13.594555414228807,1185914.2346544396,"[0.0, 0.0]","[-3.748116055534805, -6.43711563927903]","[[173668.11111823353, 402550.27612760314], [1185914.2346544396, 466509.8063522988], [1185914.2346544396, 242050.61643794837], [173668.11111823353, 242050.61643794837]]",[0.04711307356215292],20.0,0.2500700906181082
14.860195161052975,[2.492049110832784],[1.283320107988694],3874.510056411216,7523.819880080391,[3019.1298587876176],22.76917629402316,1.9818561639123415,1e-06,1e-06,1.4647828546921535,1.1726667699854256,30.277748854726156,-5.151960714784046,0.8571893115959597,173961.96907058114,14.410256293561247,-13.553066981965287,1189657.659381345,"[0.0, 0.0]","[-3.7395783126186126, -6.422750539815849]","[[173961.96907058114, 402599.03066542355], [1189657.659381345, 466618.4417032017], [1189657.659381345, 242030.94844066378], [173961.96907058114, 242030.94844066378]]",[0.04715960012510248],20.0,0.29337239663490317
15.153567557687877,[2.490055728074622],[1.2870877592150354],3895.827367300648,7537.036369185236,[3026.8544933382177],22.76926523849516,1.9818561639123415,1e-06,1e-06,1.4647828546921535,1.1726445458642205,30.29192752030167,-5.141272857896114,0.918548332938883,174369.54864733873,14.414161462499635,-13.495613129560752,1194084.927521838,"[0.0, 0.0]","[-3.725461088935628, -6.398796682470256]","[[174369.54864733873, 402640.2281907257], [1194084.927521838, 466712.75002769247], [1194084.927521838, 242005.7687324064], [174369.54864733873, 242005.7687324064]]",[0.04724107006345602],20.0,0.29639749416780936
15.449965051855687,[2.4927466683802484],[1.2949273572047089],3929.8437182161447,7564.984075233899,[3034.798590323468],22.769188194617676,1.9818561639123415,1e-06,1e-06,1.4647828546921535,1.17259205154835,30.308517626105413,-5.133828073897373,0.9173677703882959,174803.86102134362,14.351873869681924,-13.434506099293628,1198533.6916027628,"[0.0, 0.0]","[-3.7094097575325935, -6.371381118139076]","[[174803.86102134362, 402628.14922050113], [1198533.6916027628, 466727.21287071344], [1198533.6916027628, 241979.94053035005], [174803.86102134362, 241979.94053035005]]",[0.047345443410240426],20.0,0.31395129224966994
15.763916344105356,[2.4928479608999767],[1.3068253468758673],3977.3064241306724,7586.951257848777,[3043.487359377388],22.769009594333674,1.9818561639123415,1e-06,1e-06,1.4647828546921535,1.172518953634842,30.328268602132027,-5.127855941605585,0.9763540465202141,175281.67010458,14.343769852788967,-13.367415806268752,1203235.5792067507,"[0.0, 0.0]","[-3.691261797177837, -6.3403479299830225]","[[175281.67010458, 402665.5804485613], [1203235.5792067507, 466806.1793110749], [1203235.5792067507, 241958.90812799396], [175281.67010458, 241958.90812799396]]",[0.047450248540976764],20.0,0.31395129224966994
16.077867636355027,[2.49330513802647],[1.3218755039673598],4034.5221257013322,7609.865464108787,[3052.1195934053367],22.768734497860404,1.9818561639123415,1e-06,1e-06,1.4647828546921535,1.1724303118605697,30.350077250527875,-5.124189577805221,1.0245107878697013,175760.792096968,14.324795025271953,-13.300284237402252,1207890.5849198517,"[0.0, 0.0]","[-3.6727697684172345, -6.308675792208817]","[[175760.792096968, 402693.88106879673], [1207890.5849198517, 466870.0962730554], [1207890.5849198517, 241944.07468227606], [175760.792096968, 241944.07468227606]]",[0.047558423064915804],20.0,0.32432355354433046
16.40219118989936,[2.491386300305301],[1.340235723996308],4102.124287804123,7625.506520831245,[3060.7483552015983],22.76836098492255,1.9818561639123415,1e-06,1e-06,1.4647828546921535,1.172325665640551,30.374613630739645,-5.122862955978147,1.0297703610758049,176238.1186338538,14.263316362964645,-13.23354600188884,1212609.1065612428,"[0.0, 0.0]","[-3.6539291816789707, -6.276386948915424]","[[176238.1186338538, 402686.1279364544], [1212609.1065612428, 466887.64049688797], [1212609.1065612428, 241934.39761909127], [176238.1186338538, 241934.39761909127]]",[0.047674084819083425],20.0,0.31271033919893815
16.714901529098295,[2.4908122076031267],[1.3601417741592203],4174.195938089324,7644.157687861124,[3068.9417951813352],22.767953690345593,1.9818561639123415,1e-06,1e-06,1.4647828546921535,1.172219138546961,30.40007439426529,-5.123217334416266,1.0933387247375776,176688.1977870623,14.264085122764584,-13.170746398027006,1217083.4073382705,"[0.0, 0.0]","[-3.6363831922028425, -6.246275234677762]","[[176688.1977870623, 402728.16396209114], [1217083.4073382705, 466971.74807758833], [1217083.4073382705, 241932.6831428048], [176688.1977870623, 241932.6831428048]]",[0.04777040145030068],20.0,0.326982299170643
17.041883828268936,[2.4906708290959028],[1.3829943966393963],4255.971553512756,7664.690633276737,[3077.359940036303],22.76748510345613,1.9818561639123415,1e-06,1e-06,1.4647828546921535,1.1721015392366316,30.42849911832252,-5.1247594839612916,1.1415449951152254,177152.56261449298,14.247629111187337,-13.106084116072111,1221675.461035953,"[0.0, 0.0]","[-3.618208734098064, -6.215134198979773]","[[177152.56261449298, 402756.9160438257], [1221675.461035953, 467037.6606844249], [1221675.461035953, 241938.5241476414], [177152.56261449298, 241938.5241476414]]",[0.04787374441979471],20.0,0.3564031812681581
17.398287009537096,[2.4916597640799765],[1.4100334234137204],4351.800255601713,7690.034447512682,[3086.31000041539],22.76692724492821,1.9818561639123415,1e-06,1e-06,1.4647828546921535,1.1719673003447328,30.46147134784877,-5.127905657901676,1.18104673686787,177647.17790997238,14.2184014163617,-13.03735467949383,1226572.65144731,"[0.0, 0.0]","[-3.5988506159535008, -6.181960916883421]","[[177647.17790997238, 402777.5767089387], [1226572.65144731, 467094.1583016609], [1226572.65144731, 241952.4045944804], [177647.17790997238, 241952.4045944804]]",[0.04798622569769229],20.0,0.3681779597564778
17.766464969293573,[2.489994124207196],[1.4401486118060152],4457.462542499892,7706.882087522658,[3095.14067226022],22.76629044567895,1.9818561639123415,1e-06,1e-06,1.4647828546921535,1.1718208525000755,30.497558125878584,-5.133087578445933,1.181956048227562,178135.3280363677,14.151625786757677,-12.969669738530115,1231490.171783774,"[0.0, 0.0]","[-3.579498521913718, -6.14878440997082]","[[178135.3280363677, 402765.8926976661], [1231490.171783774, 467108.3020752597], [1231490.171783774, 241971.90926744867], [178135.3280363677, 241971.90926744867]]",[0.04810420906934246],20.0,0.3612262060358406
18.127691175329414,[2.489781383975333],[1.4715407116618082],4567.042900134677,7727.233302115615,[3103.579033825795],22.765671304539318,1.9818561639123415,1e-06,1e-06,1.4647828546921535,1.1716804863206571,30.5347945370807,-5.138620876160378,1.238307779772299,178598.32692067995,14.143913431032672,-12.905605651260373,1236197.1223520027,"[0.0, 0.0]","[-3.5613881226224846, -6.117693722996944]","[[178598.32692067995, 402801.57266350224], [1236197.1223520027, 467186.28257223935], [1236197.1223520027, 241999.42856049575], [178598.32692067995, 241999.42856049575]]",[0.048203665718598576],20.0,0.37316032667167165
18.500851502001087,[2.4901522820789594],[1.5057230198717275],4685.93214060723,7749.555834375365,[3112.0810924484804],22.764999054399997,1.9818561639123415,1e-06,1e-06,1.4647828546921535,1.171531013568774,30.57502932549812,-5.1452910277770565,1.2594904256180826,179068.67976961512,14.100146867490707,-12.840656441872625,1240921.326818983,"[0.0, 0.0]","[-3.542987595912171, -6.086152442868082]","[[179068.67976961512, 402807.4330886573], [1240921.326818983, 467222.1650030166], [1240921.326818983, 242033.6523666354], [179068.67976961512, 242033.6523666354]]",[0.04831318861331125],20.0,0.3901911970257801
18.891042699026865,[2.4908986009968217],[1.54320782014668],4815.880342549992,7773.33386418796,[3120.694620438256],22.764279089743134,1.9818561639123415,1e-06,1e-06,1.4647828546921535,1.1713736644710837,30.6188438021627,-5.153043280293398,1.2895537410439601,179544.86694670783,14.064590656040934,-12.775036914996974,1245719.5838378223,"[0.0, 0.0]","[-3.524319267458432, -6.054141186761657]","[[179544.86694670783, 402820.63538322184], [1245719.5838378223, 467268.498216479], [1245719.5838378223, 242075.24046785897], [179544.86694670783, 242075.24046785897]]",[0.048422003179368504],20.0,0.36479750559756563
19.25584020462443,[2.490325961187348],[1.5798186122944489],4942.049277638667,7790.333347001292,[3128.238418751811],22.76358825276605,1.9818561639123415,1e-06,1e-06,1.4647828546921535,1.1712262976046888,30.66123967412642,-5.161359669241463,1.254691981015128,179962.56093352725,13.972281429263717,-12.717589448248589,1250040.6887921179,"[0.0, 0.0]","[-3.50783017830119, -6.025811593526853]","[[179962.56093352725, 402780.5802827856], [1250040.6887921179, 467241.59603869077], [1250040.6887921179, 242116.9137710243], [179962.56093352725, 242116.9137710243]]",[0.04852915179904809],20.0,0.36479750559756563
19.620637710221995,[2.4872191247561886],[1.6174959924203276],5072.24812414502,7799.581945797992,[3135.864415067391],22.76288791761267,1.9818561639123415,1e-06,1e-06,1.4647828546921535,1.1710786701709437,30.70484716312501,-5.170209424867408,1.229514685017591,180383.23004374708,13.889352419187276,-12.659837734169685,1254264.5312181157,"[0.0, 0.0]","[-3.491884485059032, -5.998452913716996]","[[180383.23004374708, 402748.603650993], [1254264.5312181157, 467223.35891007085], [1254264.5312181157, 242163.67892289328], [180383.23004374708, 242163.67892289328]]",[0.04863708920435178],20.0,0.386402215084079
20.007039925306074,[2.4833180876242213],[1.6586634244087304],5214.195856900201,7806.59095347891,[3143.612971847452],22.76213913579183,1.9818561639123415,1e-06,1e-06,1.4647828546921535,1.170922713099373,30.752199217050133,-5.180088409941918,1.1946442649243636,180814.44242284197,13.79539168595403,-12.600747421029666,1258616.134722636,"[0.0, 0.0]","[-3.4756046080636285, -5.970539725073178]","[[180814.44242284197, 402708.1685329342], [1258616.134722636, 467193.2128253384], [1258616.134722636, 242216.54975298262], [180814.44242284197, 242216.54975298262]]",[0.0487494899081801],20.0,0.3946309159445098
20.401670841250585,[2.4803164077548985],[1.7018498404195714],5362.8157365397,7815.895120233558,[3151.168575023963],22.761385172459647,1.9818561639123415,1e-06,1e-06,1.4647828546921535,1.170767249734119,30.80161212712892,-5.190380047654655,1.1555600838016744,181234.13471074414,13.698901184800036,-12.543341100998362,1262911.826474249,"[0.0, 0.0]","[-3.459761842980574, -5.9433550421942885]","[[181234.13471074414, 402664.4579879447], [1262911.826474249, 467159.2814270294], [1262911.826474249, 242274.19376091962], [181234.13471074414, 242274.19376091962]]",[0.04885924802928688],20.0,0.40303485264781924
20.804705693898406,[2.475184416307357],[1.7469412366594588],5517.678240375236,7817.819459623456,[3158.479589689157],22.76060263524056,1.9818561639123415,1e-06,1e-06,1.4647828546921535,1.1706085760107112,30.852977312298208,-5.201723395881329,1.0728832201110663,181635.55508191357,13.56141411030734,-12.488530890196273,1267127.5923503255,"[0.0, 0.0]","[-3.444487754913191, -5.917145313574351]","[[181635.55508191357, 402584.41340213304], [1267127.5923503255, 467079.09155318805], [1267127.5923503255, 242334.92874010862], [181635.55508191357, 242334.92874010862]]",[0.04897271657360781],20.0,0.3919250618358494
21.196630755734255,[2.4714926297861597],[1.791543485769026],5670.72877822128,7822.955173691534,[3165.2755421602847],22.759882324364504,1.9818561639123415,1e-06,1e-06,1.4647828546921535,1.1704626213899076,30.90361157660294,-5.212191454235105,1.0303122488888334,182009.63902137592,13.467850359616534,-12.4375381107277,1271089.7959183056,"[0.0, 0.0]","[-3.430361919615383, -5.892890199449579]","[[182009.63902137592, 402538.89364891406], [1271089.7959183056, 467043.4658102408], [1271089.7959183056, 242398.70031699212], [182009.63902137592, 242398.70031699212]]",[0.0490705609866157],20.0,0.3881192430651661
21.58474999879942,[2.4682364839040885],[1.8362925552343448],5824.148370366683,7828.4777958896775,[3171.688712544725],22.759188114213124,1.9818561639123415,1e-06,1e-06,1.4647828546921535,1.1703226773919613,30.954285464199586,-5.2224335833621,0.962972556350735,182364.07645177763,13.352271258909298,-12.389298702558563,1274862.2375002312,"[0.0, 0.0]","[-3.417045992145032, -5.8700264378201235]","[[182364.07645177763, 402472.95737507596], [1274862.2375002312, 466978.83876129787], [1274862.2375002312, 242464.99094063582], [182364.07645177763, 242464.99094063582]]",[0.04916898497253238],20.0,0.3742216648226068
21.958971663622027,[2.4746946949643203],[1.8798501296235817],5973.418158432721,7863.598270164758,[3177.6033973670174],22.758511817369147,1.9818561639123415,1e-06,1e-06,1.4647828546921535,1.1701877073364888,31.0034890410264,-5.232720536068241,0.8734303783961082,182692.80736712692,13.218053611013659,-12.34462323261755,1278366.1456595948,"[0.0, 0.0]","[-3.4046483658619393, -5.8487441136468385]","[[182692.80736712692, 402388.9214431048], [1278366.1456595948, 466887.556852986], [1278366.1456595948, 242529.80474518018], [182692.80736712692, 242529.80474518018]]",[0.04926621071402148],20.0,0.3742216648226068
22.333193328444633,[2.461934002532648],[1.9237467114569755],6123.559850589534,7836.686671340562,[3183.1424657520392],22.757846743703745,1.9818561639123415,1e-06,1e-06,1.4647828546921535,1.1700561427238987,31.05287929152132,-5.243111018227279,0.7580436364467573,183000.96380429034,13.06084436330815,-12.302800726861392,1281728.5244443885,"[0.0, 0.0]","[-3.392918342008706, -5.828604199516557]","[[183000.96380429034, 402283.57674251846], [1281728.5244443885, 466767.57992759714], [1281728.5244443885, 242595.52624052126], [183000.96380429034, 242595.52624052126]]",[0.049363288696092925],20.0,0.3524213194298059
22.685614647874438,[2.459227964026337],[1.965199978611981],6265.335035325944,7840.366013920922,[3188.1412087899294],22.757242792491123,1.9818561639123415,1e-06,1e-06,1.4647828546921535,1.1699372925832776,31.099433533431238,-5.252714822897451,0.6719974316530397,183277.12976550212,12.937363939454883,-12.265366507801843,1284788.3648788598,"[0.0, 0.0]","[-3.382495892793602, -5.810694661455673]","[[183277.12976550212, 402203.80707285774], [1284788.3648788598, 466681.1399217912], [1284788.3648788598, 242659.34235589692], [183277.12976550212, 242659.34235589692]]",[0.04944592218947537],20.0,0.3640645459467014
23.049679193821138,[2.4569069603903335],[2.0080585997797225],6411.877170249264,7845.082633784387,[3193.0727374951243],22.7566307175188,1.9818561639123415,1e-06,1e-06,1.4647828546921535,1.1698171535300608,31.147468791333893,-5.262515577767422,0.5542076943747247,183552.19197421937,12.78233324835412,-12.228125553979396,1287829.4688939909,"[0.0, 0.0]","[-3.3721238996662866, -5.792900511595838]","[[183552.19197421937, 402097.24780309043], [1287829.4688939909, 466557.60098679346], [1287829.4688939909, 242726.46049153554], [183552.19197421937, 242726.46049153554]]",[0.049535452211084],20.0,0.3640645459467014
23.41374373976784,[2.4545322307076125],[2.0508546336143074],6558.1895140128,7849.063153181258,[3197.783697840654],22.756027382550513,1.9818561639123415,1e-06,1e-06,1.4647828546921535,1.1696995461284918,31.19533825982637,-5.272357127413733,0.42694285502813045,183814.11332981725,12.619646993130573,-12.192704138102442,1290757.8436291546,"[0.0, 0.0]","[-3.3622056083276806, -5.775877108518328]","[[183814.11332981725, 401983.0089281978], [1290757.8436291546, 466423.60611256084], [1290757.8436291546, 242794.12523316804], [183814.11332981725, 242794.12523316804]]",[0.04962374408984544],20.0,0.3640645459467014
23.77780828571454,[2.45373838791277],[2.0935084609678296],6703.9331693675385,7857.47871306627,[3202.2479461431494],22.75543749674567,1.9818561639123415,1e-06,1e-06,1.4647828546921535,1.169585295072213,31.242935798715507,-5.282139570439971,0.29181582850503673,184062.0874024028,12.451020949127667,-12.15920512062263,1293582.9707039085,"[0.0, 0.0]","[-3.352783657992298, -5.759702486941144]","[[184062.0874024028, 401862.47406861046], [1293582.9707039085, 466280.6217441427], [1293582.9707039085, 242862.4813557918], [184062.0874024028, 242862.4813557918]]",[0.04971033826125226],20.0,0.3640645459467014
24.14187283166124,[2.459596597460697],[2.135942841077456],6848.793608553171,7886.573148095345,[3206.449852889491],22.754858368787257,1.9818561639123415,1e-06,1e-06,1.4647828546921535,1.1694739993223906,31.290159909994543,-5.291940493177153,0.14306222165191684,184295.94831747838,12.27070707576695,-12.127644854115033,1296297.3224633054,"[0.0, 0.0]","[-3.3438838307832555, -5.744423181247857]","[[184295.94831747838, 401730.7813349857], [1296297.3224633054, 466122.2461949304], [1296297.3224633054, 242930.83562157812], [184295.94831747838, 242930.83562157812]]",[0.049796193640049925],20.0,0.3640645459467014
24.50593737760794,[2.447258910941629],[2.1781095825944625],6992.459862726188,7856.519178468006,[3210.334281894621],22.754301616596358,1.9818561639123415,1e-06,1e-06,1.4647828546921535,1.1693678056285495,31.33692552141156,-5.301552231240149,-0.013807044925954415,184511.353812226,12.08479574508209,-12.098602790008044,1298894.809640038,"[0.0, 0.0]","[-3.3356252883208923, -5.730234683552773]","[[184511.353812226, 401592.69902686257], [1298894.809640038, 465955.7907890896], [1298894.809640038, 242999.25797851093], [184511.353812226, 242999.25797851093]]",[0.049878497037567596],20.0,0.34817403860105267
24.85411141620899,[2.4451452051552414],[2.2180282887233074],7128.438769894004,7858.361395598684,[3213.862873677377],22.753830979017703,1.9818561639123415,1e-06,1e-06,1.4647828546921535,1.169277060524291,31.3811358371226,-5.309462891522336,-0.15559494933171436,184706.45672466428,11.916725855852064,-12.072320805183779,1301287.611549784,"[0.0, 0.0]","[-3.328200860217435, -5.717479322171206]","[[184706.45672466428, 401467.86676604307], [1301287.611549784, 465806.2375682597], [1301287.611549784, 243065.34638360707], [184706.45672466428, 243065.34638360707]]",[0.0499525063130661],20.0,0.35967694428591096
25.213788360494902,[2.443338590242108],[2.258794947290817],7267.241932853188,7860.975906849209,[3217.309274385206],22.753449691197474,1.9818561639123415,1e-06,1e-06,1.4647828546921535,1.1692004302638188,31.426211517389106,-5.3151513440646125,-0.33206548884396625,184899.67006026334,11.714249172851282,-12.046314661695249,1303665.8649663634,"[0.0, 0.0]","[-3.320883713534144, -5.704922492493095]","[[184899.67006026334, 401313.7821390498], [1303665.8649663634, 465616.41231293377], [1303665.8649663634, 243133.43298965084], [184899.67006026334, 243133.43298965084]]",[0.050033867493723426],20.0,0.3862717898108575
25.60006015030576,[2.44177640329598],[2.3019686074931967],7414.220084816388,7864.515438228574,[3220.8171999749134],22.75306211701783,1.9818561639123415,1e-06,1e-06,1.4647828546921535,1.169121828930669,31.47386609644866,-5.320770101301176,-0.5652091481118191,185101.0247503934,11.454026070635166,-12.019235218746985,1306123.7470661928,"[0.0, 0.0]","[-3.3132845754772307, -5.691894001326906]","[[185101.0247503934, 401111.6109118641], [1306123.7470661928, 465360.7535368845], [1306123.7470661928, 243204.61347499015], [185101.0247503934, 243204.61347499015]]",[0.050130119505086744],20.0,0.4039010614764554
26.00396121178222,[2.4399593382360636],[2.346363577795218],7565.334359268946,7867.11334571673,[3224.280512561392],22.752685832471805,1.9818561639123415,1e-06,1e-06,1.4647828546921535,1.169045179950804,31.52275037404536,-5.326144629569291,-0.8061504805826871,185298.37812572648,11.18656566962943,-11.992716150212118,1308606.128563746,"[0.0, 0.0]","[-3.3057544946392348, -5.678975402937463]","[[185298.37812572648, 400902.94380573125], [1308606.128563746, 465097.42055107845], [1308606.128563746, 243277.75566568214], [185298.37812572648, 243277.75566568214]]",[0.05022675904873028],20.0,0.4125024123030209
26.41646362408524,[2.437931489782175],[2.390837071241555],7716.671990285048,7868.674058858647,[3227.602617972542],22.75233438543677,1.9818561639123415,1e-06,1e-06,1.4647828546921535,1.1689734045564246,31.57159983746402,-5.331116708525357,-1.035930327882852,185484.39472547188,10.931810245330666,-11.967740573213518,1311057.2495630367,"[0.0, 0.0]","[-3.2986207691141654, -5.666726710515476]","[[185484.39472547188, 400703.98487959336], [1311057.2495630367, 464848.75929136726], [1311057.2495630367, 243352.39152113852], [185484.39472547188, 243352.39152113852]]",[0.05031746775281161],20.0,0.44961813651222104
26.86608176059746,[2.447128537164046],[2.438255060259695],7877.886442305269,7906.556225274344,[3230.952565506501],22.751989382842176,1.9818561639123415,1e-06,1e-06,1.4647828546921535,1.1689025766748844,31.62356717180222,-5.335909499067734,-1.2782653076417319,185670.93412595775,10.66444907453814,-11.942714382179872,1313625.416453226,"[0.0, 0.0]","[-3.291478198946694, -5.654469038301608]","[[185670.93412595775, 400494.3934294198], [1313625.416453226, 464588.176816582], [1313625.416453226, 243434.22471964988], [185670.93412595775, 243434.22471964988]]",[0.050409765087946826],20.0,0.4299934288044007
27.29607518940186,[2.4397543324820075],[2.4824731409322456],8028.1173963740475,7889.968224237209,[3233.919136526585],22.751697675882696,1.9818561639123415,1e-06,1e-06,1.4647828546921535,1.1688422924926205,31.671943790554565,-5.339873678797955,-1.4829702212130087,185833.67695765634,10.437926513168804,-11.920896734381813,1315978.049858758,"[0.0, 0.0]","[-3.2852378238213955, -5.643741783836101]","[[185833.67695765634, 400317.1949867466], [1315978.049858758, 464371.2962653271], [1315978.049858758, 243512.5530966191], [185833.67695765634, 243512.5530966191]]",[0.050487307916547326],20.0,0.44961813651222104
27.745693325914083,[2.4309708228719136],[2.5274953976321535],8180.960031878713,7868.53070403606,[3236.785332840932],22.75142754955563,1.9818561639123415,1e-06,1e-06,1.4647828546921535,1.1687857741776901,31.721124994863317,-5.343389916280989,-1.6985257642743932,185991.2664540532,10.201258363918726,-11.899784128193119,1318322.6931771294,"[0.0, 0.0]","[-3.2792127190243767, -5.633397970657758]","[[185991.2664540532, 400130.95750399533], [1318322.6931771294, 464142.63978020166], [1318322.6931771294, 243594.24007656373], [185991.2664540532, 243594.24007656373]]",[0.05056554069482424],20.0,0.45425435563547306
28.199947681549556,[2.428779966113798],[2.5716266915667227],8330.77318361573,7868.021854399458,[3239.495534455018],22.75118965582113,1.9818561639123415,1e-06,1e-06,1.4647828546921535,1.1687352462980267,31.769292246640646,-5.346324045783502,-1.8990051938343413,186138.78726424588,9.981027871160677,-11.880033064995018,1320580.1865241032,"[0.0, 0.0]","[-3.2736008686997984, -5.623758427420136]","[[186138.78726424588, 399957.7062905285], [1320580.1865241032, 463931.48786023486], [1320580.1865241032, 243676.39648107722], [186138.78726424588, 243676.39648107722]]",[0.05063786218645088],20.0,0.4951267939091405
28.695074475458696,[2.4275515923264392],[2.6181604877588724],8488.765217782642,7870.761023879375,[3242.2631299615127],22.750961798656924,1.9818561639123415,1e-06,1e-06,1.4647828546921535,1.1686858617238074,31.820032081671116,-5.348909274545683,-2.1405712222682496,186289.84679932252,9.719249618400966,-11.859820840669215,1322926.4418036134,"[0.0, 0.0]","[-3.2678609211404117, -5.613914886217249]","[[186289.84679932252, 399749.6514199493], [1322926.4418036134, 463673.74133846955], [1322926.4418036134, 243764.85334690966], [186289.84679932252, 243764.85334690966]]",[0.050720520764907885],20.0,0.43322100613360215
29.1282954815923,[2.4243540646945667],[2.6574962649384015],8622.343169831147,7865.904831838438,[3244.5363267635694],22.75079575350606,1.9818561639123415,1e-06,1e-06,1.4647828546921535,1.1686492282111813,31.862863908799625,-5.350644953059882,-2.275951765296213,186408.13155505536,9.568051123088082,-11.844002888384296,1324878.6149588272,"[0.0, 0.0]","[-3.2633463444213997, -5.606136952854886]","[[186408.13155505536, 399632.13311671704], [1324878.6149588272, 463537.20669205114], [1324878.6149588272, 243841.4709198853], [186408.13155505536, 243841.4709198853]]",[0.050771185252960184],20.0,0.3790553095978307
29.50735079119013,[2.4225598357285705],[2.6908811428941486],8735.57168791092,7864.503851886816,[3246.361033440321],22.750670086624222,1.9818561639123415,1e-06,1e-06,1.4647828546921535,1.1686208068208122,31.89913235884802,-5.351798740888914,-2.404544972495728,186505.9113237136,9.42638794856316,-11.830932921058888,1326505.4631202882,"[0.0, 0.0]","[-3.259661726306318, -5.599794958314807]","[[186505.9113237136, 399520.89355879853], [1326505.4631202882, 463404.49970042496], [1326505.4631202882, 243907.81025977363], [186505.9113237136, 243907.81025977363]]",[0.05081680934850134],20.0,0.4070830093553989
29.91443380054553,[2.4209903373772734],[2.7255596710774115],8853.352877063899,7864.0295408723105,[3248.2696933816073],22.750546172339558,1.9818561639123415,1e-06,1e-06,1.4647828546921535,1.1685919644264535,31.936815195319014,-5.352749639871052,-2.5570196206965647,186609.5744881669,9.260062740041235,-11.8170823607378,1328174.3676053104,"[0.0, 0.0]","[-3.2557539938128444, -5.593099151013854]","[[186609.5744881669, 399389.3202140044], [1328174.3676053104, 463243.9760570214], [1328174.3676053104, 243977.32123531107], [186609.5744881669, 243977.32123531107]]",[0.05086973934217245],20.0,0.4889573491954612
30.403391149740994,[2.4192145134116245],[2.7656552059703605],8989.66316455358,7863.570104986892,[3250.464173967578],22.750414071278684,1.9818561639123415,1e-06,1e-06,1.4647828546921535,1.168560324817895,31.980346435027286,-5.353559015597805,-2.7291943482436523,186728.7255857468,9.071975488987391,-11.801169837231043,1330084.6359823262,"[0.0, 0.0]","[-3.2512382092388172, -5.585366724091764]","[[186728.7255857468, 399240.6794208582], [1330084.6359823262, 463062.85933261947], [1330084.6359823262, 244058.821438536], [186728.7255857468, 244058.821438536]]",[0.050930008634116536],20.0,0.5
30.903391149740994,[2.4171260871970164],[2.8048300833154],9123.122168571655,7862.05792697221,[3252.6470044801536],22.75030059821975,1.9818561639123415,1e-06,1e-06,1.4647828546921535,1.1685322274010936,32.02287382931593,-5.35404326433377,-2.8713492877754447,186841.2990530609,8.914793724118681,-11.786143011894126,1331942.8294890965,"[0.0, 0.0]","[-3.2469576152762327, -5.578017046508052]","[[186841.2990530609, 399117.55733784], [1331942.8294890965, 462918.1323431675], [1331942.8294890965, 244140.68515671234], [186841.2990530609, 244140.68515671234]]",[0.050981468498641276],20.0,0.5
31.403391149740994,[2.415168511838066],[2.8422976793052723],9250.65557383848,7860.5039220434155,[3254.639948937216],22.75020580752531,1.9818561639123415,1e-06,1e-06,1.4647828546921535,1.1685077375115138,32.06343923173972,-5.354214320917885,-2.9942781549042934,186946.7478182616,8.777795462476035,-11.772073617380329,1333693.1174946085,"[0.0, 0.0]","[-3.2429701446119, -5.571168751900145]","[[186946.7478182616, 399010.85649692855], [1333693.1174946085, 462793.3346493851], [1333693.1174946085, 244220.52487310642], [186946.7478182616, 244220.52487310642]]",[0.05102717931707805],20.0,0.5
31.903391149740994,[2.4133321217416857],[2.8779735880685866],9372.26316677996,7859.135277535945,[3256.5494018552486],22.75012622165479,1.9818561639123415,1e-06,1e-06,1.4647828546921535,1.1684861372189832,32.10205508319507,-5.354120149827496,-3.104098324103745,187046.64792615874,8.65465192120871,-11.758750245312456,1335339.337161551,"[0.0, 0.0]","[-3.239207403018573, -5.564707780677649]","[[187046.64792615874, 398915.36966309854], [1335339.337161551, 462682.41221791954], [1335339.337161551, 244298.05993501382], [187046.64792615874, 244298.05993501382]]",[0.05106947525579863],20.0,0.5
32.403391149741,[2.4116119148427737],[2.9118844905699377],9487.980885349421,7857.910512937495,[3258.364442709181],22.750058336545216,1.9818561639123415,1e-06,1e-06,1.4647828546921535,1.1684667712867394,32.1387292986152,-5.353824308583528,-3.2034718717100077,187141.8912721833,8.542581217484496,-11.746053089194504,1336885.5356696541,"[0.0, 0.0]","[-3.2356245116475484, -5.558557802444042]","[[187141.8912721833, 398828.8256950173], [1336885.5356696541, 462582.1688586335], [1336885.5356696541, 244372.83241137376], [187141.8912721833, 244372.83241137376]]",[0.05110891885783761],20.0,0.5
32.903391149741,[2.4099883212061033],[2.9440640136076843],9597.903607625885,7856.770605369943,[3260.0865889001248],22.749999265581472,1.9818561639123415,1e-06,1e-06,1.4647828546921535,1.1684491299272215,32.17349205481116,-5.353386068549713,-3.2948212121319784,187232.80567527705,8.439116516794172,-11.73393772892615,1338336.441975755,"[0.0, 0.0]","[-3.232193655914166, -5.552670313202031]","[[187232.80567527705, 398749.17097940174], [1338336.441975755, 462489.8409670791], [1338336.441975755, 244444.50052949906], [187232.80567527705, 244444.50052949906]]",[0.05114609855066994],20.0,0.5
33.403391149741,[2.415155953394313],[2.974590427559105],9702.212613360354,7877.5068786470965,[3261.6969796819435],22.749948902200384,1.9818561639123415,1e-06,1e-06,1.4647828546921535,1.168433358003585,32.20641090615385,-5.3528463990955855,-3.3789743044409875,187317.8944110062,8.343628548031177,-11.722602852472164,1339694.9239021905,"[0.0, 0.0]","[-3.2289729643297447, -5.547139571718134]","[[187317.8944110062, 398675.7486407309], [1339694.9239021905, 462404.9312080304], [1339694.9239021905, 244513.10112526745], [187317.8944110062, 244513.10112526745]]",[0.05118058712594079],20.0,0.5
33.903391149741,[2.420851790870766],[3.0034759468133183],9800.926376532403,7899.710399210908,[3263.194561931207],22.74990630433119,1.9818561639123415,1e-06,1e-06,1.4647828546921535,1.1684192893573484,32.23750741335289,-5.352226566539484,-3.461335731963004,187397.4536116409,8.250672472509905,-11.712008204472909,1340964.674619128,"[0.0, 0.0]","[-3.225960911099443, -5.541966863013835]","[[187397.4536116409, 398603.9868188908], [1340964.674619128, 462321.16877872637], [1340964.674619128, 244578.45100859602], [187397.4536116409, 244578.45100859602]]",[0.051213730438683394],20.0,0.5
34.403391149741,[2.417942699355492],[3.030764346017555],9894.173909615802,7893.568367446587,[3264.580409432628],22.749870619346503,1.9818561639123415,1e-06,1e-06,1.4647828546921535,1.1684067920253087,32.26683050168174,-5.351546267208946,-3.5415616944060844,187471.35252299102,8.160608761415517,-11.702170455821602,1342150.1351888636,"[0.0, 0.0]","[-3.2231545516781184, -5.537147451646666]","[[187471.35252299102, 398534.1802319284], [1342150.1351888636, 462239.1114571189], [1342150.1351888636, 244640.40379461434], [187471.35252299102, 244640.40379461434]]",[0.051245332922203304],20.0,0.5
34.903391149741,[2.413394710616605],[3.056494119367363],9982.07697047472,7881.805369381125,[3265.8583922094454],22.74984183762671,1.9818561639123415,1e-06,1e-06,1.4647828546921535,1.1683959315981367,32.2944270466524,-5.350820115912052,-3.6150483781123057,187539.28779632426,8.07808089787784,-11.693129275990145,1343253.9963359463,"[0.0, 0.0]","[-3.22057643531358, -5.532717550597143]","[[187539.28779632426, 398470.22672491625], [1343253.9963359463, 462164.28875157], [1343253.9963359463, 244699.20553769064], [187539.28779632426, 244699.20553769064]]",[0.05127414217689989],20.0,0.5
35.403391149741,[2.4092958228470387],[3.0807422200069525],10064.912703794347,7871.269454838415,[3267.041506566438],22.749819174658608,1.9818561639123415,1e-06,1e-06,1.4647828546921535,1.1683865389650794,32.32039662808074,-5.350056917321607,-3.6812277242059963,187601.9342791497,8.003566491150252,-11.684794215356249,1344282.3007862705,"[0.0, 0.0]","[-3.218209017469696, -5.528648620549163]","[[187601.9342791497, 398412.58842256945], [1344282.3007862705, 462097.36010967393], [1344282.3007862705, 244755.1825060169], [187601.9342791497, 244755.1825060169]]",[0.05130019968684258],20.0,0.5
35.903391149741,[2.405557967356189],[3.103427626590536],10142.78744742345,7861.972660904272,[3268.2532566633245],22.74980042886508,1.9818561639123415,1e-06,1e-06,1.4647828546921535,1.1683780535896364,32.34477624810478,-5.349262833909111,-3.7458445481263425,187660.89777820298,7.931106603696435,-11.676951151822777,1345241.8845306751,"[0.0, 0.0]","[-3.215970398287951, -5.524806094687344]","[[187660.89777820298, 398356.36891913513], [1345241.8845306751, 462033.47970607365], [1345241.8845306751, 244808.0983730783], [187660.89777820298, 244808.0983730783]]",[0.05132540135352744],20.0,0.5
36.403391149741,[2.402228536150075],[3.1247967128484233],10215.867729382735,7853.582564315857,[3269.2903469136118],22.749785715972546,1.9818561639123415,1e-06,1e-06,1.4647828546921535,1.1683705594180027,32.36761470490569,-5.3484498279075705,-3.8039342444579347,187715.73154626408,7.865724883787323,-11.669659128245257,1346138.5529980839,"[0.0, 0.0]","[-3.2138796157690717, -5.521216995083593]","[[187715.73154626408, 398305.77480028686], [1346138.5529980839, 461974.67250637634], [1346138.5529980839, 244858.1047659093], [187715.73154626408, 244858.1047659093]]",[0.05134831078078631],20.0,0.5
36.903391149741,[2.3993280067916434],[3.144845763618078],10284.431037365346,7846.401787755408,[3270.2497389039922],22.74977626424647,1.9818561639123415,1e-06,1e-06,1.4647828546921535,1.1683644470612862,32.389017054265764,-5.347631947189908,-3.848924427783686,187765.2814174605,7.814146777686119,-11.663071205469805,1346969.7384691418,"[0.0, 0.0]","[-3.2120101259265583, -5.518000184923332]","[[187765.2814174605, 398266.390920587], [1346969.7384691418, 461930.86679256515], [1346969.7384691418, 244905.7977123687], [187765.2814174605, 244905.7977123687]]",[0.05136694668241127],20.0,0.5
37.403391149741,[2.3984159280364747],[3.1636092411677588],10348.60684084484,7845.552844227934,[3271.139401851329],22.74976886444041,1.9818561639123415,1e-06,1e-06,1.4647828546921535,1.1683588102537774,32.40902877291552,-5.346799650389896,-3.8999633126318827,187812.5459485346,7.756825079453051,-11.656788392084934,1347740.1669645195,"[0.0, 0.0]","[-3.210217531887842, -5.514925010822741]","[[187812.5459485346, 398221.95902303886], [1347740.1669645195, 461878.9410485311], [1347740.1669645195, 244950.45885457774], [187812.5459485346, 244950.45885457774]]",[0.051386969457192753],20.0,0.5
37.903391149741,[2.3974996057754923],[3.181139113073465],10408.56195904338,7844.52433750576,[3271.960637077302],22.749764148006285,1.9818561639123415,1e-06,1e-06,1.4647828546921535,1.1683539112542674,32.4276970155795,-5.34597302909554,-3.946815583585476,187856.088439133,7.704185850372085,-11.65100143395756,1348455.359815404,"[0.0, 0.0]","[-3.208552878121949, -5.512067296901912]","[[187856.088439133, 398181.16563697753], [1348455.359815404, 461831.41635542706], [1348455.359815404, 244992.29622011117], [187856.088439133, 244992.29622011117]]",[0.05140530634075682],20.0,0.5
38.403391149741,[2.3966218758873152],[3.197520043096692],10464.5705769792,7843.459439980967,[3272.7146150566773],22.74976255907074,1.9818561639123415,1e-06,1e-06,1.4647828546921535,1.168349910402323,32.44511414620956,-5.345160959491102,-3.98643316501807,187895.5191200836,7.659328686406923,-11.645761851424993,1349119.0103510756,"[0.0, 0.0]","[-3.207051412285335, -5.509485799703688]","[[187895.5191200836, 398146.5970941477], [1349119.0103510756, 461792.0505310453], [1349119.0103510756, 245031.80783261172], [187895.5191200836, 245031.80783261172]]",[0.05142102753886003],20.0,0.5
38.903391149741,[2.395812953657819],[3.212798224143552],10516.818600724133,7842.487600229256,[3273.4139734304795],22.749763032687046,1.9818561639123415,1e-06,1e-06,1.4647828546921535,1.1683464745439562,32.46134467375458,-5.344352310391493,-4.024042955031007,187932.24416652165,7.616839610709349,-11.640882565740355,1349734.375402216,"[0.0, 0.0]","[-3.205652411407301, -5.507084000157046]","[[187932.24416652165, 398113.7989395495], [1349734.375402216, 461754.47094230284], [1349734.375402216, 245068.96111937275], [187932.24416652165, 245068.96111937275]]",[0.05143588023522009],20.0,0.5
39.403391149741,[2.3950460543440952],[3.2270206669944814],10565.45608136077,7841.522107008002,[3274.0590072517307],22.749765879759888,1.9818561639123415,1e-06,1e-06,1.4647828546921535,1.168343778864479,32.4764393069911,-5.343567876001502,-4.053468105116792,187965.51464266123,7.582994789546831,-11.636462894663623,1350303.5091960586,"[0.0, 0.0]","[-3.204399674732317, -5.504928505505606]","[[187965.51464266123, 398088.01069053105], [1350303.5091960586, 461726.1392122372], [1350303.5091960586, 245104.09975537597], [187965.51464266123, 245104.09975537597]]",[0.05144807184512283],20.0,0.5
39.903391149741,[2.394356109677326],[3.2402701914739294],10610.80849321552,7840.720879140628,[3274.6678104608586],22.7497692749755,1.9818561639123415,1e-06,1e-06,1.4647828546921535,1.1683412372763446,32.49050008465662,-5.342785283584607,-4.0846997118571835,187997.5799474569,7.547504183713841,-11.632203895571024,1350833.194686621,"[0.0, 0.0]","[-3.203181211508191, -5.502839364461897]","[[187997.5799474569, 398060.72908083594], [1350833.194686621, 461694.98973262584], [1350833.194686621, 245136.94714301013], [187997.5799474569, 245136.94714301013]]",[0.051460766210719204],20.0,0.5
40.403391149741,[2.3936846805344136],[3.252614180116963],10653.056425131062,7839.8655830701555,[3275.229041997223],22.749774180672624,1.9818561639123415,1e-06,1e-06,1.4647828546921535,1.1683393000135625,32.50358269419047,-5.342048275695594,-4.106403090185211,188026.30866198835,7.5219854613521875,-11.628388551537398,1351323.181960909,"[0.0, 0.0]","[-3.202104818990704, -5.500984811866238]","[[188026.30866198835, 398041.58982663846], [1351323.181960909, 461674.8011532735], [1351323.181960909, 245167.98973979126], [188026.30866198835, 245167.98973979126]]",[0.05147043422341884],20.0,0.5
40.903391149741,[2.3930986141999835],[3.2640425990014386],10692.218418472617,7839.2154219428085,[3275.759459065781],22.749778875662507,1.9818561639123415,1e-06,1e-06,1.4647828546921535,1.1683373236443066,32.51569495181445,-5.341315209990149,-4.132505070248101,188054.47170420314,7.492143702362284,-11.624648772610385,1351775.3771803787,"[0.0, 0.0]","[-3.201033665770936, -5.499150701247965]","[[188054.47170420314, 398018.7496064811], [1351775.3771803787, 461648.65003297507], [1351775.3771803787, 245196.7127341982], [188054.47170420314, 245196.7127341982]]",[0.05148144877389973],20.0,0.5
41.403391149741,[2.3925200304255103],[3.274672150033437],10728.632176867768,7838.48465012343,[3276.2461966637547],22.749784393680386,1.9818561639123415,1e-06,1e-06,1.4647828546921535,1.1683358058529987,32.526940903694594,-5.340636351715512,-4.150553962113349,188079.55943254486,7.47076377058994,-11.62131773270329,1352193.4202128681,"[0.0, 0.0]","[-3.2000883038847214, -5.497522054154176]","[[188079.55943254486, 398002.7986367376], [1352193.4202128681, 461631.8153640358], [1352193.4202128681, 245223.70432460058], [188079.55943254486, 245223.70432460058]]",[0.05148981336045112],20.0,0.5
41.903391149741,[2.392011571957333],[3.2844953811847635],10762.333626371252,7837.9244260832165,[3276.7084064186224],22.74978962773152,1.9818561639123415,1e-06,1e-06,1.4647828546921535,1.1683342650252466,32.53733531586454,-5.339969511932496,-4.172052704144619,188103.92327735267,7.446030433813576,-11.618083137958195,1352579.352364087,"[0.0, 0.0]","[-3.1991571608165, -5.495927857047955]","[[188103.92327735267, 397983.95278862107], [1352579.352364087, 461610.3126589682], [1352579.352364087, 245248.6477957053], [188103.92327735267, 245248.6477957053]]",[0.05149922767501091],20.0,0.5
42.403391149741,[2.3915116644253254],[3.2935821634623363],10793.49119146639,7837.290464655825,[3277.1282621107803],22.74979540102159,1.9818561639123415,1e-06,1e-06,1.4647828546921535,1.1683331113975464,32.5469307751257,-5.339357907472321,-4.1870029227263785,188125.42207933904,7.428226260386339,-11.615229183112717,1352934.5440236633,"[0.0, 0.0]","[-3.1983420113654613, -5.494523603733615]","[[188125.42207933904, 397970.7195045206], [1352934.5440236633, 461596.40461133514], [1352934.5440236633, 245271.92843263998], [188125.42207933904, 245271.92843263998]]",[0.05150637301945302],20.0,0.5
42.903391149741,[2.3910638840111145],[3.301987891736426],10822.324794879401,7836.754950808189,[3277.5180133044746],22.749801110662737,1.9818561639123415,1e-06,1e-06,1.4647828546921535,1.168332082956163,32.555802359625204,-5.338778525870653,-4.201418002272135,188145.54819090047,7.411139680019517,-11.612557682291651,1353260.8868269385,"[0.0, 0.0]","[-3.1975833277419103, -5.493220821030141]","[[188145.54819090047, 397957.97651160497], [1353260.8868269385, 461582.73495658505], [1353260.8868269385, 245293.63926956747], [188145.54819090047, 245293.63926956747]]",[0.05151324883059599],20.0,0.5
43.403391149741,[2.3906550385305936],[3.309749481963163],10848.967360862676,7836.284475741169,[3277.8817309241363],22.74980654247016,1.9818561639123415,1e-06,1e-06,1.4647828546921535,1.1683310781578848,32.56398937064915,-5.3382214304142215,-4.216847305094404,188164.64297924883,7.39317597785265,-11.610023282947054,1353562.0193344888,"[0.0, 0.0]","[-3.1968522193245796, -5.491967482763651]","[[188164.64297924883, 397944.4052172558], [1353562.0193344888, 461567.49876695895], [1353562.0193344888, 245313.63790794517], [188164.64297924883, 245313.63790794517]]",[0.051520313535844846],20.0,0.5
43.903391149741,[2.3902616571678634],[3.3168837814327397],10873.451853490142,7835.787069763319,[3278.213096991091],22.749812106123557,1.9818561639123415,1e-06,1e-06,1.4647828546921535,1.1683302944184848,32.571502793738944,-5.337706523094934,-4.228579311615704,188181.77337726182,7.379170470540998,-11.607749782156702,1353837.7610527717,"[0.0, 0.0]","[-3.1961990574176933, -5.490844733954461]","[[188181.77337726182, 397934.0126159465], [1353837.7610527717, 461556.43586506165], [1353837.7610527717, 245332.15550583065], [188181.77337726182, 245332.15550583065]]",[0.05152606470201833],20.0,0.5
44.403391149741,[2.3899006797423024],[3.323498222084798],10896.145659350963,7835.330178548711,[3278.517071844834],22.749817666730312,1.9818561639123415,1e-06,1e-06,1.4647828546921535,1.1683296802474095,32.57846088543408,-5.337230252995921,-4.237934928435493,188197.32078953207,7.367751582039546,-11.605686510475039,1354091.7392418492,"[0.0, 0.0]","[-3.1956133114026324, -5.4898361308061965]","[[188197.32078953207, 397925.6720686253], [1354091.7392418492, 461547.9983053397], [1354091.7392418492, 245349.4996748295], [188197.32078953207, 245349.4996748295]]",[0.05153092107897004],20.0,0.5
44.903391149741,[2.389580179900575],[3.329604718185009],10917.114797128266,7834.960407894116,[3278.802056443283],22.749822877814882,1.9818561639123415,1e-06,1e-06,1.4647828546921535,1.168329049109034,32.584884398794486,-5.336771343362282,-4.248881318218082,188212.24923315912,7.354824187756321,-11.603705505974403,1354325.7330481093,"[0.0, 0.0]","[-3.195044370890272, -5.488860916633996]","[[188212.24923315912, 397916.0046435619], [1354325.7330481093, 461537.34991495305], [1354325.7330481093, 245365.5074084979], [188212.24923315912, 245365.5074084979]]",[0.05153619499695013],20.0,0.5
45.403391149741,[2.389273381926543],[3.3351992167344715],10936.320362234437,7834.572221833276,[3279.060605243936],22.749827938777784,1.9818561639123415,1e-06,1e-06,1.4647828546921535,1.1683285602367448,32.59076066229903,-5.336353806926924,-4.2569457144102785,188225.5808635122,7.344990787574318,-11.601936501984596,1354538.9862784676,"[0.0, 0.0]","[-3.194539616013267, -5.487992452172168]","[[188225.5808635122, 397908.8169446112], [1354538.9862784676, 461529.94844467554], [1354538.9862784676, 245380.27897550777], [188225.5808635122, 245380.27897550777]]",[0.051540432054135],20.0,0.5
45.903391149741,[2.388998423835935],[3.3403403076850418],10953.976924582517,7834.241782897498,[3279.2996867357983],22.74983271259642,1.9818561639123415,1e-06,1e-06,1.4647828546921535,1.1683281012576319,32.596157127199035,-5.335960461838264,-4.265175524920778,188238.04213561412,7.335107551054477,-11.600283075975256,1354734.5160861237,"[0.0, 0.0]","[-3.194065264034029, -5.487178020039779]","[[188238.04213561412, 397901.5137872373], [1354734.5160861237, 461522.12393605494], [1354734.5160861237, 245393.8844960529], [188238.04213561412, 245393.8844960529]]",[0.05154461233658684],20.0,0.5
46.403391149741,[2.3887415993007726],[3.3450585706277134],10970.179318097955,7833.920732817574,[3279.517857900873],22.749837275876196,1.9818561639123415,1e-06,1e-06,1.4647828546921535,1.1683277283468878,32.601104103072146,-5.335599397817217,-4.271884974395107,188249.33223131343,7.326900146878131,-11.598785121273238,1354913.0765084694,"[0.0, 0.0]","[-3.1936374965845125, -5.486442462568752]","[[188249.33223131343, 397895.5280080393], [1354913.0765084694, 461515.94288904004], [1354913.0765084694, 245406.449624619], [188249.33223131343, 245406.449624619]]",[0.051548199800009575],20.0,0.5
46.903391149741,[2.3885101527306527],[3.3493670772603634],10984.982934235431,7833.642195902761,[3279.719027757528],22.74984155819326,1.9818561639123415,1e-06,1e-06,1.4647828546921535,1.1683273703723052,32.605618814902016,-5.335258772345122,-4.27895343224111,188259.88804368605,7.318431221310959,-11.59738465355207,1355075.9972136857,"[0.0, 0.0]","[-3.1932336048125345, -5.48574983114337]","[[188259.88804368605, 397889.2594103903], [1355075.9972136857, 461509.13121347426], [1355075.9972136857, 245417.92652174886], [188259.88804368605, 245417.92652174886]]",[0.05155180187293206],20.0,0.5
47.403391149741,[2.3882915866812353],[3.3533229767889607],10998.57283737947,7833.36384679754,[3279.902625994996],22.749845707447612,1.9818561639123415,1e-06,1e-06,1.4647828546921535,1.168327091674184,32.60975879130956,-5.334944212789049,-4.28468686370951,188269.43237619672,7.311431570466652,-11.596118434176162,1355225.30189561,"[0.0, 0.0]","[-3.1928687615062645, -5.4851228313065885]","[[188269.43237619672, 397884.1471586271], [1355225.30189561, 461503.7911667081], [1355225.30189561, 245428.51256240104], [188269.43237619672, 245428.51256240104]]",[0.05155487233572955],20.0,0.5
47.903391149741,[2.388091394845129],[3.3569495824935376],11011.030345346246,7833.107459590683,[3280.070216951923],22.74984968842943,1.9818561639123415,1e-06,1e-06,1.4647828546921535,1.1683268754782983,32.613550482109986,-5.334654028177657,-4.289503889760681,188278.10038010078,7.305464628352922,-11.594968518113603,1355361.7098699862,"[0.0, 0.0]","[-3.192539069363607, -5.484555917628429]","[[188278.10038010078, 397879.83376885916], [1355361.7098699862, 461499.41750939534], [1355361.7098699862, 245438.28179250282], [188278.10038010078, 245438.28179250282]]",[0.051557555425157685],20.0,0.5
48.403391149741,[2.387909902943109],[3.3602723604075804],11022.446036853053,7832.8793689999875,[3280.2239981273715],22.749853443144204,1.9818561639123415,1e-06,1e-06,1.4647828546921535,1.1683266905759306,32.617022324121876,-5.334384652512514,-4.293966620730373,188286.0779401487,7.299943613505889,-11.593910234236262,1355486.3093784903,"[0.0, 0.0]","[-3.192235925682244, -5.484035030698488]","[[188286.0779401487, 397875.83907978924], [1355486.3093784903, 461495.3336327076], [1355486.3093784903, 245447.27436550765], [188286.0779401487, 245447.27436550765]]",[0.05156004491650829],20.0,0.5
48.903391149741,[2.3877436058463855],[3.363313312054175],11032.894503557076,7832.670007408992,[3280.364771255471],22.749856953399718,1.9818561639123415,1e-06,1e-06,1.4647828546921535,1.168326533457434,32.620197349102796,-5.334136388225827,-4.297914044370771,188293.37955005624,7.295027606496092,-11.592941650866862,1355600.0017028437,"[0.0, 0.0]","[-3.191958798696573, -5.483558663313795]","[[188293.37955005624, 397872.2987432155], [1355600.0017028437, 461491.7470687347], [1355600.0017028437, 245455.54087708134], [188293.37955005624, 245455.54087708134]]",[0.051562295103354715],20.0,0.5
49.403391149741,[2.387592080085654],[3.366095272889765],11042.455102251211,7832.481320174393,[3280.4939275445267],22.74986021804708,1.9818561639123415,1e-06,1e-06,1.4647828546921535,1.1683263929742507,32.6230999788055,-5.333906775989491,-4.301570940271461,188300.10033576627,7.290479201370715,-11.592050141642176,1355703.775193295,"[0.0, 0.0]","[-3.1917033926171174, -5.483119841720686]","[[188300.10033576627, 397869.020166815], [1355703.775193295, 461488.39599175693], [1355703.775193295, 245463.12820770286], [188300.10033576627, 245463.12820770286]]",[0.0515643840182983],20.0,0.5
49.903391149741,[2.3874528603578726],[3.368637525215612],11051.192417483357,7832.306310782765,[3280.611919436484],22.749863249894492,1.9818561639123415,1e-06,1e-06,1.4647828546921535,1.1683262730635033,32.62575022139231,-5.333695932487072,-4.304789234336681,188306.23497532622,7.286447171728923,-11.591236406065605,1355798.3740389678,"[0.0, 0.0]","[-3.1914703516992673, -5.482719240420204]","[[188306.23497532622, 397866.1286244064], [1355798.3740389678, 461485.4737845802], [1355798.3740389678, 245470.08794704068], [188306.23497532622, 245470.08794704068]]",[0.05156626351283216],20.0,0.5
50.403391149741,[2.3873259520847028],[3.3709598268543144],11059.174953697726,7832.147735870585,[3280.7198903992394],22.74986606358589,1.9818561639123415,1e-06,1e-06,1.4647828546921535,1.1683261671449456,32.62816931437561,-5.333501480088882,-4.307767578182734,188311.86287801343,7.282722327089402,-11.590489905272136,1355884.6196986896,"[0.0, 0.0]","[-3.191256260030954, -5.482351373867761]","[[188311.86287801343, 397863.4540381314], [1355884.6196986896, 461482.74888512795], [1355884.6196986896, 245476.46440492352], [188311.86287801343, 245476.46440492352]]",[0.05156800145033266],20.0,0.5
50.903391149741,[2.3872094388540384],[3.3730788389618827],11066.4587564477,7832.000394693239,[3280.8182923627055],22.749868674592882,1.9818561639123415,1e-06,1e-06,1.4647828546921535,1.168326078836844,32.630374695329294,-5.333323301755286,-4.31038287235981,188316.9847794043,7.279427664644288,-11.589810537004098,1355963.1466092996,"[0.0, 0.0]","[-3.191061520006051, -5.482016585499751]","[[188316.9847794043, 397861.1004077394], [1355963.1466092996, 461480.38115164684], [1355963.1466092996, 245482.30393358166], [188316.9847794043, 245482.30393358166]]",[0.05156955960139415],20.0,0.5
51.403391149741,[2.3871033472993335],[3.375011625957327],11073.103219006372,7831.866875890681,[3280.9081704616265],22.7498710973299,1.9818561639123415,1e-06,1e-06,1.4647828546921535,1.168326002420059,32.63238476934009,-5.333159227926242,-4.312797075051151,188321.67282706412,7.276391652589098,-11.589188727640249,1356034.6603234205,"[0.0, 0.0]","[-3.1908830594233955, -5.481709922781416]","[[188321.67282706412, 397858.9288613045], [1356034.6603234205, 461478.1808206649], [1356034.6603234205, 245487.64619509084], [188321.67282706412, 245487.64619509084]]",[0.051570995698173694],20.0,0.5
51.903391149741,[2.3870060649436877],[3.3767726088530012],11079.157047741695,7831.742948307682,[3280.98996618697],22.74987334425644,1.9818561639123415,1e-06,1e-06,1.4647828546921535,1.1683259403973953,32.63421464623616,-5.333009070359498,-4.314907558738241,188325.93194132278,7.273716262495782,-11.588623821234023,1356099.7065720141,"[0.0, 0.0]","[-3.190721040807852, -5.481431373344953]","[[188325.93194132278, 397857.0259819291], [1356099.7065720141, 461476.2805003006], [1356099.7065720141, 245492.5317028753], [188325.93194132278, 245492.5317028753]]",[0.05157227932027905],20.0,0.5
52.403391149741,[2.3869175909021823],[3.378376520422715],11084.671585891081,7831.630795973701,[3281.064593861233],22.74987542780869,1.9818561639123415,1e-06,1e-06,1.4647828546921535,1.1683258877690246,32.63588017716688,-5.3328709420173395,-4.316849259133505,188329.8251262108,7.271258199331953,-11.588107458465458,1356158.8865719305,"[0.0, 0.0]","[-3.19057278021079, -5.481176595935465]","[[188329.8251262108, 397855.2759857232], [1356158.8865719305, 461474.5216868182], [1356158.8865719305, 245496.99511235332], [188329.8251262108, 245496.99511235332]]",[0.05157345951693038],20.0,0.5
52.903391149741,[2.386836568161629],[3.379835806904808],11089.688930385417,7831.526908646256,[3281.132446650168],22.749877357574185,1.9818561639123415,1e-06,1e-06,1.4647828546921535,1.1683258462861887,32.63739436687263,-5.332744658125648,-4.3185398170252824,188333.35839157744,7.26909902288287,-11.587638839908152,1356212.6644260876,"[0.0, 0.0]","[-3.1904383316301215, -5.480945439102036]","[[188333.35839157744, 397853.7482982215], [1356212.6644260876, 461473.0109363479], [1356212.6644260876, 245501.07130719692], [188333.35839157744, 245501.07130719692]]",[0.05157451232253382],20.0,0.5
53.403391149741,[2.38676297178652],[3.381163129940006],11094.253193267852,7831.43306125721,[3281.1943011648495],22.749879144465677,1.9818561639123415,1e-06,1e-06,1.4647828546921535,1.1683258117731277,32.63877078329307,-5.332628610792605,-4.32009187110458,188336.58516148262,7.2671190068545,-11.58721087795908,1356261.5484815496,"[0.0, 0.0]","[-3.190315416324655, -5.480734210920781]","[[188336.58516148262, 397852.34624361846], [1356261.5484815496, 461471.6158822831], [1356261.5484815496, 245504.79029030786], [188336.58516148262, 245504.79029030786]]",[0.05157547891945643],20.0,0.5
53.903391149741,[2.3866956620805158],[3.382369173001718],11098.40052076049,7831.346320905504,[3281.2504942833016],22.74988079610109,1.9818561639123415,1e-06,1e-06,1.4647828546921535,1.168325785540282,32.64002055251518,-5.332522634730198,-4.3214394556742945,188339.5112268341,7.265383347291731,-11.586822802966026,1356305.9310452768,"[0.0, 0.0]","[-3.1902040458602507, -5.480542727923784]","[[188339.5112268341, 397851.12540085416], [1356305.9310452768, 461470.42214106605], [1356305.9310452768, 245508.18196932148], [188339.5112268341, 245508.18196932148]]",[0.051576340212589424],20.0,0.5
54.403391149741,[2.3866345958769255],[3.3834647579922303],11102.168589713256,7831.268105535456,[3281.3016785495806],22.749882322408475,1.9818561639123415,1e-06,1e-06,1.4647828546921535,1.1683257642214113,32.641155227661045,-5.332425365343512,-4.322675653214276,188342.18130648558,7.26379302944531,-11.586468682659586,1356346.2403536388,"[0.0, 0.0]","[-3.1901023115449276, -5.480367895324868]","[[188342.18130648558, 397850.0058622312], [1356346.2403536388, 461469.3203835203], [1356346.2403536388, 245511.27224801926], [188342.18130648558, 245511.27224801926]]",[0.05157713034702538],20.0,0.5
54.903391149741,[2.386578817398272],[3.3844590051955667],11105.588260185958,7831.195962432765,[3281.3481395808],22.74988372976091,1.9818561639123415,1e-06,1e-06,1.4647828546921535,1.1683257488623893,32.64218427999782,-5.332336652925741,-4.323747155395154,188344.60064234876,7.26240066532074,-11.586147820715894,1356382.8070368364,"[0.0, 0.0]","[-3.190010206048955, -5.4802095319416]","[[188344.60064234876, 397849.0325264527], [1356382.8070368364, 461468.379997312], [1356382.8070368364, 245514.0867259803], [188344.60064234876, 245514.0867259803]]",[0.051577833925251025],20.0,0.5
55.403391149741,[2.3865282719161818],[3.3853611169675633],11108.69155203468,7831.131018800919,[3281.390424305838],22.74988502737022,1.9818561639123415,1e-06,1e-06,1.4647828546921535,1.1683257368076727,32.64311750290625,-5.332255337500772,-4.324730197094311,188346.80651831167,7.261125074375002,-11.585855271469313,1356415.9910026747,"[0.0, 0.0]","[-3.189926137990255, -5.4800650561941415]","[[188346.80651831167, 397848.13992990676], [1356415.9910026747, 461467.5115032058], [1356415.9910026747, 245516.64771319597], [188346.80651831167, 245516.64771319597]]",[0.05157847904493418],20.0,0.5
55.903391149741,[2.3864821593520817],[3.3861788410094733],11111.504685179618,7831.071228013748,[3281.4287747032],22.749886220778443,1.9818561639123415,1e-06,1e-06,1.4647828546921535,1.1683257289259947,32.64396292337915,-5.332181279685619,-4.325581374504566,188348.8036247058,7.260009037604334,-11.5855904121089,1356446.0702696892,"[0.0, 0.0]","[-3.189850088507582, -5.4799342962626385]","[[188348.8036247058, 397847.3646173375], [1356446.0702696892, 461466.7715112768], [1356446.0702696892, 245518.9770734747], [188348.8036247058, 245518.9770734747]]",[0.05157905321379266],20.0,0.5
56.403391149741,[2.386440419292108],[3.386919966774876],11114.054753070508,7831.017486430018,[3281.4636490078137],22.749887318539983,1.9818561639123415,1e-06,1e-06,1.4647828546921535,1.1683257231471673,32.644728808899,-5.332113492111185,-4.32636278818984,188350.62302075714,7.258986334684039,-11.585349122873879,1356473.3466385452,"[0.0, 0.0]","[-3.189780732363801, -5.479815101279349]","[[188350.62302075714, 397846.6532428014], [1356473.3466385452, 461466.0871738579], [1356473.3466385452, 245521.09395392702], [188350.62302075714, 245521.09395392702]]",[0.05157957947133848],20.0,0.5
56.903391149741,[2.3864023833983237],[3.3875910468035695],11116.363936922471,7830.968091271259,[3281.495252330278],22.749888325567063,1.9818561639123415,1e-06,1e-06,1.4647828546921535,1.1683257202067123,32.64542193416992,-5.332051843470028,-4.327038960848938,188352.2688975446,7.258091886566433,-11.585130847415371,1356498.053324892,"[0.0, 0.0]","[-3.1897180425064766, -5.479707309682265]","[[188352.2688975446, 397846.0356670787], [1356498.053324892, 461465.5048222319], [1356498.053324892, 245523.01696914685], [188352.2688975446, 245523.01696914685]]",[0.05158004766459837],20.0,0.5
57.403391149741,[2.38636798999851],[3.388198646815073],11118.455068914625,7830.923756384668,[3281.5239683086584],22.749889249728263,1.9818561639123415,1e-06,1e-06,1.4647828546921535,1.1683257185011182,32.64604925088514,-5.331995493785267,-4.327660338702174,188353.76711452144,7.257271817125002,-11.584932155827175,1356520.4427719065,"[0.0, 0.0]","[-3.1896609160902667, -5.479609130605106]","[[188353.76711452144, 397845.468537747], [1356520.4427719065, 461464.96530355944], [1356520.4427719065, 245524.7624810917], [188353.76711452144, 245524.7624810917]]",[0.05158047665567889],20.0,0.5
57.903391149741,[2.386336682028916],[3.388748285520833],11120.346836862549,7830.883068852883,[3281.5499706415667],22.749890095401433,1.9818561639123415,1e-06,1e-06,1.4647828546921535,1.1683257186582845,32.64661645374247,-5.3319443198242995,-4.328197880137111,188355.1214026933,7.256554672811603,-11.584752552948714,1356540.7100870311,"[0.0, 0.0]","[-3.189609320713281, -5.4795204135203885]","[[188355.1214026933, 397844.9762902925], [1356540.7100870311, 461464.5065740339], [1356540.7100870311, 245526.34627966618], [188355.1214026933, 245526.34627966618]]",[0.05158085819322267],20.0,0.5
58.403391149741,[2.386308399616819],[3.3892454749638534],11122.058406783388,7830.8465979198845,[3281.5735800022],22.749890869730535,1.9818561639123415,1e-06,1e-06,1.4647828546921535,1.168325719440953,32.64712936542452,-5.331897608561343,-4.328692506330867,188356.35326816447,7.255896680056139,-11.584589186387007,1356559.0658573692,"[0.0, 0.0]","[-3.1895623396387633, -5.47943966895333]","[[188356.35326816447, 397844.5237429258], [1356559.0658573692, 461464.08066196385], [1356559.0658573692, 245527.78228255262], [188356.35326816447, 245527.78228255262]]",[0.05158120770530514],20.0,0.5
58.903391149741,[2.3862826794565546],[3.389694844533159],11123.60546057634,7830.813173785092,[3281.594943130736],22.7498915766117,1.9818561639123415,1e-06,1e-06,1.4647828546921535,1.1683257213872498,32.64759275385779,-5.331855245679272,-4.329120431423121,188357.46600795037,7.255321187233108,-11.584441618656228,1356575.6728415804,"[0.0, 0.0]","[-3.189519937813507, -5.479366758600475]","[[188357.46600795037, 397844.13090217294], [1356575.6728415804, 461463.7186679322], [1356575.6728415804, 245529.0838319166], [188357.46600795037, 245529.0838319166]]",[0.05158151848755266],20.0,0.5
59.403391149741,[2.3862594653783615],[3.3901010037011616],11125.004025406539,7830.783250710151,[3281.61432749666],22.74989222244649,1.9818561639123415,1e-06,1e-06,1.4647828546921535,1.1683257235450963,32.648011477613124,-5.3318166277839385,-4.329514822401791,188358.47747861446,7.254792659075747,-11.584307481477538,1356590.7062212077,"[0.0, 0.0]","[-3.1894813544225546, -5.479300445646404]","[[188358.47747861446, 397843.7692408357], [1356590.7062212077, 461463.38171602704], [1356590.7062212077, 245530.26271198233], [188358.47747861446, 245530.26271198233]]",[0.051581803149356606],20.0,0.5
59.903391149741,[2.3862383728880627],[3.390467820726304],11126.267209476135,7830.755862054055,[3281.6318566600266],22.749892810688504,1.9818561639123415,1e-06,1e-06,1.4647828546921535,1.1683257263768212,32.648389513255154,-5.33178165025178,-4.329856189937004,188359.39056741027,7.254330201851815,-11.584186391788819,1356604.3013750454,"[0.0, 0.0]","[-3.1894465540107455, -5.479240604994392]","[[188359.39056741027, 397843.45514635637], [1356604.3013750454, 461463.09529286396], [1356604.3013750454, 245531.33015340168], [188359.39056741027, 245531.33015340168]]",[0.05158205624229917],20.0,0.5
60.403391149741,[2.3892512655199356],[3.391198739682374],11127.741485928036,7839.991834310022,[3281.35928918465],22.749861474242106,1.9818561639123415,1e-06,1e-06,1.4647828546921535,1.1683205790923907,32.648698227960494,-5.332515505717653,-4.580113717090285,188354.4450031937,7.004728538426548,-11.584842255516833,1356924.4744928246,"[0.0, 0.0]","[-3.189360864367692, -5.479095367573421]","[[188354.4450031937, 397632.12875873235], [1356924.4744928246, 461179.5442566746], [1356924.4744928246, 245515.25209345817], [188354.4450031937, 245515.25209345817]]",[0.05163639253506948],19.92496261495529,0.43748491443294973
60.84087606417395,[2.387092775073408],[3.392187085180066],11128.434656944484,7831.114646808634,[3280.607577796305],22.749867597823176,1.9818561639123415,1e-06,1e-06,1.4647828546921535,1.168326097277785,32.64853630198388,-5.333408447216573,-4.574335653808703,188289.2183076876,7.019157996417448,-11.59349365022615,1357179.1626161586,"[0.0, 0.0]","[-3.1911116613307553, -5.482033173503417]","[[188289.2183076876, 397638.85022174777], [1357179.1626161586, 461209.09285428456], [1357179.1626161586, 245491.57016994533], [188289.2183076876, 245491.57016994533]]",[0.0516060259141452],19.91884780096315,0.47684848891272974
61.31772455308668,[2.384864857334569],[3.392681891544251],11127.312676708942,7821.875969390596,[3279.7984109391728],22.749927714571715,1.9818561639123415,1e-06,1e-06,1.4647828546921535,1.1683428422829794,32.64811851756514,-5.333579455306876,-4.456919316198594,188209.25658220783,7.147183304760915,-11.604102620959509,1357397.9432637447,"[0.0, 0.0]","[-3.1940205592881066, -5.486981276827861]","[[188209.25658220783, 397740.31204731483], [1357397.9432637447, 461372.1127119715], [1357397.9432637447, 245487.00263939705], [188209.25658220783, 245487.00263939705]]",[0.05154338469361],19.914996497728573,0.5
61.81772455308668,[2.385503256072445],[3.392677082643727],11125.329918205583,7822.586735569548,[3279.2186368459875],22.75001895328169,1.9818561639123415,1e-06,1e-06,1.4647828546921535,1.168363534002903,32.647882971121135,-5.332760327633826,-4.317315541948574,188145.9414368279,7.295189943861033,-11.612505485809606,1357574.0968754531,"[0.0, 0.0]","[-3.196655349711309, -5.491510479189167]","[[188145.9414368279, 397860.0438003828], [1357574.0968754531, 461555.8372323994], [1357574.0968754531, 245494.58750693782], [188145.9414368279, 245494.58750693782]]",[0.05148249924603237],19.91400308120958,0.5
62.31772455308668,[2.3858420555348068],[3.3924022761040193],11123.783191088109,7823.243705763691,[3279.028336186338],22.75011168615994,1.9818561639123415,1e-06,1e-06,1.4647828546921535,1.1683816712520585,32.64798657741841,-5.331266919403305,-4.182923356790866,188113.9300608354,7.433831354248582,-11.616754711039448,1357712.2173188122,"[0.0, 0.0]","[-3.198226402226944, -5.494240946697767]","[[188113.9300608354, 397974.488127359], [1357712.2173188122, 461724.61698835687], [1357712.2173188122, 245507.32178892533], [188113.9300608354, 245507.32178892533]]",[0.05143563441099227],19.915493066388603,0.5
62.81772455308668,[2.385089565660262],[3.3920863566824906],11123.310915523562,7821.172579508547,[3279.194497395497],22.750189158044726,1.9818561639123415,1e-06,1e-06,1.4647828546921535,1.168394589083404,32.64837993854019,-5.329508246717197,-4.0687922911236,188110.3867165377,7.548432801932677,-11.617225093056277,1357820.9634649432,"[0.0, 0.0]","[-3.1986697322541464, -5.495040309546283]","[[188110.3867165377, 398071.0154350789], [1357820.9634649432, 461861.77166328375], [1357820.9634649432, 245520.78382255035], [188110.3867165377, 245520.78382255035]]",[0.051405480851526866],19.91925876218647,0.5
63.31772455308668,[2.3837200612566463],[3.391890161886424],11123.946316075668,7817.580383919113,[3279.5715029548614],22.7502434151234,1.9818561639123415,1e-06,1e-06,1.4647828546921535,1.1684017825633743,32.64894774858777,-5.327852812120665,-3.9872156749379997,188126.99688750217,7.627804463185612,-11.615020138123612,1357898.1031724727,"[0.0, 0.0]","[-3.1982590556798107, -5.494366946998545]","[[188126.99688750217, 398139.47546052723], [1357898.1031724727, 461954.9628742252], [1357898.1031724727, 245532.56925586838], [188126.99688750217, 245532.56925586838]]",[0.05139146680302255],19.923622213470228,0.5
63.81772455308668,[2.382798608062766],[3.3918656938870364],11125.387152879543,7815.626977747792,[3280.0199527151635],22.750275194843734,1.9818561639123415,1e-06,1e-06,1.4647828546921535,1.1684043720071797,32.64957607109932,-5.326512294958375,-3.9347949810324963,188153.3544217248,7.67672657726979,-11.611521558302286,1357942.4563501426,"[0.0, 0.0]","[-3.1973813756733946, -5.492878319879359]","[[188153.3544217248, 398183.0309744458], [1357942.4563501426, 462010.76446545037], [1357942.4563501426, 245541.57130209313], [188153.3544217248, 245541.57130209313]]",[0.05138863272044439],19.9288322841599,0.5
64.31772455308668,[2.38301652353538],[3.391997041357186],11127.268205733555,7817.360591052677,[3280.4474974663826],22.750288050286535,1.9818561639123415,1e-06,1e-06,1.4647828546921535,1.1684036058578129,32.650177547928706,-5.325557187555413,-3.914414685725376,188182.59544739273,7.693225997524735,-11.60764068325011,1357959.7853546776,"[0.0, 0.0]","[-3.1963147121671844, -5.491056028278604]","[[188182.59544739273, 398199.43545153114], [1357959.7853546776, 462027.6816965505], [1357959.7853546776, 245547.29981313148], [188182.59544739273, 245547.29981313148]]",[0.05139491825275011],19.933377413060768,0.5
64.81772455308668,[2.383268172823548],[3.3922298350907276],11129.229242607154,7819.027345254555,[3280.8004715604698],22.75028686993236,1.9818561639123415,1e-06,1e-06,1.4647828546921535,1.1684007818014053,32.65069252107122,-5.32498543545836,-3.9186651546952476,188209.77666537595,7.685368452577393,-11.60403360727264,1357952.2379709808,"[0.0, 0.0]","[-3.1952782256735057, -5.489277747151814]","[[188209.77666537595, 398195.0861430753], [1357952.2379709808, 462015.6818524349], [1357952.2379709808, 245550.20595561643], [188209.77666537595, 245550.20595561643]]",[0.051406609972752856],19.936565243782752,0.5
65.31772455308668,[2.3835167812899534],[3.3925180651842863],11131.039111309236,7820.450180435272,[3281.0552213535766],22.75027632043986,1.9818561639123415,1e-06,1e-06,1.4647828546921535,1.1683969365452866,32.65109700629921,-5.324749792370972,-3.9391362026216257,188231.80383605283,7.661974592541583,-11.601110795163208,1357932.0383191267,"[0.0, 0.0]","[-3.1943998573492243, -5.487764863342476]","[[188231.80383605283, 398177.1747342594], [1357932.0383191267, 461985.68830636045], [1357932.0383191267, 245550.742274945], [188231.80383605283, 245550.742274945]]",[0.051420336216486506],19.938580161965756,0.5
65.81772455308668,[2.383704834691242],[3.3928171417456774],11132.511244657007,7821.412050072897,[3281.1998936462255],22.75026039287989,1.9818561639123415,1e-06,1e-06,1.4647828546921535,1.168392900171005,32.651372059308926,-5.324797060569865,-3.968078117106529,188246.74304274638,7.631050528040873,-11.599128645147402,1357905.255990734,"[0.0, 0.0]","[-3.1937690171315682, -5.486675048702701]","[[188246.74304274638, 398152.3031505507], [1357905.255990734, 461947.4035572155], [1357905.255990734, 245549.45578470628], [188246.74304274638, 245549.45578470628]]",[0.05143341530493431],19.93964626434697,0.5
66.31772455308668,[2.383843795707343],[3.3930934189174757],11133.603604322623,7821.998571585717,[3281.2546634435607],22.750243769481123,1.9818561639123415,1e-06,1e-06,1.4647828546921535,1.168389399344168,32.651537921346176,-5.3250085887180365,-3.9976324725347467,188254.99494570965,7.600401353748168,-11.598033826282915,1357879.3739447733,"[0.0, 0.0]","[-3.1933873576940464, -5.486011230893084]","[[188254.99494570965, 398127.10045501206], [1357879.3739447733, 461910.106241228], [1357879.3739447733, 245547.2599238106], [188254.99494570965, 245547.2599238106]]",[0.0514440268635772],19.939676363065036,0.5
66.81772455308668,[2.3839776964361943],[3.3933315835375115],11134.327393700936,7822.397404420393,[3281.237662631696],22.750227925389332,1.9818561639123415,1e-06,1e-06,1.4647828546921535,1.1683865308164787,32.65161453693321,-5.3253169724028755,-4.028501607717544,188257.8100889304,7.569158728790114,-11.597660336507658,1357860.2707995898,"[0.0, 0.0]","[-3.193210604679826, -5.485701202069875]","[[188257.8100889304, 398100.93853421696], [1357860.2707995898, 461872.808126413], [1357860.2707995898, 245544.46573945708], [188257.8100889304, 245544.46573945708]]",[0.051452743768617144],19.938275196821596,0.5
67.31772455308668,[2.3839383129295997],[3.393516743325123],11134.701983498719,7822.104521431163,[3281.1690130600114],22.750216369216954,1.9818561639123415,1e-06,1e-06,1.4647828546921535,1.1683848821241338,32.651620004862366,-5.325642966996135,-4.047253060375283,188255.1874383062,7.550755227453351,-11.598008287828634,1357847.547354281,"[0.0, 0.0]","[-3.193251468247877, -5.485763290532015]","[[188255.1874383062, 398085.1675500628], [1357847.547354281, 461851.2120176017], [1357847.547354281, 245541.86834545346], [188255.1874383062, 245541.86834545346]]",[0.051456367243954367],19.93739722193876,0.5
67.81772455308668,[2.3839650636602],[3.393647728769403],11134.790364337887,7821.9524656990325,[3281.0684120050255],22.750209465309556,1.9818561639123415,1e-06,1e-06,1.4647828546921535,1.168384309492622,32.651581805423405,-5.3259317357719755,-4.06165863984387,188249.39969706896,7.537117530373905,-11.598776170217775,1357843.649305844,"[0.0, 0.0]","[-3.1934378541962554, -5.486077496004273]","[[188249.39969706896, 398073.1571875369], [1357843.649305844, 461835.71762866294], [1357843.649305844, 245539.76289863623], [188249.39969706896, 245539.76289863623]]",[0.05145760140524905],19.935075089226476,0.5
68.31772455308668,[2.3838665295179804],[3.3937207388271706],11134.679630833514,7821.38311652089,[3280.9651965298494],22.750207735583118,1.9818561639123415,1e-06,1e-06,1.4647828546921535,1.1683847251292196,32.65152381417977,-5.326131618046561,-4.064828422165647,188241.92521147899,7.534939444639804,-11.59976786680545,1357846.4656606244,"[0.0, 0.0]","[-3.193701457121978, -5.486526638973731]","[[188241.92521147899, 398070.6877963494], [1357846.4656606244, 461833.96013801405], [1357846.4656606244, 245538.34233085066], [188241.92521147899, 245538.34233085066]]",[0.05145540804492092],19.933785789651015,0.5
68.81772455308668,[2.38381631085905],[3.3937557585051477],11134.471498108858,7820.991449802601,[3280.870012582542],22.750209312120756,1.9818561639123415,1e-06,1e-06,1.4647828546921535,1.1683856682039457,32.65146330339837,-5.326251005317208,-4.06509064418259,188234.51705966523,7.535660148452337,-11.600750792634926,1357855.7376691895,"[0.0, 0.0]","[-3.1939764134992337, -5.486997774029732]","[[188234.51705966523, 398070.67331478844], [1357855.7376691895, 461835.75009918987], [1357855.7376691895, 245537.45017688893], [188234.51705966523, 245537.45017688893]]",[0.051452459211252764],19.931875377919898,0.5
69.31772455308668,[2.3837497384714372],[3.393762197090463],11134.22410307873,7820.584428853199,[3280.7908911898166],22.750213540751254,1.9818561639123415,1e-06,1e-06,1.4647828546921535,1.168386977694143,32.65140822326134,-5.326292904370344,-4.0607701173479995,188227.65724244862,7.54089087402798,-11.60166099137598,1357869.281136786,"[0.0, 0.0]","[-3.194236631059558, -5.487444701508547]","[[188227.65724244862, 398074.51568571845], [1357869.281136786, 461842.87088125246], [1357869.281136786, 245537.0367297555], [188227.65724244862, 245537.0367297555]]",[0.051448573217534314],19.93028699103838,0.5
69.81772455308668,[2.383654961395108],[3.3937474874332803],11133.976439302565,7820.13343004252,[3280.7321347656557],22.750219727395404,1.9818561639123415,1e-06,1e-06,1.4647828546921535,1.1683885068681417,32.65136307810354,-5.326265977978412,-4.051914787590249,188221.76967678932,7.550527419368905,-11.602442206959154,1357884.1409816977,"[0.0, 0.0]","[-3.194465648773086, -5.48783862338816]","[[188221.76967678932, 398082.1625138981], [1357884.1409816977, 461855.085206682], [1357884.1409816977, 245537.10614068352], [188221.76967678932, 245537.10614068352]]",[0.05144396706668785],19.929412370801952,0.5
70.31772455308668,[2.3836185255301316],[3.393725198012876],11133.755738930895,7819.910243051568,[3280.6886501741596],22.750226511765042,1.9818561639123415,1e-06,1e-06,1.4647828546921535,1.1683900129502425,32.651328503791035,-5.326197537332573,-4.0445777359344675,188217.11182342443,7.558482530710592,-11.603060266645059,1357901.7882362609,"[0.0, 0.0]","[-3.1946510318258623, -5.488158265930621]","[[188217.11182342443, 398088.49207711173], [1357901.7882362609, 461865.2845104814], [1357901.7882362609, 245537.33182368122], [188217.11182342443, 245537.33182368122]]",[0.05144016381572125],19.927923277261662,0.5
70.81772455308668,[2.383532665404762],[3.393695580603459],11133.570950939577,7819.567021814977,[3280.662830977854],22.750234083764703,1.9818561639123415,1e-06,1e-06,1.4647828546921535,1.1683915537309522,32.65130273333375,-5.326089164060238,-4.033633382327139,188213.41538405177,7.569917380572008,-11.603550762899147,1357918.1008781157,"[0.0, 0.0]","[-3.194800788028864, -5.4884160600354495]","[[188213.41538405177, 398097.8427112553], [1357918.1008781157, 461879.4280766038], [1357918.1008781157, 245537.81249332987], [188213.41538405177, 245537.81249332987]]",[0.0514358934816951],19.927339475284843,0.5
71.31772455308668,[2.3834896411904594],[3.393663194070806],11133.420708861855,7819.394976186877,[3280.6498677633845],22.750241296935215,1.9818561639123415,1e-06,1e-06,1.4647828546921535,1.1683929218215574,32.6512833994899,-5.325963226095732,-4.024642388296684,188210.93671828575,7.5792372834999355,-11.60387967179662,1357933.4471682552,"[0.0, 0.0]","[-3.194905780541922, -5.488597725767642]","[[188210.93671828575, 398105.5088239592], [1357933.4471682552, 461890.9559349575], [1357933.4471682552, 245538.3592137848], [188210.93671828575, 245538.3592137848]]",[0.05143257618065514],19.926609255120546,0.5
71.81772455308668,[2.3834661963941706],[3.3936293859283526],11133.30098427611,7819.311873103957,[3280.647271160552],22.750247828779816,1.9818561639123415,1e-06,1e-06,1.4647828546921535,1.168394086640919,32.65126727788885,-5.325832324193678,-4.01693977542385,188209.44311781164,7.587138092727969,-11.604077868151819,1357946.826861178,"[0.0, 0.0]","[-3.19497203232558, -5.488712849660239]","[[188209.44311781164, 398112.05880170804], [1357946.826861178, 461900.6792762367], [1357946.826861178, 245538.9090043361], [188209.44311781164, 245538.9090043361]]",[0.05142997636782042],19.925965222017382,0.5
72.31772455308668,[2.3834396048319983],[3.393596472912743],11133.205424676038,7819.233356029481,[3280.6509299322634],22.75025360014464,1.9818561639123415,1e-06,1e-06,1.4647828546921535,1.168395068589955,32.651250766436476,-5.32570591446788,-4.0100734127552755,188208.56661029244,7.5941207659160455,-11.604194178671321,1357958.6869858247,"[0.0, 0.0]","[-3.1950113103396114, -5.488781142378064]","[[188208.56661029244, 398117.8849566726], [1357958.6869858247, 461909.23082394403], [1357958.6869858247, 245539.37278917225], [188208.56661029244, 245539.37278917225]]",[0.051427836874131036],19.92548295233457,0.5
72.81772455308668,[2.3834067920270505],[3.393564516771092],11133.119142255779,7819.138740095642,[3280.656397494607],22.75025856406872,1.9818561639123415,1e-06,1e-06,1.4647828546921535,1.1683958894071862,32.651230331222166,-5.3255918025952385,-4.004150811022896,188207.98451744823,7.600120610254919,-11.604271421277815,1357968.8676806157,"[0.0, 0.0]","[-3.1950359594368485, -5.488824002024737]","[[188207.98451744823, 398122.90546495205], [1357968.8676806157, 461916.5619604195], [1357968.8676806157, 245539.7129909194], [188207.98451744823, 245539.7129909194]]",[0.051426059858626416],19.925199675951127,0.5
73.31772455308668,[2.383402525702125],[3.39353382884242],11133.031167911655,7819.133664971418,[3280.6601405559823],22.750262625419236,1.9818561639123415,1e-06,1e-06,1.4647828546921535,1.1683965508680858,32.65120397560065,-5.325496174323212,-4.000652775198205,188207.56449825756,7.6036743819378785,-11.604327157136083,1357978.4702691797,"[0.0, 0.0]","[-3.1950526315221057, -5.488852948452866]","[[188207.56449825756, 398125.87282983883], [1357978.4702691797, 461921.00162752136], [1357978.4702691797, 245539.89605127444], [188207.56449825756, 245539.89605127444]]",[0.05142493168526217],19.9245288450661,0.5
73.81772455308668,[2.383375069658682],[3.393501498202649],11132.931262797565,7819.047917918715,[3280.661956004459],22.75026628561118,1.9818561639123415,1e-06,1e-06,1.4647828546921535,1.1683971613212734,32.651170430598995,-5.325413260750682,-3.996637275756143,188206.99216075378,7.607765829784682,-11.604403105540825,1357986.5093100248,"[0.0, 0.0]","[-3.1950724698093746, -5.488886881371535]","[[188206.99216075378, 398129.28167368367], [1357986.5093100248, 461926.04544966476], [1357986.5093100248, 245540.00301281907], [188206.99216075378, 245540.00301281907]]",[0.051423642233165104],19.924217899680666,0.5
74.31772455308668,[2.3833737281577156],[3.393468290130257],11132.814963331113,7819.038351180818,[3280.6597886034124],22.750269407958946,1.9818561639123415,1e-06,1e-06,1.4647828546921535,1.1683976967372114,32.65112995295982,-5.3253459007784825,-3.9945218792296373,188206.3295367121,7.609969155840588,-11.604491035070225,1357994.7059475344,"[0.0, 0.0]","[-3.195095595329447, -5.488926420608224]","[[188206.3295367121, 398131.0875610539], [1357994.7059475344, 461928.8933506433], [1357994.7059475344, 245539.99024789102], [188206.3295367121, 245539.99024789102]]",[0.05142276834628896],19.923465298411635,0.5
74.81772455308668,[2.38334491001786],[3.3934315290017545],11132.67840665989,7818.932602180367,[3280.65508660338],22.750272459798325,1.9818561639123415,1e-06,1e-06,1.4647828546921535,1.1683982461759044,32.65108281752998,-5.325286001798577,-3.991312851892417,188205.39016428642,7.6133028373465095,-11.604615689238926,1358001.7826099782,"[0.0, 0.0]","[-3.1951277826581674, -5.4889812751663625]","[[188205.39016428642, 398133.8252277937], [1358001.7826099782, 461933.06185772247], [1358001.7826099782, 245539.94647760518], [188205.39016428642, 245539.94647760518]]",[0.05142154138335798],19.92311146412509,0.5
75.31772455308668,[2.3833434666562434],[3.3933927242714725],11132.52300566692,7818.908133791933,[3280.646806967196],22.750275243255327,1.9818561639123415,1e-06,1e-06,1.4647828546921535,1.1683987660862574,32.65103036677772,-5.325235671104791,-3.9896999205541874,188204.33876341526,7.615055289536599,-11.604755210090786,1358009.5701092198,"[0.0, 0.0]","[-3.1951650558164015, -5.489045001468734]","[[188204.33876341526, 398135.21741283295], [1358009.5701092198, 461935.4094889866], [1358009.5701092198, 245539.8251898733], [188204.33876341526, 245539.8251898733]]",[0.05142064151957126],19.922283676196095,0.5
75.81772455308668,[2.3833194047009965],[3.3933504020630965],11132.34946277291,7818.804824402586,[3280.6365814755354],22.75027804039157,1.9818561639123415,1e-06,1e-06,1.4647828546921535,1.168399307976331,32.65097325841373,-5.3251895100401105,-3.987221144993441,188203.05511700912,7.617704405744632,-11.604925550738074,1358017.0298414275,"[0.0, 0.0]","[-3.1952099735276125, -5.489121806138596]","[[188203.05511700912, 398137.34766688163], [1358017.0298414275, 461938.82007210865], [1358017.0298414275, 245539.68212770703], [188203.05511700912, 245539.68212770703]]",[0.05141944939185168],19.921713587096278,0.5
76.31772455308668,[2.3833063940140837],[3.393305744480368],11132.160900944644,7818.7326024398135,[3280.624187505792],22.75028089030037,1.9818561639123415,1e-06,1e-06,1.4647828546921535,1.1683998741975583,32.65091289020563,-5.325145687613948,-3.984990394262354,188201.62600434863,7.6201248016461705,-11.605115195908525,1358024.8578347103,"[0.0, 0.0]","[-3.195261126155488, -5.489209298090855]","[[188201.62600434863, 398139.27241294325], [1358024.8578347103, 461941.98642265523], [1358024.8578347103, 245539.52798689887], [188201.62600434863, 245539.52798689887]]",[0.05141825474709226],19.920989775125655,0.5
76.81772455308668,[2.3832840790093863],[3.393258420769143],11131.959864979639,7818.627238052742,[3280.6106946774717],22.750283955220862,1.9818561639123415,1e-06,1e-06,1.4647828546921535,1.1684004913812491,32.650850410241105,-5.325100421135106,-3.9821020206944127,188200.03486612928,7.6232243227127015,-11.605326343407114,1358032.8039382617,"[0.0, 0.0]","[-3.195318984916057, -5.489308190537832]","[[188200.03486612928, 398141.75733066694], [1358032.8039382617, 461945.96574855025], [1358032.8039382617, 245539.38828355496], [188200.03486612928, 245539.38828355496]]",[0.05141683872587413],19.920343313169774,0.5
77.31772455308668,[2.383262593447728],[3.393208477596194],11131.750707256962,7818.524925702479,[3280.5973404684173],22.75028713293942,1.9818561639123415,1e-06,1e-06,1.4647828546921535,1.1684011284911224,32.650787303280595,-5.325052841420023,-3.9790580768525956,188198.43887623286,7.626480059277242,-11.605538136129837,1358040.7243116014,"[0.0, 0.0]","[-3.1953782196169183, -5.489409673474116]","[[188198.43887623286, 398144.3738274532], [1358040.7243116014, 461950.1276210359], [1358040.7243116014, 245539.27567965613], [188198.43887623286, 245539.27567965613]]",[0.05141538411744841],19.919716711734463,0.5
77.81772455308668,[2.383242529065815],[3.3931568187216774],11131.538086991794,7818.428796588671,[3280.584624198253],22.750290325340178,1.9818561639123415,1e-06,1e-06,1.4647828546921535,1.168401763082382,32.650724484452894,-5.325003794831405,-3.976058077587197,188196.89192550033,7.629685344953202,-11.6057434225404,1358048.765398414,"[0.0, 0.0]","[-3.195435884610181, -5.489508643736761]","[[188196.89192550033, 398146.9518211161], [1358048.765398414, 461954.2288021523], [1358048.765398414, 245539.17359448373], [188196.89192550033, 245539.17359448373]]",[0.05141395744615957],19.919084710876533,0.5
78.31772455308668,[2.3832212186667663],[3.393104435882564],11131.325467249804,7818.330247926871,[3280.5726076493397],22.750293564809656,1.9818561639123415,1e-06,1e-06,1.4647828546921535,1.1684024028202578,32.65066249164687,-5.324953060143793,-3.9728641448110125,188195.37411663056,7.63308069817748,-11.605944842988492,1358056.8655310348,"[0.0, 0.0]","[-3.1954925560154526, -5.489605853137924]","[[188195.37411663056, 398149.69285950327], [1358056.8655310348, 461958.5509890899], [1358056.8655310348, 245539.0856606144], [188195.37411663056, 245539.0856606144]]",[0.0514124951211446],19.91847602061484,0.5
78.81772455308668,[2.383201287864311],[3.3930520079211566],11131.115059945994,7818.237882678967,[3280.5612864053232],22.750296773518027,1.9818561639123415,1e-06,1e-06,1.4647828546921535,1.1684030317258887,32.6506016640821,-5.324901722021759,-3.969756504661973,188193.9160551809,7.63638183119906,-11.606138335861033,1358065.0336150317,"[0.0, 0.0]","[-3.1955470249758924, -5.4896993714601265]","[[188193.9160551809, 398152.35931474186], [1358065.0336150317, 461962.75892347284], [1358065.0336150317, 245539.00143154658], [188193.9160551809, 245539.00143154658]]",[0.0514110757108677],19.917864344104867,0.5
79.31772455308668,[2.383180406531954],[3.393000060083659],11130.908155593634,7818.143752895608,[3280.5505330050555],22.75029999306635,1.9818561639123415,1e-06,1e-06,1.4647828546921535,1.1684036598826668,32.650542187858775,-5.324849552533676,-3.966534477436369,188192.4888240014,7.639793261078921,-11.60632773851529,1358073.1783510444,"[0.0, 0.0]","[-3.1956003480560935, -5.489790847216709]","[[188192.4888240014, 398155.1215559312], [1358073.1783510444, 461967.09231188043], [1358073.1783510444, 245538.92576299707], [188192.4888240014, 245538.92576299707]]",[0.0514096413834796],19.917275919322954,0.5
79.81772455308668,[2.383161123646126],[3.3929489167755817],11130.705586024897,7818.056057435131,[3280.5402789862014],22.750303152124708,1.9818561639123415,1e-06,1e-06,1.4647828546921535,1.1684042730076887,32.65048418271215,-5.324797628370801,-3.963465026770052,188191.11622529308,7.64304486537776,-11.606509892147812,1358081.3221725489,"[0.0, 0.0]","[-3.195651600536661, -5.489878843715003]","[[188191.11622529308, 398157.7533514882], [1358081.3221725489, 461971.2334640496], [1358081.3221725489, 245538.84868494718], [188191.11622529308, 245538.84868494718]]",[0.05140826471163365],19.916683240537242,0.5
80.31772455308668,[2.383141028268923],[3.3928988261086928],11130.507717475091,7817.966572672867,[3280.530392425713],22.750306299518616,1.9818561639123415,1e-06,1e-06,1.4647828546921535,1.1684048826133941,32.65042768231052,-5.324745608137926,-3.9603282300572573,188189.7659845899,7.646360849665655,-11.606689079722912,1358089.4026774457,"[0.0, 0.0]","[-3.195701971334013, -5.489965247740866]","[[188189.7659845899, 398160.441423017], [1358089.4026774457, 461975.4461682048], [1358089.4026774457, 245538.77594827965], [188189.7659845899, 245538.77594827965]]",[0.05140688157863412],19.916111019315984,0.5
80.81772455308668,[2.3831224677929232],[3.3928499383983786],11130.314801391263,7817.88282959692,[3280.5208021211265],22.7503093737565,1.9818561639123415,1e-06,1e-06,1.4647828546921535,1.1684054763776381,32.65037271689249,-5.324694417690044,-3.9573639147040467,188188.45800023357,7.649498745798155,-11.606862660502202,1358097.4609731906,"[0.0, 0.0]","[-3.1957507047764406, -5.490048906519522]","[[188188.45800023357, 398162.98257654137], [1358097.4609731906, 461979.44593039266], [1358097.4609731906, 245538.6990429898], [188188.45800023357, 245538.6990429898]]",[0.05140555631478483],19.91553253064291,0.5
81.31772455308668,[2.3831325047368677],[3.392802566720586],11130.126746995104,7817.892821934331,[3280.511178625185],22.750312435955287,1.9818561639123415,1e-06,1e-06,1.4647828546921535,1.1684060680767825,32.65031926139852,-5.324643502024876,-3.954402608207374,188187.15118649765,7.6526334786606185,-11.607036086867993,1358105.4252316544,"[0.0, 0.0]","[-3.1957991634699234, -5.49013200917197]","[[188187.15118649765, 398165.5211521093], [1358105.4252316544, 461983.4395060473], [1358105.4252316544, 245538.62281836916], [188187.15118649765, 245538.62281836916]]",[0.05140423352621752],19.914971790949124,0.5
81.81772455308668,[2.3832236018441124],[3.3927570906786477],11129.942961992434,7818.167362194903,[3280.5009803298735],22.75031544905362,1.9818561639123415,1e-06,1e-06,1.4647828546921535,1.168406651082583,32.65026719564838,-5.324593673537597,-3.95180475101688,188185.8454317136,7.655404622620495,-11.607209373637374,1358113.2795145027,"[0.0, 0.0]","[-3.195847419399047, -5.490214795117938]","[[188185.8454317136, 398167.75260404346], [1358113.2795145027, 461987.00491856236], [1358113.2795145027, 245538.53124831518], [188185.8454317136, 245538.53124831518]]",[0.05140299927174265],19.91439912956523,0.5
82.31772455308668,[2.3833273579939456],[3.3927133886412753],11129.76286146601,7818.481927923798,[3280.49015243321],22.750318481510003,1.9818561639123415,1e-06,1e-06,1.4647828546921535,1.1684072404977544,32.65021634950648,-5.3245441710855115,-3.9492671214156303,188184.50193437882,7.658120548783529,-11.60738767019916,1358121.0512553346,"[0.0, 0.0]","[-3.1958968716994987, -5.490299544367157]","[[188184.50193437882, 398169.93421784614], [1358121.0512553346, 461990.5072989069], [1358121.0512553346, 245538.43266191715], [188184.50193437882, 245538.43266191715]]",[0.051401765824334845],19.913835925760488,0.5
82.81772455308668,[2.383437524737749],[3.392671327383484],11129.586079344848,7818.816070452499,[3280.4787158466875],22.75032149851022,1.9818561639123415,1e-06,1e-06,1.4647828546921535,1.168407829032161,32.650166662241986,-5.324495423937515,-3.9469321003984987,188183.13500146088,7.660636977533613,-11.607569077932112,1358128.8379263817,"[0.0, 0.0]","[-3.1959470897338713, -5.490385655510802]","[[188183.13500146088, 398171.9452917615], [1358128.8379263817, 461993.77896735905], [1358128.8379263817, 245538.32380094304], [188183.13500146088, 245538.32380094304]]",[0.05140057134769952],19.913257495445826,0.5
83.31772455308668,[2.3835482544189457],[3.3926307155739943],11129.412382810424,7819.150883702423,[3280.466786945143],22.75032456766612,1.9818561639123415,1e-06,1e-06,1.4647828546921535,1.1684084304101643,32.650118150777416,-5.3244464453303895,-3.9445200273846126,188181.7223312383,7.663236529225003,-11.607756556609615,1358136.637227228,"[0.0, 0.0]","[-3.195999033677219, -5.49047465459983]","[[188181.7223312383, 398174.0227427853], [1358136.637227228, 461997.152592218], [1358136.637227228, 245538.21679235972], [188181.7223312383, 245538.21679235972]]",[0.05139934055906684],19.912688940479125,0.5
83.81772455308668,[2.383661606077889],[3.3925913816441247],11129.241929237214,7819.493628088726,[3280.4545780116136],22.750327643694742,1.9818561639123415,1e-06,1e-06,1.4647828546921535,1.168409033826531,32.650070930053005,-5.324397518020573,-3.942200865893085,188180.2964492272,7.665744923871614,-11.607945789764699,1358144.5187495146,"[0.0, 0.0]","[-3.196051553951976, -5.490564719705629]","[[188180.2964492272, 398176.0220555272], [1358144.5187495146, 462000.4229433379], [1358144.5187495146, 245538.1094370209], [188180.2964492272, 245538.1094370209]]",[0.05139812566399903],19.912108461927744,0.5
84.31772455308668,[2.3837736337671203],[3.392553237849326],11129.0749892228,7819.831751363854,[3280.442253657296],22.750330781438514,1.9818561639123415,1e-06,1e-06,1.4647828546921535,1.1684096499274454,32.65002511747031,-5.324347736241453,-3.9397383657618548,188178.844820213,7.668400075267812,-11.608138441029666,1358152.4418838634,"[0.0, 0.0]","[-3.196105168843552, -5.490656606585788]","[[188178.844820213, 398178.1431952391], [1358152.4418838634, 462003.8684870183], [1358152.4418838634, 245538.01184982288], [188178.844820213, 245538.01184982288]]",[0.05139686604848091],19.911542351891352,0.5
84.81772455308668,[2.383886813115527],[3.3925162223299585],11128.91205518448,7820.173863297261,[3280.430018855213],22.75033392209113,1.9818561639123415,1e-06,1e-06,1.4647828546921535,1.1684102651916797,32.64998084457841,-5.324297587033913,-3.937342193171787,188177.4046864758,7.670987374683648,-11.608329567855435,1358160.4478760913,"[0.0, 0.0]","[-3.196158478855444, -5.490748060519179]","[[188177.4046864758, 398180.20796911774], [1358160.4478760913, 462007.2356516062], [1358160.4478760913, 245537.91898014714], [188177.4046864758, 245537.91898014714]]",[0.05139562559827615],19.91096811491286,0.5
85.31772455308668,[2.3839974277998084],[3.392480353174167],11128.753505002049,7820.507996669572,[3280.4179675173223],22.75033711220781,1.9818561639123415,1e-06,1e-06,1.4647828546921535,1.168410889102698,32.64993817913444,-5.324246403979982,-3.9347978546738887,188175.96142221038,7.673723256616654,-11.608521111290543,1358168.473671965,"[0.0, 0.0]","[-3.1962120300033487, -5.49083987138099]","[[188175.96142221038, 398182.3980175724], [1358168.473671965, 462010.7774134182], [1358168.473671965, 245537.83840286592], [188175.96142221038, 245537.83840286592]]",[0.05139434837712796],19.910411810925684,0.5
85.81772455308668,[2.3841083463295014],[3.392445629837307],11128.599755551159,7820.843855776801,[3280.4062230718364],22.750340285788024,1.9818561639123415,1e-06,1e-06,1.4647828546921535,1.1684115072707424,32.64989717265712,-5.324194913775361,-3.932336606301533,188174.54888024507,7.676371972208187,-11.60870857850972,1358176.5481920044,"[0.0, 0.0]","[-3.1962645189966876, -5.490929947427401]","[[188174.54888024507, 398184.517000754], [1358176.5481920044, 462014.2154898713], [1358176.5481920044, 245537.7628069962], [188174.54888024507, 245537.7628069962]]",[0.051393102261611395],19.909849554602197,0.5
86.31772455308668,[2.384216148804546],[3.3924120956252404],11128.450965201184,7821.170233601024,[3280.3947903475887],22.750343487720027,1.9818561639123415,1e-06,1e-06,1.4647828546921535,1.1684121294528385,32.64985779950257,-5.324142614195571,-3.9297499953043484,188173.14664569197,7.679144683547349,-11.608894678851698,1358184.60351784,"[0.0, 0.0]","[-3.1963166914228966, -5.491019416784601]","[[188173.14664569197, 398186.7416164064], [1358184.60351784, 462017.79712461255], [1358184.60351784, 245537.69831514297], [188173.14664569197, 245537.69831514297]]",[0.05139183056949973],19.909306568506175,0.5
86.81772455308668,[2.3843239936016216],[3.3923797470620576],11128.307275935902,7821.497598894871,[3280.3837145807397],22.750346651787904,1.9818561639123415,1e-06,1e-06,1.4647828546921535,1.168412741742882,32.649820025987765,-5.3240903557625625,-3.927273276120957,188171.78309365397,7.6818023702811615,-11.609075646402118,1358192.6682445933,"[0.0, 0.0]","[-3.196367449304988, -5.491106538080069]","[[188171.78309365397, 398188.8722994472], [1358192.6682445933, 462021.24072911654], [1358192.6682445933, 245537.63667970122], [188171.78309365397, 245537.63667970122]]",[0.05139060000063758],19.90875812506905,0.5
87.31772455308668,[2.3844287184828854],[3.392348601678588],11128.168557073139,7821.815446229152,[3280.3729403183224],22.750349825380276,1.9818561639123415,1e-06,1e-06,1.4647828546921535,1.1684133547330862,32.64978375675241,-5.324037675226883,-3.9246973743336184,188170.4331013075,7.684557441012998,-11.609254815346617,1358200.6799614036,"[0.0, 0.0]","[-3.196417715826042, -5.491192747062404]","[[188170.4331013075, 398191.0864039998], [1358200.6799614036, 462024.7955971125], [1358200.6799614036, 245537.58358853328], [188170.4331013075, 245537.58358853328]]",[0.051389351818965444],19.90822852555453,0.5
87.81772455308668,[2.384533596144272],[3.39231862491684],11128.034693874253,7822.134510508336,[3280.362467174512],22.750352946246817,1.9818561639123415,1e-06,1e-06,1.4647828546921535,1.1684139555791724,32.64974890728814,-5.32398542466449,-3.92225104509248,188169.12068231966,7.687177953478454,-11.609428998570934,1358208.6721274066,"[0.0, 0.0]","[-3.196466569805767, -5.491276603003287]","[[188169.12068231966, 398193.189978366], [1358208.6721274066, 462028.188963249], [1358208.6721274066, 245537.5308636166], [188169.12068231966, 245537.5308636166]]",[0.05138814941051631],19.9076929958233,0.5
88.31772455308668,[2.3846356342577755],[3.3922897971136927],11127.905356214094,7822.44478925535,[3280.3522168660825],22.750356065328237,1.9818561639123415,1e-06,1e-06,1.4647828546921535,1.1684145556229264,32.6497153535347,-5.3239330962624365,-3.9197237151454942,188167.81861276092,7.689878094016137,-11.609601809161632,1358216.5909790052,"[0.0, 0.0]","[-3.196515021253927, -5.491359696757073]","[[188167.81861276092, 398195.3617014436], [1358216.5909790052, 462031.67262072145], [1358216.5909790052, 245537.4843347952], [188167.81861276092, 245537.4843347952]]",[0.05138693274821012],19.907175068910348,0.5
88.81772455308668,[2.384738072226263],[3.3922620526892064],11127.780286118903,7822.756878891359,[3280.342176777701],22.75035912538593,1.9818561639123415,1e-06,1e-06,1.4647828546921535,1.1684151430557401,32.64968299697978,-5.323881473999436,-3.91733384804553,188166.54862273502,7.692436515009831,-11.609770363055361,1358224.4752299206,"[0.0, 0.0]","[-3.1965622490594288, -5.491440756037911]","[[188166.54862273502, 398197.416381131], [1358224.4752299206, 462034.986550061], [1358224.4752299206, 245537.43638169905], [188166.54862273502, 245537.43638169905]]",[0.05138576180438517],19.906650492758924,0.5
89.31772455308668,[2.3848380039995702],[3.3922353454593988],11127.659081213826,7823.061070320805,[3280.332272968179],22.750362179907448,1.9818561639123415,1e-06,1e-06,1.4647828546921535,1.1684157295915527,32.64965171706723,-5.323829980354147,-3.91487101418835,188165.28364574275,7.695067238308184,-11.609938252496534,1358232.2784899313,"[0.0, 0.0]","[-3.1966092652000384, -5.491521381413576]","[[188165.28364574275, 398199.532570314], [1358232.2784899313, 462038.38252230367], [1358232.2784899313, 245537.39315043722], [188165.28364574275, 245537.39315043722]]",[0.05138457654853799],19.9061422392158,0.5
89.81772455308668,[2.3849385561663774],[3.392209591385434],11127.541453188202,7823.367611023534,[3280.3225017247623],22.750365175716677,1.9818561639123415,1e-06,1e-06,1.4647828546921535,1.1684163041400675,32.64962142505743,-5.323779316389571,-3.91254405596095,188164.0448543933,7.6975586114346015,-11.610102667395552,1358240.0428073257,"[0.0, 0.0]","[-3.1966552791349043, -5.491600349742776]","[[188164.0448543933, 398201.53322184185], [1358240.0428073257, 462041.61199675576], [1358240.0428073257, 245537.3476474831], [188164.0448543933, 245537.3476474831]]",[0.05138343439710768],19.905626813124705,0.5
90.31772455308668,[2.3850368564990934],[3.392184734456332],11127.427022619946,7823.6669416549385,[3280.3128053706505],22.750368167157433,1.9818561639123415,1e-06,1e-06,1.4647828546921535,1.1684168784034257,32.64959201993065,-5.323728849901229,-3.910144770234581,188162.80655616705,7.7001222474537485,-11.61026701768833,1358247.72626131,"[0.0, 0.0]","[-3.1967012559691677, -5.491679186165686]","[[188162.80655616705, 398203.5949688293], [1358247.72626131, 462044.92390664323], [1358247.72626131, 245537.30626037696], [188162.80655616705, 245537.30626037696]]",[0.05138227632528657],19.9051267853826,0.5
90.81772455308668,[2.3851359017881193],[3.392160685874704],11127.315540512313,7823.968922438334,[3280.303196380869],22.750371103508296,1.9818561639123415,1e-06,1e-06,1.4647828546921535,1.168417441663037,32.649563431722356,-5.323679217595799,-3.9078749495315037,188161.59027467927,7.7025534971481875,-11.610428446679691,1358255.3719276323,"[0.0, 0.0]","[-3.196746395858061, -5.491756648559851]","[[188161.59027467927, 398205.546711158], [1358255.3719276323, 462048.077895516], [1358255.3719276323, 245537.2624665506], [188161.59027467927, 245537.2624665506]]",[0.05138115819126568],19.904619398674175,0.5
91.31772455308668,[2.3852328346085745],[3.3921373932392913],11127.206694590315,7824.264081493495,[3280.293633379186],22.75037403854472,1.9818561639123415,1e-06,1e-06,1.4647828546921535,1.1684180053615452,32.6495355815909,-5.3236297625761,-3.905530087624072,188160.37194036916,7.705060061318818,-11.61059014894289,1358262.9397102736,"[0.0, 0.0]","[-3.196791604302721, -5.491834163169898]","[[188160.37194036916, 398207.56191284553], [1358262.9397102736, 462051.31820948096], [1358262.9397102736, 245537.22273070103], [188160.37194036916, 245537.22273070103]]",[0.051380022459051815],19.904126905685096,0.5
91.81772455308668,[2.385330541983443],[3.3921147723785343],11127.100298615309,7824.5619523625965,[3280.284142866145],22.750376922640605,1.9818561639123415,1e-06,1e-06,1.4647828546921535,1.168418558915095,32.649508417270624,-5.323581085709156,-3.9033075022779258,188159.17360565503,7.707441695295927,-11.610749197573853,1358270.4720613884,"[0.0, 0.0]","[-3.196836061325428, -5.4919104507067384]","[[188159.17360565503, 398209.473240063], [1358270.4720613884, 462054.40957782615], [1358270.4720613884, 245537.18079393992], [188159.17360565503, 245537.18079393992]]",[0.051378924133786794],19.90362714781167,0.5
92.31772455308668,[2.3854261848607776],[3.39209278163253],11126.996111171307,7824.85314852083,[3280.2746939652284],22.750379808221464,1.9818561639123415,1e-06,1e-06,1.4647828546921535,1.1684191134157382,32.649481877568576,-5.323532532088164,-3.9010069861262764,188157.9725043984,7.709901628058276,-11.610908614184552,1358277.9291347328,"[0.0, 0.0]","[-3.1968806226161774, -5.491986854129189]","[[188157.9725043984, 398211.45048805024], [1358277.9291347328, 462057.5908961248], [1358277.9291347328, 245537.143052693], [188157.9725043984, 245537.143052693]]",[0.051377807208710984],19.90314207803005,0.5
92.81772455308668,[2.385522571699233],[3.392071345576078],11126.89400195546,7825.1469649031405,[3280.2653212076734],22.75038264600169,1.9818561639123415,1e-06,1e-06,1.4647828546921535,1.1684196583149853,32.64945592263814,-5.323484689938259,-3.8988230480767356,188156.79097759002,7.712242385465572,-11.611065433542308,1358285.3520239396,"[0.0, 0.0]","[-3.196924455221483, -5.492062069594247]","[[188156.79097759002, 398213.32868840196], [1358285.3520239396, 462060.6300727259], [1358285.3520239396, 245537.10335523848], [188156.79097759002, 245537.10335523848]]",[0.05137672614934131],19.902649986496158,0.5
93.31772455308668,[2.3856168946002576],[3.3920504349426177],11126.793783610277,7825.43412664878,[3280.2559976672355],22.75038548687225,1.9818561639123415,1e-06,1e-06,1.4647828546921535,1.1684202043730603,32.649430502746725,-5.3234369218463575,-3.8965597133740744,188155.60707812908,7.714662855207564,-11.611222568581638,1358292.700629383,"[0.0, 0.0]","[-3.196968382400684, -5.4921373860229465]","[[188155.60707812908, 398215.27403707965], [1358292.700629383, 462063.7608393872], [1358292.700629383, 245537.06794813782], [188155.60707812908, 245537.06794813782]]",[0.05137562628065511],19.902172510286572,0.5
93.81772455308668,[2.385711909214835],[3.392029983326895],11126.695363341258,7825.723760994992,[3280.2467602094193],22.750388281693702,1.9818561639123415,1e-06,1e-06,1.4647828546921535,1.1684207410789118,32.64940558524489,-5.323389815688546,-3.894409328268921,188154.44308234923,7.716967734352977,-11.611377062621898,1358300.0146587053,"[0.0, 0.0]","[-3.1970115714058145, -5.4922114978407715]","[[188154.44308234923, 398217.123394955], [1358300.0146587053, 462066.7536158591], [1358300.0146587053, 245537.03071179552], [188154.44308234923, 245537.03071179552]]",[0.05137456154544788],19.90168828469909,0.5
94.31772455308668,[2.3858048510025314],[3.3920099723462407],11126.598587474793,7826.006733934682,[3280.237581311875],22.750391079997456,1.9818561639123415,1e-06,1e-06,1.4647828546921535,1.1684212789271196,32.64938112716169,-5.323342756026583,-3.8921797603704817,188153.27746996278,7.719352011605167,-11.611531771975649,1358307.2539406167,"[0.0, 0.0]","[-3.1970548279705886, -5.492285665418919]","[[188153.27746996278, 398219.03969939006], [1358307.2539406167, 462069.83752987074], [1358307.2539406167, 245536.99772326916], [188153.27746996278, 245536.99772326916]]",[0.05137347835230542],19.90121860665622,0.5
94.81772455308668,[2.38589843702467],[3.391990343042112],11126.503383685042,7826.292043294966,[3280.228496672611],22.750393832932865,1.9818561639123415,1e-06,1e-06,1.4647828546921535,1.1684218074934187,32.649357099810004,-5.323296332992087,-3.8900611345439415,188152.13217517803,7.721622650798281,-11.611683785342223,1358314.4571189936,"[0.0, 0.0]","[-3.197097330768587, -5.492358600786758]","[[188152.13217517803, 398220.8616978834], [1358314.4571189936, 462072.78565921145], [1358314.4571189936, 245536.96288656347], [188152.13217517803, 245536.96288656347]]",[0.051372429995008684],19.90074241033498,0.5
95.31772455308668,[2.385989953219552],[3.39197108542086],11126.409617230069,7826.570714656447,[3280.219476236943],22.750396588961685,1.9818561639123415,1e-06,1e-06,1.4647828546921535,1.1684223370729787,32.64933346465034,-5.323249950632993,-3.887864731316654,188150.98589561,7.723971198822255,-11.61183593013891,1358321.5843820064,"[0.0, 0.0]","[-3.1971398764532606, -5.49243155041709]","[[188150.98589561, 398222.74943788233], [1358321.5843820064, 462075.8230933803], [1358321.5843820064, 245536.93212788415], [188150.98589561, 245536.93212788415]]",[0.05137136377623118],19.900280635822263,0.5
95.81772455308668,[2.3860820819198683],[3.3919521461025974],11126.317226116618,7826.851626281823,[3280.2105533537433],22.750399299772074,1.9818561639123415,1e-06,1e-06,1.4647828546921535,1.1684228573817137,32.649310195828946,-5.323204198335238,-3.8857780971910074,188149.86008562986,7.726207261534455,-11.611985358725462,1358328.6736811276,"[0.0, 0.0]","[-3.197181661217356, -5.492503254426996]","[[188149.86008562986, 398224.5438589616], [1358328.6736811276, 462078.7260297592], [1358328.6736811276, 245536.8994013084], [188149.86008562986, 245536.8994013084]]",[0.051370332197122524],19.899812511971756,0.5
96.31772455308668,[2.3861721612585054],[3.3919335213294084],11126.226087559156,7827.1259690244015,[3280.2016954620117],22.75040201300102,1.9818561639123415,1e-06,1e-06,1.4647828546921535,1.1684233785587048,32.649287258761376,-5.323158494643516,-3.88361561077636,188148.73361333174,7.728519265141642,-11.612134875918002,1358335.6859443255,"[0.0, 0.0]","[-3.1972234750120494, -5.4925749496753085]","[[188148.73361333174, 398226.4023859969], [1358335.6859443255, 462081.7159094356], [1358335.6859443255, 245536.87051351718], [188148.73361333174, 245536.87051351718]]",[0.05136928335575789],19.89935861758646,0.5
96.81772455308668,[2.3862628366583754],[3.3919151619217427],11126.136146591209,7827.402495282273,[3280.192933919822],22.75040468108298,1.9818561639123415,1e-06,1e-06,1.4647828546921535,1.1684238904951292,32.64926463062915,-5.323113423598358,-3.8815618888821746,188147.62743542227,7.730719811222855,-11.61228170010503,1358342.6586878067,"[0.0, 0.0]","[-3.1972645328624276, -5.492645406617805]","[[188147.62743542227, 398228.1684479728], [1358342.6586878067, 462084.5724712727], [1358342.6586878067, 245536.83950200543], [188147.62743542227, 245536.83950200543]]",[0.05136826886659287],19.898898491533416,0.5
97.31772455308668,[2.3863514965855757],[3.3918970690047345],11126.047291209969,7827.672557366669,[3280.18423462202],22.750407350968924,1.9818561639123415,1e-06,1e-06,1.4647828546921535,1.1684244031915427,32.64924228120282,-5.323068413822069,-3.8794342419153054,188146.52063548728,7.732994365611432,-11.612428607526738,1358349.5537826358,"[0.0, 0.0]","[-3.197305616714197, -5.492715850397009]","[[188146.52063548728, 398229.996986444], [1358349.5537826358, 462087.513696273], [1358349.5537826358, 245536.8120807051], [188146.52063548728, 245536.8120807051]]",[0.051367237598183485],19.898452356792134,0.5
97.81772455308668,[2.3864407455837546],[3.391879196858484],11125.959474313298,7827.944771089276,[3280.175627899137],22.750409975947605,1.9818561639123415,1e-06,1e-06,1.4647828546921535,1.168424906727033,32.64922019132405,-5.323024040331375,-3.877414154868859,188145.43372137248,7.7351587212558,-11.61257287612466,1358356.4084149653,"[0.0, 0.0]","[-3.197345958857805, -5.492785079122563]","[[188145.43372137248, 398231.73408921435], [1358356.4084149653, 462090.3230915439], [1358356.4084149653, 245536.78239453177], [188145.43372137248, 245536.78239453177]]",[0.05136624024776419],19.89800007926115,0.5
98.31772455308668,[2.3865280192190177],[3.391861550830417],11125.872596118197,7828.210642146178,[3280.167079164623],22.750412602325294,1.9818561639123415,1e-06,1e-06,1.4647828546921535,1.168425410963368,32.649198335572066,-5.322979739255405,-3.8753218155797526,188144.34606279942,7.737395428606021,-11.612717244185774,1358363.1854289083,"[0.0, 0.0]","[-3.197386330732396, -5.492854301964562]","[[188144.34606279942, 398233.53225849237], [1358363.1854289083, 462093.2152245955], [1358363.1854289083, 245536.75608004772], [188144.34606279942, 245536.75608004772]]",[0.05136522646844347],19.897561536643533,0.5
98.81772455308668,[2.386615878082043],[3.3918440883599676],11125.786619446304,7828.478641824084,[3280.158618619133],22.750415184262124,1.9818561639123415,1e-06,1e-06,1.4647828546921535,1.168425906163908,32.64917669887649,-5.322936074716039,-3.8733355389763346,188143.2777842382,7.739523501537974,-11.612859040514309,1358369.9216706348,"[0.0, 0.0]","[-3.1974259794160504, -5.4929223404558485]","[[188143.2777842382, 398235.2402713824], [1358369.9216706348, 462095.97739875497], [1358369.9216706348, 245536.72739969718], [188143.2777842382, 245536.72739969718]]",[0.05136424605679772],19.897116931429814,0.5
99.31772455308668,[2.3867018018120145],[3.3918268187210696],11125.701458222595,7828.740421002638,[3280.150211919628],22.75041776740301,1.9818561639123415,1e-06,1e-06,1.4647828546921535,1.1684264020437944,32.64915526069984,-5.322892489571233,-3.8712783907419634,188142.20859650936,7.741722567405475,-11.613000958147438,1358376.5808796631,"[0.0, 0.0]","[-3.1974656637666, -5.4929903841942105]","[[188142.20859650936, 398237.00818887283], [1358376.5808796631, 462098.8207517874], [1358376.5808796631, 245536.70191733164], [188142.20859650936, 245536.70191733164]]",[0.051363249472972654],19.896685807401848,0.5
99.81772455308668,[2.386788305839417],[3.3918097023821483],11125.61708656521,7829.004303753008,[3280.141889667756],22.750420306742576,1.9818561639123415,1e-06,1e-06,1.4647828546921535,1.1684268890395997,32.649134010047646,-5.322849536765055,-3.86932558841346,188141.15829252743,7.743814781461822,-11.613140369875282,1358383.1994970052,"[0.0, 0.0]","[-3.197504643547756, -5.493057274564938]","[[188141.15829252743, 398238.68741451215], [1358383.1994970052, 462101.536283523], [1358383.1994970052, 245536.67401188318], [188141.15829252743, 245536.67401188318]]",[0.05136228565130102],19.896248704106736,0.5
100.31772455308668,[2.3868729117660292],[3.3917927523155726],11125.53343236331,7829.262079921037,[3280.1336180602198],22.750422847229565,1.9818561639123415,1e-06,1e-06,1.4647828546921535,1.1684273767120887,32.64911293089045,-5.322806666228104,-3.8673030838614295,188140.106949168,7.745976836309978,-11.613279920171408,1358389.7420437876,"[0.0, 0.0]","[-3.1975436640178927, -5.493124179770636]","[[188140.106949168, 398240.4255603331], [1358389.7420437876, 462104.331683092], [1358389.7420437876, 245536.6491725453], [188140.106949168, 245536.6491725453]]",[0.05136130587215737],19.89582484112087,0.5
100.81772455308668,[2.3869580902963485],[3.391775931853235],11125.450481001673,7829.5219281506015,[3280.125428251043],22.750425344639602,1.9818561639123415,1e-06,1e-06,1.4647828546921535,1.1684278556595562,32.64909201589819,-5.322764420353684,-3.8653831144621336,188139.07405612708,7.748033907589274,-11.613417022051408,1358396.2444846393,"[0.0, 0.0]","[-3.1975819963921954, -5.4931899589751705]","[[188139.07405612708, 398242.0765564811], [1358396.2444846393, 462107.0015007578], [1358396.2444846393, 245536.62188787892], [188139.07405612708, 245536.62188787892]]",[0.051360358247599776],19.895395088993435,0.5
101.31772455308668,[2.38704140382225],[3.3917592573442628],11125.368173210452,7829.775773358833,[3280.1172869567345],22.750427843198153,1.9818561639123415,1e-06,1e-06,1.4647828546921535,1.168428335284377,32.64907125286413,-5.322722256877027,-3.86339450977124,188138.0400553931,7.750159761777638,-11.613554271548878,1358402.6720211424,"[0.0, 0.0]","[-3.1976203722835854, -5.49325575882787]","[[188138.0400553931, 398243.7855732507], [1358402.6720211424, 462109.7499846664], [1358402.6720211424, 245536.59756819144], [188138.0400553931, 245536.59756819144]]",[0.05135939487716516],19.894978350505923,0.5
101.81772455308668,[2.387125279685153],[3.391742694704849],11125.286504397172,7830.031653004739,[3280.1092257870405],22.750430299415783,1.9818561639123415,1e-06,1e-06,1.4647828546921535,1.16842880633818,32.649050637483924,-5.322680708524052,-3.8615066401574722,188137.0241419969,7.752182480613271,-11.613689120770744,1358409.0600907714,"[0.0, 0.0]","[-3.1976580739184963, -5.493320455560657]","[[188137.0241419969, 398245.40897153266], [1358409.0600907714, 462112.37509970646], [1358409.0600907714, 245536.57080365435], [188137.0241419969, 245536.57080365435]]",[0.0513584630816565],19.89455581830123,0.5
102.31772455308668,[2.3872073205122954],[3.391726263208309],11125.205426083134,7830.281624858135,[3280.101211811697],22.75043275678477,1.9818561639123415,1e-06,1e-06,1.4647828546921535,1.1684292780650565,32.64903016057485,-5.322639241459607,-3.8595511822272215,188136.00710765886,7.754272937123574,-11.613824119350795,1358415.374507065,"[0.0, 0.0]","[-3.197695819793078, -5.493385175112204]","[[188136.00710765886, 398247.089506204], [1358415.374507065, 462115.0776910363], [1358415.374507065, 245536.54692206412], [188136.00710765886, 245536.54692206412]]",[0.05135751576737531],19.894146083917093,0.5
102.81772455308668,[2.387289911879612],[3.3917099309720666],11125.124941793541,7830.533589979546,[3280.0932769050423],22.750435172520906,1.9818561639123415,1e-06,1e-06,1.4647828546921535,1.1684297413652684,32.64900982017252,-5.322598379476332,-3.8576947259973053,188135.00785040212,7.7562620328017715,-11.613956758799077,1358421.650156063,"[0.0, 0.0]","[-3.197732903178864, -5.493448810881487]","[[188135.00785040212, 398248.68589574186], [1358421.650156063, 462117.65903676883], [1358421.650156063, 245536.5206086952], [188135.00785040212, 245536.5206086952]]",[0.05135659948397591],19.893730653182114,0.5
103.31772455308668,[2.387370696341756],[3.3916937196629453],11125.045011497432,7830.779737555844,[3280.085388312421],22.750437589388973,1.9818561639123415,1e-06,1e-06,1.4647828546921535,1.168430205327525,32.64898960936529,-5.322557597485095,-3.8557717483054716,188134.00749271558,7.75831779656005,-11.614089544865521,1358427.8534263447,"[0.0, 0.0]","[-3.197770030154317, -5.4935124692503186]","[[188134.00749271558, 398250.33851970045], [1358427.8534263447, 462120.3166376984], [1358427.8534263447, 245536.49710697753], [188134.00749271558, 245536.49710697753]]",[0.0513556679264502],19.89332781091216,0.5
103.81772455308668,[2.3874520191107496],[3.391677599168812],11124.965644824744,7831.0278364263195,[3280.0775779959467],22.75043996529487,1.9818561639123415,1e-06,1e-06,1.4647828546921535,1.1684306609986517,32.64896952791662,-5.3225174107906,-3.853946117423277,188133.02463057215,7.760273891710369,-11.614220009133646,1358434.0186486316,"[0.0, 0.0]","[-3.197806505219989, -5.493575061136403]","[[188133.02463057215, 398251.9084047581], [1358434.0186486316, 462122.8550177651], [1358434.0186486316, 245536.47119304852], [188133.02463057215, 245536.47119304852]]",[0.05135476688540048],19.89291936863474,0.5
104.31772455308668,[2.387531562345016],[3.39166159301126],11124.88680802332,7831.270205848982,[3280.069813258161],22.750442342290693,1.9818561639123415,1e-06,1e-06,1.4647828546921535,1.1684311173160051,32.64894957056373,-5.3224773030705315,-3.852055056568531,188132.0407013089,7.762295559013182,-11.614350615581714,1358440.112770261,"[0.0, 0.0]","[-3.1978430226456083, -5.493637674377767]","[[188132.0407013089, 398253.53360109724], [1358440.112770261, 462125.46840000246], [1358440.112770261, 245536.4480258164], [188132.0407013089, 245536.4480258164]]",[0.05135385082566501],19.892523308659616,0.5
104.81772455308668,[2.3876116319500604],[3.3916456724311113],11124.808515069964,7831.51448563872,[3280.062126034459],22.75044467896589,1.9818561639123415,1e-06,1e-06,1.4647828546921535,1.1684315654720812,32.648929738310585,-5.322437781336793,-3.850259751946112,188131.07399601166,7.764219184297929,-11.61447893624404,1358446.1695734735,"[0.0, 0.0]","[-3.1978788982858553, -5.493699237657127]","[[188131.07399601166, 398255.0774101451], [1358446.1695734735, 462127.96450863394], [1358446.1695734735, 245536.42246987775], [188131.07399601166, 245536.42246987775]]",[0.051352964787092656],19.892121742355293,0.5
105.31772455308668,[2.3876899492310226],[3.3916298623181462],11124.730736739752,7831.753123514422,[3280.0544836387617],22.750447016677334,1.9818561639123415,1e-06,1e-06,1.4647828546921535,1.1684320142568152,32.64891002706952,-5.322398337870144,-3.8484001196497957,188130.10625619694,7.766207275092768,-11.614607394742563,1358452.15655697,"[0.0, 0.0]","[-3.1979148150224783, -5.493760820966931]","[[188130.10625619694, 398256.67559822224], [1358452.15655697, 462130.5343540318], [1358452.15655697, 245536.39960053362], [188130.10625619694, 245536.39960053362]]",[0.051352063987531005],19.89173235384977,0.5
105.81772455308668,[2.3877687815496005],[3.3916141349045428],11124.653489995959,7831.993632647359,[3280.0469179283755],22.750449314693896,1.9818561639123415,1e-06,1e-06,1.4647828546921535,1.1684324550075258,32.64889043872188,-5.322359471445539,-3.8466346956080315,188129.15546895916,7.768098907836361,-11.614733603444392,1358458.1069641444,"[0.0, 0.0]","[-3.197950100052615, -5.493821370763131]","[[188129.15546895916, 398258.19371461374], [1358458.1069641444, 462132.9888235194], [1358458.1069641444, 245536.3743694267], [188129.15546895916, 245536.3743694267]]",[0.05135119272390787],19.89133754966378,0.5
106.31772455308668,[2.3878458887710274],[3.3915985160443523],11124.576748836449,7832.22858730591,[3280.0393962346493],22.750451613693205,1.9818561639123415,1e-06,1e-06,1.4647828546921535,1.168432896369991,32.6488709700086,-5.32232068272105,-3.8448060392051957,188128.20367367862,7.770053907247302,-11.614859946452498,1358463.9888382698,"[0.0, 0.0]","[-3.1979854251245623, -5.493881939607395]","[[188128.20367367862, 398259.7652838561], [1358463.9888382698, 462135.5157742402], [1358463.9888382698, 245536.35176957023], [188128.20367367862, 245536.35176957023]]",[0.05135030695286308],19.89095472029741,0.5
106.81772455308668,[2.3879235002953054],[3.3915829786711855],11124.500532226011,7832.465375904799,[3280.0319503267956],22.7504538736182,1.9818561639123415,1e-06,1e-06,1.4647828546921535,1.16843332982501,32.648851623422956,-5.322282462254739,-3.8430700677857885,188127.2685574448,7.771914008152862,-11.61498407593865,1358469.8348918054,"[0.0, 0.0]","[-3.1980201286440577, -5.4939414915262414]","[[188127.2685574448, 398261.25807619654], [1358469.8348918054, 462137.92921872635], [1358469.8348918054, 245536.3268385152], [188127.2685574448, 245536.3268385152]]",[0.051349450237437054],19.890566563293717,0.5
107.31772455308668,[2.3879994138705474],[3.3915675492880935],11124.424816461324,7832.696697116577,[3280.0245475860843],22.750456134480437,1.9818561639123415,1e-06,1e-06,1.4647828546921535,1.16843376387677,32.648832396280454,-5.322244318867025,-3.84127193924553,188126.33245383017,7.773836397727564,-11.615108336973094,1358475.613703257,"[0.0, 0.0]","[-3.198054871375628, -5.494001061884306]","[[188126.33245383017, 398262.8034123313], [1358475.613703257, 462140.4139139746], [1358475.613703257, 245536.30448827558], [188126.33245383017, 245536.30448827558]]",[0.05134857926105406],19.890190180251683,0.5
107.81772455308668,[2.388075821460874],[3.3915522013088877],11124.349621805948,7832.929816341844,[3280.0172197004],22.750458356888885,1.9818561639123415,1e-06,1e-06,1.4647828546921535,1.1684341901476136,32.648813291487784,-5.322206734946031,-3.8395649878115137,188125.41275560998,7.7756654329663775,-11.615230420777891,1358481.357459602,"[0.0, 0.0]","[-3.198089002725928, -5.494059631948669]","[[188125.41275560998, 398264.27125333983], [1358481.357459602, 462142.78695493005], [1358481.357459602, 245536.27984101488], [188125.41275560998, 245536.27984101488]]",[0.05134773686349396],19.889808555684453,0.5
108.31772455308668,[2.38815055800009],[3.3915369616464024],11124.274926189253,7833.157554452464,[3280.00993413589],22.75046058019958,1.9818561639123415,1e-06,1e-06,1.4647828546921535,1.1684346170022193,32.64879430674324,-5.322169227307622,-3.8377969286038365,188124.49208758623,7.777555705179168,-11.615352633783004,1358487.0352625616,"[0.0, 0.0]","[-3.1981231725907326, -5.494118220059376]","[[188124.49208758623, 398265.7907510498], [1358487.0352625616, 462145.2300471943], [1358487.0352625616, 245536.25772882512], [188124.49208758623, 245536.25772882512]]",[0.05134688044410342],19.889438507061897,0.5
108.81772455308668,[2.388225778554432],[3.3915218040337947],11124.20075066435,7833.387055614057,[3280.0027225045383],22.75046276567714,1.9818561639123415,1e-06,1e-06,1.4647828546921535,1.1684350362021354,32.6487754452117,-5.322132270265606,-3.8361185519963215,188123.58755422343,7.779354153468489,-11.61547270546481,1358492.6787773527,"[0.0, 0.0]","[-3.198156741151444, -5.494175824361966]","[[188123.58755422343, 398267.23402402457], [1358492.6787773527, 462147.56332076504], [1358492.6787773527, 245536.23335693197], [188123.58755422343, 245536.23335693197]]",[0.051346052131076854],19.889063301662137,0.5
109.31772455308668,[2.3882993545632862],[3.39150675561444],11124.127074294374,7833.611260728256,[3279.995552383623],22.75046495203122,1.9818561639123415,1e-06,1e-06,1.4647828546921535,1.168435455974415,32.64875670482343,-5.322095388507924,-3.834380090956529,188122.68206824246,7.781212813094783,-11.615592904051312,1358498.25761571,"[0.0, 0.0]","[-3.1981903475586133, -5.4942334463575735]","[[188122.68206824246, 398268.72808859264], [1358498.25761571, 462149.96547642193], [1358498.25761571, 245536.21147840045], [188122.68206824246, 245536.21147840045]]",[0.05134521002915804],19.88869947753987,0.5
109.81772455308668,[2.3883734047710834],[3.391491790322872],11124.053918524363,7833.837194609227,[3279.988455306079],22.750467101170514,1.9818561639123415,1e-06,1e-06,1.4647828546921535,1.1684358682173246,32.64873808887677,-5.322059048408823,-3.8327298336017748,188121.79245136143,7.782981162933709,-11.615710996535483,1358503.8029244647,"[0.0, 0.0]","[-3.1982233625559684, -5.494290100731512]","[[188121.79245136143, 398270.14718549344], [1358503.8029244647, 462152.25962923036], [1358503.8029244647, 245536.18737978963], [188121.79245136143, 245536.18737978963]]",[0.051344395567019155],19.8883305803474,0.5
110.31772455308668,[2.388445836478882],[3.391476935398821],11123.981263163456,7834.057916111838,[3279.981398975762],22.750469251167004,1.9818561639123415,1e-06,1e-06,1.4647828546921535,1.1684362810221782,32.64871959541449,-5.322022782430026,-3.831020492044047,188120.90190022194,7.784808721429442,-11.61582921347349,1358509.2848126004,"[0.0, 0.0]","[-3.198256414695928, -5.494346772371993]","[[188120.90190022194, 398271.6162283744], [1358509.2848126004, 462154.6215211159], [1358509.2848126004, 245536.1657359528], [188120.90190022194, 245536.1657359528]]",[0.05134356754416453],19.887972873323378,0.5
110.81772455308668,[2.388518732715875],[3.3914621648918324],11123.909129725334,7834.280332661628,[3279.9744148347654],22.75047136456164,1.9818561639123415,1e-06,1e-06,1.4647828546921535,1.1684366864214961,32.648701227767845,-5.321987049161041,-3.8293978943030424,188120.0269586981,7.78654746442146,-11.615945358724503,1358514.733912666,"[0.0, 0.0]","[-3.1982888850971762, -5.494402492207912]","[[188120.0269586981, 398273.0115443896], [1358514.733912666, 462156.8772017555], [1358514.733912666, 245536.14191300995], [188120.0269586981, 245536.14191300995]]",[0.05134276670167156],19.88761017599135,0.5
111.31772455308668,[2.3885900360345604],[3.391447506035131],11123.837498454794,7834.497619082857,[3279.9674707215017],22.75047347879766,1.9818561639123415,1e-06,1e-06,1.4647828546921535,1.1684370923728293,32.64868298399949,-5.321951388745452,-3.8277171929374276,188119.15110279,7.788344432840461,-11.616061625777888,1358520.1208195593,"[0.0, 0.0]","[-3.198321391882076, -5.494458228776853]","[[188119.15110279, 398274.45597733324], [1358520.1208195593, 462159.19950036163], [1358520.1208195593, 245536.12050843897], [188119.15110279, 245536.12050843897]]",[0.051341952522932784],19.88725848124709,0.5
111.81772455308668,[2.388661794367646],[3.391432932932765],11123.76639067912,7834.716567403477,[3279.960597970536],22.75047555703693,1.9818561639123415,1e-06,1e-06,1.4647828546921535,1.1684374910406106,32.648664867395496,-5.321916252144883,-3.8261217973068824,188118.2906028989,7.790054057472844,-11.616175854779726,1358525.4756569338,"[0.0, 0.0]","[-3.198353326378676, -5.494513028992225]","[[188118.2906028989, 398275.8279056355], [1358525.4756569338, 462161.41735177475], [1358525.4756569338, 245536.09696621727], [188118.2906028989, 245536.09696621727]]",[0.051341165072961346],19.886901877969386,0.5
112.31772455308668,[2.388731984934744],[3.391418472733347],11123.69578683791,7834.930466510075,[3279.953764559364],22.75047763610327,1.9818561639123415,1e-06,1e-06,1.4647828546921535,1.1684378902506927,32.648646875970655,-5.321881187087662,-3.824469261660397,188117.4292095553,7.791820941132016,-11.616290202792413,1358530.7694959485,"[0.0, 0.0]","[-3.198385296457815, -5.494567845322121]","[[188117.4292095553, 398277.2481361237], [1358530.7694959485, 462163.70071881195], [1358530.7694959485, 245536.0758073632], [188117.4292095553, 245536.0758073632]]",[0.05134036450802637],19.88655609307505,0.5
112.81772455308668,[2.3888026211889777],[3.391404099553161],11123.625707871443,7835.145995014114,[3279.9470016967457],22.750479679768667,1.9818561639123415,1e-06,1e-06,1.4647828546921535,1.1684382822972095,32.64862901290917,-5.321846637057609,-3.822900616896561,188116.58292371593,7.7935019288185,-11.616402545715061,1358536.0319578324,"[0.0, 0.0]","[-3.1984167035057607, -5.494621740429492]","[[188116.58292371593, 398278.5970644218], [1358536.0319578324, 462165.88137359405], [1358536.0319578324, 245536.05255212972], [188116.58292371593, 245536.05255212972]]",[0.051339590228162826],19.886205480341577,0.5
113.31772455308668,[2.388871714443197],[3.391389840397861],11123.556134239,7835.356553992413,[3279.940277504057],22.750481724247308,1.9818561639123415,1e-06,1e-06,1.4647828546921535,1.1684386748764384,32.64861127613261,-5.321812157260532,-3.821275780181338,188115.73576562968,7.795239224639602,-11.61651500482094,1358541.2345818053,"[0.0, 0.0]","[-3.198448145321051, -5.494675650996068]","[[188115.73576562968, 398279.9934932892], [1358541.2345818053, 462168.12645891163], [1358541.2345818053, 245536.03164609172], [188115.73576562968, 245536.03164609172]]",[0.05133880305148882],19.885865504986427,0.5
113.81772455308668,[2.388941244268488],[3.3913756693695607],11123.487086352876,7835.5687105628585,[3279.933623048217],22.75048373391111,1.9818561639123415,1e-06,1e-06,1.4647828546921535,1.168439060410107,32.64859366868575,-5.321778183839518,-3.8197334428377303,188114.90347079278,7.796892048396501,-11.616625491234231,1358546.4064940708,"[0.0, 0.0]","[-3.1984790332002686, -5.494728655204735]","[[188114.90347079278, 398281.31980257324], [1358546.4064940708, 462170.2705378544], [1358546.4064940708, 245536.0086843314], [188114.90347079278, 245536.0086843314]]",[0.05133804172380316],19.885520781327866,0.5
114.31772455308668,[2.3890092555073212],[3.3913616132895856],11123.418544578686,7835.775976158379,[3279.92700660107],22.750485744374487,1.9818561639123415,1e-06,1e-06,1.4647828546921535,1.1684394464670407,32.64857618837124,-5.321744279362362,-3.8181358465586186,188114.0703245469,7.798600244493798,-11.616736091052417,1358551.5196946943,"[0.0, 0.0]","[-3.1985099550421623, -5.494781674223158]","[[188114.0703245469, 398282.69282353565], [1358551.5196946943, 462172.47797908407], [1358551.5196946943, 245535.98803807417], [188114.0703245469, 245535.98803807417]]",[0.051337267714196916],19.885186517100667,0.5
114.81772455308668,[2.389077694428111],[3.3913476462320484],11123.350528709829,7835.984808272722,[3279.9204590742593],22.750487720599487,1.9818561639123415,1e-06,1e-06,1.4647828546921535,1.1684398255945103,32.64855883807331,-5.321710872759374,-3.8166193809928473,188113.25180093377,7.800225369100758,-11.616844750093605,1358556.6028227352,"[0.0, 0.0]","[-3.1985403319055337, -5.494833801523384]","[[188113.25180093377, 398283.9968881066], [1358556.6028227352, 462174.58609150484], [1358556.6028227352, 245535.9653758896], [188113.25180093377, 245535.9653758896]]",[0.051336519124741284],19.884847582904587,0.5
115.31772455308668,[2.3891446388427284],[3.39133379480671],11123.283018956941,7836.188826876001,[3279.913948898361],22.75048969761061,1.9818561639123415,1e-06,1e-06,1.4647828546921535,1.1684402052359861,32.64854161546498,-5.321677533840391,-3.815048574456796,188112.43244597552,7.801904945407614,-11.61695351986441,1358561.6283324275,"[0.0, 0.0]","[-3.198570741953847, -5.494885943018426]","[[188112.43244597552, 398285.3468882033], [1358561.6283324275, 462176.75651493995], [1358561.6283324275, 245535.94499579846], [188112.43244597552, 245535.94499579846]]",[0.05133575806481707],19.884518933155917,0.5
115.81772455308668,[2.3892120022792014],[3.3913200330574136],11123.216034449875,7836.394381657046,[3279.907506818766],22.750491640950468,1.9818561639123415,1e-06,1e-06,1.4647828546921535,1.1684405780622658,32.64852452326113,-5.321644684444168,-3.8135575521051237,188111.62747632957,7.8035028282320695,-11.617060380337193,1358566.6243837043,"[0.0, 0.0]","[-3.198600615857594, -5.494937207234286]","[[188111.62747632957, 398286.6290763077], [1358566.6243837043, 462178.8292597855], [1358566.6243837043, 245535.922638591], [188111.62747632957, 245535.922638591]]",[0.05133502200312615],19.884185690563342,0.5
116.31772455308668,[2.3892778949639673],[3.3913063873657667],11123.149555222513,7836.595199325195,[3279.9011014344055],22.75049358506334,1.9818561639123415,1e-06,1e-06,1.4647828546921535,1.1684409513935181,32.648507559005566,-5.321611901501621,-3.8120130915803543,188110.82169447315,7.805154257407821,-11.617167348988175,1358571.563878533,"[0.0, 0.0]","[-3.198630522202647, -5.4949884850768385]","[[188110.82169447315, 398287.9564366266], [1358571.563878533, 462180.9632815622], [1358571.563878533, 245535.9025302527], [188110.82169447315, 245535.9025302527]]",[0.051334273678871174],19.883862560339814,0.5
116.81772455308668,[2.3893441982330734],[3.3912928317510493],11123.08359972881,7836.797523542331,[3279.8947633152497],22.75049549606295,1.9818561639123415,1e-06,1e-06,1.4647828546921535,1.168441318022067,32.648490725244244,-5.321579599877454,-3.8105470902146976,188110.0300637921,7.8067253491837505,-11.617272439398448,1358576.4745057523,"[0.0, 0.0]","[-3.1986599011187433, -5.495038899887567]","[[188110.0300637921, 398289.21711109055], [1358576.4745057523, 462183.0012484223], [1358576.4745057523, 245535.88048257618], [188110.0300637921, 245535.88048257618]]",[0.0513335499376372],19.88353491320075,0.5
117.31772455308668,[2.38940905417779],[3.391279392358652],11123.018147832403,7836.995185976071,[3279.8884612383076],22.750497407822884,1.9818561639123415,1e-06,1e-06,1.4647828546921535,1.1684416851467885,32.64847401939949,-5.321547363504195,-3.809028538297582,188109.237639124,7.808349097259111,-11.617377635556693,1358581.3296086947,"[0.0, 0.0]","[-3.19868931176671, -5.495089327804337]","[[188109.237639124, 398290.5222073058], [1358581.3296086947, 462185.0994753676], [1358581.3296086947, 245535.86065068527], [188109.237639124, 245535.86065068527]]",[0.05133281413817869],19.88321720922046,0.5
117.81772455308668,[2.3894743124820446],[3.391266043195366],11122.953217324659,7837.194326014624,[3279.8822255903683],22.750499287018627,1.9818561639123415,1e-06,1e-06,1.4647828546921535,1.1684420456795492,32.64845744385423,-5.321515600387931,-3.807587141587078,188108.4591346948,7.8098938425208075,-11.617480984107885,1358586.1564130292,"[0.0, 0.0]","[-3.198718203582825, -5.495138906744585]","[[188108.4591346948, 398291.76172590576], [1358586.1564130292, 462187.10324506194], [1358586.1564130292, 245535.83891618878], [188108.4591346948, 245535.83891618878]]",[0.051332102513115575],19.882895063076894,0.5
118.31772455308668,[2.389538146559884],[3.3912528101686976],11122.888787925132,7837.388878527221,[3279.8760253358478],22.750501166962387,1.9818561639123415,1e-06,1e-06,1.4647828546921535,1.1684424066999046,32.64844099592176,-5.321483901345825,-3.8060940669350316,188107.67985368724,7.81149036915042,-11.617584436085451,1358590.9286971113,"[0.0, 0.0]","[-3.198747126452341, -5.495188498312255]","[[188107.67985368724, 398293.04492850014], [1358590.9286971113, 462189.16627505573], [1358590.9286971113, 245535.81936451612], [188107.67985368724, 245535.81936451612]]",[0.0513313790306577],19.882582693716373,0.5
118.81772455308668,[2.3896023749731565],[3.3912396672877754],11122.824876786097,7837.584880350216,[3279.869890670936],22.75050301488215,1.9818561639123415,1e-06,1e-06,1.4647828546921535,1.1684427612372987,32.64842467783171,-5.3214526676395595,-3.8046768643536097,188106.91426524046,7.813009206304173,-11.617686070657783,1358595.6732312639,"[0.0, 0.0]","[-3.198775538966613, -5.495237254763111]","[[188106.91426524046, 398294.2636440362], [1358595.6732312639, 462191.136419779], [1358595.6732312639, 245535.79794592925], [188106.91426524046, 245535.79794592925]]",[0.0513306793204966],19.882265955787496,0.5
119.31772455308668,[2.389665201925741],[3.391226640224988],11122.761463522267,7837.776367826711,[3279.863790756355],22.750504863537927,1.9818561639123415,1e-06,1e-06,1.4647828546921535,1.1684431162539037,32.648408486802396,-5.321421496856585,-3.803208841719197,188106.1479169145,7.814578964710051,-11.617787806429249,1358600.3642225682,"[0.0, 0.0]","[-3.1988039818828384, -5.495286023398279]","[[188106.1479169145, 398295.52531826805], [1358600.3642225682, 462193.16484174924], [1358600.3642225682, 245535.7786773197], [188106.1479169145, 245535.7786773197]]",[0.05132996795035007],19.88195883106258,0.5
119.81772455308668,[2.389728415382242],[3.3912137030096847],11122.698564681521,7837.969276946743,[3279.8577555906263],22.750506680701076,1.9818561639123415,1e-06,1e-06,1.4647828546921535,1.1684434648948059,32.64839242492201,-5.321390783626933,-3.80181542867183,188105.39503677445,7.816072325888172,-11.617887754560002,1358605.0279936953,"[0.0, 0.0]","[-3.1988319227980666, -5.495333970577413]","[[188105.39503677445, 398296.7235784534], [1358605.0279936953, 462195.1019249607], [1358605.0279936953, 245535.75757646142], [188105.39503677445, 245535.75757646142]]",[0.051329279956887075],19.88164741022075,0.5
120.31772455308668,[2.3897902498115147],[3.3912008810831016],11122.636159814057,7838.157743824099,[3279.851754538836],22.75050849858842,1.9818561639123415,1e-06,1e-06,1.4647828546921535,1.1684438140067053,32.64837648932934,-5.3213601321961175,-3.800372039130025,188104.64141283647,7.817615762614992,-11.617987801745016,1358609.639174216,"[0.0, 0.0]","[-3.1988598934874766, -5.495381929527517]","[[188104.64141283647, 398297.9640841611], [1358609.639174216, 462197.09631865425], [1358609.639174216, 245535.73859285095], [188104.64141283647, 245535.73859285095]]",[0.0513285804975366],19.881345441755656,0.5
120.81772455308668,[2.3898524630969686],[3.3911881485126965],11122.574264899478,7838.347605280165,[3279.8458173951817],22.750510285505698,1.9818561639123415,1e-06,1e-06,1.4647828546921535,1.1684441568484218,32.64836068198309,-5.321329930673393,-3.7990020172545655,188103.90103604228,7.819084073357544,-11.61808609061211,1358614.223646803,"[0.0, 0.0]","[-3.198887370406544, -5.4954290804812596]","[[188103.90103604228, 398299.1422313635], [1358614.223646803, 462199.0008947653], [1358614.223646803, 245535.7178106527], [188103.90103604228, 245535.7178106527]]",[0.05132790402571179],19.88103924848902,0.5
121.31772455308668,[2.389913319459317],[3.3911755305151194],11122.512859468958,7838.533095532398,[3279.839913736181],22.750512073135443,1.9818561639123415,1e-06,1e-06,1.4647828546921535,1.16844450015307,32.648344999958,-5.321299789852737,-3.7975828483858436,188103.15993094334,7.820601628081192,-11.618184476467036,1358618.7564573353,"[0.0, 0.0]","[-3.1989148764939372, -5.4954762428195165]","[[188103.15993094334, 398300.3619228088], [1358618.7564573353, 462200.9618305933], [1358618.7564573353, 245535.69911310202], [188103.15993094334, 245535.69911310202]]",[0.05132721627884257],19.880742349472733,0.5
121.81772455308668,[2.3899745472093947],[3.3911630012155918],11122.45195897627,7838.719953887167,[3279.83407314521],22.750513830308954,1.9818561639123415,1e-06,1e-06,1.4647828546921535,1.1684448372913363,32.64832944509607,-5.321270091431791,-3.7962358254691253,188102.43185521982,7.822045307424162,-11.618281132893287,1358623.263055922,"[0.0, 0.0]","[-3.1989418969199668, -5.495522610422986]","[[188102.43185521982, 398301.5202941232], [1358623.263055922, 462202.8344451436], [1358623.263055922, 245535.67864966285], [188102.43185521982, 245535.67864966285]]",[0.0513265511366705],19.880441295844374,0.5
122.31772455308668,[2.390034439812577],[3.3911505856102684],11122.391542970556,7838.902511017788,[3279.8282654171726],22.75051558818327,1.9818561639123415,1e-06,1e-06,1.4647828546921535,1.168445174884608,32.64831401442268,-5.321240452643879,-3.794840471319219,188101.70306613398,7.8235374129950515,-11.61837788431427,1358627.7188985723,"[0.0, 0.0]","[-3.198968945929539, -5.495568989050099]","[[188101.70306613398, 398302.71952002635], [1358627.7188985723, 462204.76248429564], [1358627.7188985723, 245535.66023842926], [188101.70306613398, 245535.66023842926]]",[0.05132587490711518],19.880149380994652,0.5
122.81772455308668,[2.3900946965078624],[3.391138257900094],11122.331626418545,7839.086410344702,[3279.822519918685],22.750517316106592,1.9818561639123415,1e-06,1e-06,1.4647828546921535,1.168445506413597,32.648298709675316,-5.321211248881182,-3.793516061497712,188100.98709193722,7.8249568732630905,-11.618472934760803,1358632.1490102292,"[0.0, 0.0]","[-3.198995517264894, -5.495614586005614]","[[188100.98709193722, 398303.85844710324], [1358632.1490102292, 462206.6036737666], [1358632.1490102292, 245535.64009308643], [188100.98709193722, 245535.64009308643]]",[0.05132522090571616],19.879853380604438,0.5
123.31772455308668,[2.3901536395083145],[3.3911260428677963],11122.272188931911,7839.266077381276,[3279.816806669346],22.75051904471909,1.9818561639123415,1e-06,1e-06,1.4647828546921535,1.1684458383897978,32.64828352784383,-5.3211821037095834,-3.792144122781508,188100.2704188112,7.826423955495443,-11.618568078276951,1358636.529250961,"[0.0, 0.0]","[-3.1990221166182815, -5.495660193646522]","[[188100.2704188112, 398305.037550469], [1358636.529250961, 462208.49936802464], [1358636.529250961, 245535.6219676896], [188100.2704188112, 245535.6219676896]]",[0.0513245560014873],19.879566366124212,0.5
123.81772455308668,[2.3902218100518047],[3.3911256677274344],11122.212297834136,7839.448317503731,[3279.7995083702385],22.75052074234166,1.9818561639123415,1e-06,1e-06,1.4647828546921535,1.1684461643535498,32.648268398034816,-5.3211534683233435,-3.790841203031789,188099.56301172273,7.827820788904887,-11.618661991936676,1358640.5877414532,"[0.0, 0.0]","[-3.199048321142199, -5.495705158422729]","[[188099.56301172273, 398306.1580805734], [1358640.5877414532, 462210.0803676994], [1358640.5877414532, 245535.59188209756], [188099.56301172273, 245535.59188209756]]",[0.05132391551854025],19.879275334064722,0.5
124.31772455308668,[2.3902805074392304],[3.391113285599176],11122.152015984508,7839.626967780991,[3279.7937076346693],22.750522438440832,1.9818561639123415,1e-06,1e-06,1.4647828546921535,1.1684464907763334,32.64825326899967,-5.32112502889108,-3.789501241855703,188098.85180035428,7.829255169064936,-11.61875641092064,1358644.7194896138,"[0.0, 0.0]","[-3.199074695715103, -5.495750375372642]","[[188098.85180035428, 398307.31001241534], [1358644.7194896138, 462211.9307694712], [1358644.7194896138, 245535.57242349666], [188098.85180035428, 245535.57242349666]]",[0.05132326374526808],19.87899309532926,0.5
124.81772455308668,[2.390339284042473],[3.3911011486574942],11122.0929315505,7839.806154287452,[3279.7880228236877],22.75052410894676,1.9818561639123415,1e-06,1e-06,1.4647828546921535,1.1684468119350013,32.648238322550014,-5.321096942712776,-3.788224632507365,188098.1527238558,7.830624586667227,-11.618849219174592,1358648.9578539121,"[0.0, 0.0]","[-3.1991006368102277, -5.495794889053823]","[[188098.1527238558, 398308.4080794529], [1358648.9578539121, 462213.70672296884], [1358648.9578539121, 245535.5548519627], [188098.1527238558, 245535.5548519627]]",[0.05132263032471539],19.878706694313234,0.5
125.31772455308668,[2.390396667992878],[3.3910892515981286],11122.034825872204,7839.980907767723,[3279.7823945891987],22.750525783482082,1.9818561639123415,1e-06,1e-06,1.4647828546921535,1.168447134014854,32.648223571687424,-5.321068820318553,-3.78689520330488,188097.45354681258,7.832046837740393,-11.618942041045273,1358653.16768822,"[0.0, 0.0]","[-3.1991265939795976, -5.4958393958551985]","[[188097.45354681258, 398309.5507765057], [1358653.16768822, 462215.54375119164], [1358653.16768822, 245535.53877537657], [188097.45354681258, 245535.53877537657]]",[0.051321984683679864],19.878429098682705,0.5
125.81772455308668,[2.390454291610638],[3.391077498063313],11121.977492128104,7840.156658890419,[3279.7768551382283],22.75052743139407,1.9818561639123415,1e-06,1e-06,1.4647828546921535,1.1684474504893336,32.64820899152778,-5.321041035422259,-3.7856295606163144,188096.7680422748,7.833403487415694,-11.619033048032009,1358657.36128268,"[0.0, 0.0]","[-3.1991520500529433, -5.495883080602402]","[[188096.7680422748, 398310.6391987682], [1358657.36128268, 462217.3023335507], [1358657.36128268, 245535.5209624631], [188096.7680422748, 245535.5209624631]]",[0.05132135976945161],19.878147784316504,0.5
126.31772455308668,[2.3905105686086054],[3.391065880627049],11121.920797017858,7840.328128211642,[3279.771372345406],22.750529080573777,1.9818561639123415,1e-06,1e-06,1.4647828546921535,1.168447767328225,32.64819456107318,-5.321013255074748,-3.7843172816507717,188096.08357632422,7.8348066357435755,-11.619123917394347,1358661.5117901927,"[0.0, 0.0]","[-3.1991774727251774, -5.495926672960273]","[[188096.08357632422, 398311.7669948062], [1358661.5117901927, 462219.11410480726], [1358661.5117901927, 245535.505117546], [188096.08357632422, 245535.505117546]]",[0.051320724747957236],19.87787522965178,0.5
126.81772455308668,[2.390567109536293],[3.3910543604740653],11121.864698357842,7840.500657998928,[3279.765971313718],22.75053070132629,1.9818561639123415,1e-06,1e-06,1.4647828546921535,1.1684480782676048,32.6481802709161,-5.320985854818736,-3.7830719770735186,188095.41277318416,7.836140996065012,-11.61921297313853,1358665.640562556,"[0.0, 0.0]","[-3.1992023849414757, -5.495969425306856]","[[188095.41277318416, 398312.83782293275], [1358665.640562556, 462220.84356594516], [1358665.640562556, 245535.48762139984], [188095.41277318416, 245535.48762139984]]",[0.05132011128280223],19.877598966872053,0.5
127.31772455308668,[2.3906223603745618],[3.391042957355921],11121.809137909942,7840.6690647283895,[3279.760615766982],22.750532321861446,1.9818561639123415,1e-06,1e-06,1.4647828546921535,1.1684483893642867,32.64816610906678,-5.32095850215825,-3.7817831785552585,188094.7425987342,7.8375187671094295,-11.619301945664688,1358669.7234794344,"[0.0, 0.0]","[-3.1992272722948307, -5.496012099551645]","[[188094.7425987342, 398313.9453812651], [1358669.7234794344, 462222.6225744075], [1358669.7234794344, 245535.4719120134], [188094.7425987342, 245535.4719120134]]",[0.05131948833677247],19.877331211718868,0.5
127.81772455308668,[2.39067790907705],[3.3910316427635414],11121.754099734562,7840.838611212146,[3279.755328579247],22.750533913645278,1.9818561639123415,1e-06,1e-06,1.4647828546921535,1.1684486946001231,32.64815206966887,-5.320931558147253,-3.780561372260024,188094.08514190238,7.838827857776494,-11.619389230036518,1358673.7827671461,"[0.0, 0.0]","[-3.1992516814990664, -5.496053987843229]","[[188094.08514190238, 398314.99598297995], [1358673.7827671461, 462224.31944214075], [1358673.7827671461, 245535.4544328588], [188094.08514190238, 245535.4544328588]]",[0.05131888660920921],19.8770597186337,0.5
128.3177245530867,[2.3907322312042796],[3.3910204389826935],11121.699537931821,7841.00421378765,[3279.7500746613996],22.750535504912307,1.9818561639123415,1e-06,1e-06,1.4647828546921535,1.1684490000131766,32.648138143624976,-5.320904684518591,-3.779297427711697,188093.42755837232,7.840179103754792,-11.61947653146649,1358677.795759144,"[0.0, 0.0]","[-3.1992760931654156, -5.496095845399563]","[[188093.42755837232, 398316.08219049266], [1358677.795759144, 462226.06445079023], [1358677.795759144, 245535.43860782695], [188093.42755837232, 245535.43860782695]]",[0.05131827543580315],19.876796481342055,0.5
128.8177245530867,[2.390786877747284],[3.3910093180108656],11121.645443470361,7841.171017720457,[3279.7448784346643],22.75053706801544,1.9818561639123415,1e-06,1e-06,1.4647828546921535,1.1684492997502764,32.64812432770117,-5.320878226074299,-3.778099229138604,188092.78176043864,7.841463039321866,-11.61956226846047,1358681.784969491,"[0.0, 0.0]","[-3.1993000621535783, -5.496136977171809]","[[188092.78176043864, 398317.11252034147], [1358681.784969491, 462227.72900701565], [1358681.784969491, 245535.4210032249], [188092.78176043864, 245535.4210032249]]",[0.05131768482349392],19.876529504893732,0.5
129.3177245530867,[2.390840344073922],[3.3909983016552316],11121.591779179627,7841.334011581281,[3279.7397078467716],22.750538630907435,1.9818561639123415,1e-06,1e-06,1.4647828546921535,1.1684495997624278,32.64811061580991,-5.320851841805515,-3.7768593215583905,188092.13528490654,7.84278877408434,-11.61964809564273,1358685.728672269,"[0.0, 0.0]","[-3.1993240554966342, -5.496178116573225]","[[188092.13528490654, 398318.17810864653], [1358685.728672269, 462229.4413606921], [1358685.728672269, 245535.40502729613], [188092.13528490654, 245535.40502729613]]",[0.051317084642601866],19.87627058306824,0.5
129.8177245530867,[2.3908941437123676],[3.3909873621191786],11121.538544412497,7841.498223187029,[3279.7345895922635],22.75054016656108,1.9818561639123415,1e-06,1e-06,1.4647828546921535,1.1684498943069916,32.64809700736953,-5.320825864061373,-3.775683398951344,188091.49997810723,7.844049041317646,-11.61973244026899,1358689.6492973752,"[0.0, 0.0]","[-3.1993476307931035, -5.496218572044867]","[[188091.49997810723, 398319.1893243879], [1358689.6492973752, 462231.07549448137], [1358689.6492973752, 245535.38734370883], [188091.49997810723, 245535.38734370883]]",[0.05131650435378252],19.876007961864115,0.5
130.3177245530867,[2.3909467911852746],[3.390976521511766],11121.485711710164,7841.6587100908455,[3279.729494190653],22.75054170246217,1.9818561639123415,1e-06,1e-06,1.4647828546921535,1.1684501892189283,32.64808349880042,-5.320799953728992,-3.7744658510758313,188090.86375499782,7.845351055692845,-11.619816906768676,1358693.5256323854,"[0.0, 0.0]","[-3.1993712409785924, -5.49625905402565]","[[188090.86375499782, 398320.2357344781], [1358693.5256323854, 462232.75741853425], [1358693.5256323854, 245535.37132069946], [188090.86375499782, 245535.37132069946]]",[0.051315914406916366],19.8757532477485,0.5
130.8177245530867,[2.390999767395777],[3.390965752904345],11121.43328859591,7841.820396848632,[3279.724449906478],22.750543212023576,1.9818561639123415,1e-06,1e-06,1.4647828546921535,1.1684504788373258,32.64807009139679,-5.3207744350585395,-3.7733105540374936,188090.2383920197,7.8465893776306075,-11.619899931668101,1358697.3797561552,"[0.0, 0.0]","[-3.1993944460099115, -5.496298873847686]","[[188090.2383920197, 398321.2292458258], [1358697.3797561552, 462234.36325028865], [1358697.3797561552, 245535.35368891404], [188090.2383920197, 245535.35368891404]]",[0.051315343807146085],19.87549490472696,0.5
131.3177245530867,[2.3910516075250925],[3.390955079203948],11121.381255319557,7841.978412369261,[3279.7194287605794],22.750544722186934,1.9818561639123415,1e-06,1e-06,1.4647828546921535,1.1684507688757777,32.648056783032814,-5.32074897430772,-3.772113784545354,188089.61211389583,7.8478692937348455,-11.6199830782802,1358701.190733786,"[0.0, 0.0]","[-3.199417687039791, -5.496338722790588]","[[188089.61211389583, 398322.2578223796], [1358701.190733786, 462236.01672208356], [1358701.190733786, 245535.33775818537], [188089.61211389583, 245535.33775818537]]",[0.051314763570565795],19.875244355163524,0.5
131.8177245530867,[2.391103764862637],[3.390944474539389],11121.329624862225,7842.137592034331,[3279.7144596043254],22.750546206720706,1.9818561639123415,1e-06,1e-06,1.4647828546921535,1.168451053745904,32.64804357586951,-5.320723890665528,-3.770977812268427,188088.99657999672,7.849086986397481,-11.620064798665908,1358704.980188256,"[0.0, 0.0]","[-3.1994405280056584, -5.496377917914176]","[[188088.99657999672, 398323.2347316407], [1358704.980188256, 462237.59584809473], [1358704.980188256, 245535.3203065953], [188088.99657999672, 245535.3203065953]]",[0.051314202280240605],19.874990259607248,0.5
132.3177245530867,[2.391154797244804],[3.3909339625446275],11121.278381779774,7842.293140421975,[3279.7095150252158],22.750547692023602,1.9818561639123415,1e-06,1e-06,1.4647828546921535,1.1684513390474496,32.64803046826535,-5.320698857401352,-3.769800753307436,188088.3802511753,7.85034587148931,-11.620146624796746,1358708.7273986423,"[0.0, 0.0]","[-3.199463400988889, -5.496417135928962]","[[188088.3802511753, 398324.24637682765], [1358708.7273986423, 462239.2221554125], [1358708.7273986423, 245535.30457780065], [188088.3802511753, 245535.30457780065]]",[0.05131363147937557],19.874743855442382,0.5
132.8177245530867,[2.39120613394793],[3.390923518228969],11121.22754132646,7842.4498137132005,[3279.704623693465],22.75054915220823,1.9818561639123415,1e-06,1e-06,1.4647828546921535,1.1684516192674255,32.64801746248736,-5.320674189992278,-3.768683338861422,188087.77461995513,7.851543692015866,-11.620227030877288,1358712.4535352606,"[0.0, 0.0]","[-3.1994858758407303, -5.496455702972847]","[[188087.77461995513, 398325.20732999285], [1358712.4535352606, 462240.7754880783], [1358712.4535352606, 245535.2873899503], [188087.77461995513, 245535.2873899503]]",[0.05131307932575886],19.874493986117677,0.5
133.3177245530867,[2.391256356929646],[3.3909131656133904],11121.177089402272,7842.602895660688,[3279.6997582185318],22.750550613171093,1.9818561639123415,1e-06,1e-06,1.4647828546921535,1.1684518999032265,32.64800455679239,-5.320649568871087,-3.767525443567706,188087.16833222457,7.852782080752888,-11.620307524320594,1358716.1381206375,"[0.0, 0.0]","[-3.1995083775482, -5.496494284576463]","[[188087.16833222457, 398326.2025033624], [1358716.1381206375, 462242.37527610565], [1358716.1381206375, 245535.27192104643], [188087.16833222457, 245535.27192104643]]",[0.05131251785017624],19.874251702863262,0.5
133.8177245530867,[2.39130687324269],[3.3909028802913],11121.127041216096,7842.757068164863,[3279.6949466924043],22.750552049394223,1.9818561639123415,1e-06,1e-06,1.4647828546921535,1.1684521755243757,32.647991753177905,-5.320625305890461,-3.766426245626178,188086.5726814487,7.853960360125257,-11.620386605751435,1358719.8019202522,"[0.0, 0.0]","[-3.199530483230859, -5.496532218297954]","[[188086.5726814487, 398327.14778670913], [1358719.8019202522, 462243.90321970516], [1358719.8019202522, 245535.25503022055], [188086.5726814487, 245535.25503022055]]",[0.051311974768523484],19.874006026177913,0.5
134.3177245530867,[2.3913562895093747],[3.3908926863158766],11121.077382286163,7842.907695538047,[3279.690161580709],22.750553486319234,1.9818561639123415,1e-06,1e-06,1.4647828546921535,1.1684524515357004,32.64797904959812,-5.320601088005418,-3.765287301819626,188085.9764754848,7.855178459267336,-11.620465761086962,1358723.4247554056,"[0.0, 0.0]","[-3.1995526117396107, -5.49657016015312]","[[188085.9764754848, 398328.1266664552], [1358723.4247554056, 462245.47674836236], [1358723.4247554056, 245535.2398345472], [188085.9764754848, 245535.2398345472]]",[0.05131142257124451],19.873767821442613,0.5
134.8177245530867,[2.39140599096836],[3.3908825596147376],11121.028126688749,7843.059386554734,[3279.6854303182613],22.75055489882889,1.9818561639123415,1e-06,1e-06,1.4647828546921535,1.1684527225952979,32.647966447717806,-5.32057722292726,-3.764206198328395,188085.39079766723,7.856337320514001,-11.620543518842396,1358727.027036441,"[0.0, 0.0]","[-3.199574348010778, -5.496607460071937]","[[188085.39079766723, 398329.0563833673], [1358727.027036441, 462246.97946812265], [1358727.027036441, 245535.22323849855], [188085.39079766723, 245535.22323849855]]",[0.051310888518090084],19.8735262852339,0.5
135.3177245530867,[2.3914546086601964],[3.39087252403348],11120.979259029336,7843.207585457899,[3279.680725302174],22.750556311945576,1.9818561639123415,1e-06,1e-06,1.4647828546921535,1.1684529940213477,32.64795394523668,-5.320553403317071,-3.763086118035403,188084.80461547832,7.857535225714173,-11.620621343749576,1358730.5889259088,"[0.0, 0.0]","[-3.1995961049231414, -5.496644764854991]","[[188084.80461547832, 398330.0190454839], [1358730.5889259088, 462248.5268751558], [1358730.5889259088, 245535.20830366467], [188084.80461547832, 245535.20830366467]]",[0.05131034554431511],19.87329209913117,0.5
135.8177245530867,[2.3915035057432483],[3.3908625556907523],11120.93079212617,7843.356827266021,[3279.6760734115705],22.75055770097303,1.9818561639123415,1e-06,1e-06,1.4647828546921535,1.1684532605633424,32.64794154358947,-5.320529932156505,-3.7620230280413693,188084.22880634243,7.858674763613294,-11.620697791654663,1358734.1305112932,"[0.0, 0.0]","[-3.1996174751502195, -5.496681436676992]","[[188084.22880634243, 398330.93326730904], [1358734.1305112932, 462250.0045127306], [1358734.1305112932, 245535.19198406563], [188084.22880634243, 245535.19198406563]]",[0.0513098204483019],19.873054636494636,0.5
136.3177245530867,[2.3915513369951773],[3.3908526781212],11120.882709888989,7843.502634310239,[3279.6714471390233],22.750559090533876,1.9818561639123415,1e-06,1e-06,1.4647828546921535,1.1684535274552295,32.64792924036351,-5.320506507181394,-3.7609217018541017,188083.6525047701,7.859852603266859,-11.62077430512096,1358737.632313453,"[0.0, 0.0]","[-3.199638865361096, -5.496718112720456]","[[188083.6525047701, 398331.8798082667], [1358737.632313453, 462251.5259837608], [1358737.632313453, 245535.17728999676], [188083.6525047701, 245535.17728999676]]",[0.051309286604301584],19.87282439835502,0.5
136.8177245530867,[2.391599443130609],[3.3908428675918616],11120.835024250351,7843.649467022666,[3279.6668729590065],22.750560456357967,1.9818561639123415,1e-06,1e-06,1.4647828546921535,1.1684537895375944,32.64791703690133,-5.320483426265513,-3.759876485556447,188083.08639346642,7.860972980283634,-11.620849465840081,1358741.1141098605,"[0.0, 0.0]","[-3.1996598755714833, -5.4967541667385795]","[[188083.08639346642, 398332.7786579234], [1358741.1141098605, 462252.97876850516], [1358741.1141098605, 245535.16122737966], [188083.08639346642, 245535.16122737966]]",[0.05130877035305774],19.872590935080247,0.5
137.3177245530867,[2.3916465018775903],[3.3908331473172058],11120.787718895695,7843.792923595618,[3279.6623236075047],22.750561822675085,1.9818561639123415,1e-06,1e-06,1.4647828546921535,1.1684540519605051,32.64790493080562,-5.320460391877446,-3.758793721150539,188082.5197823574,7.862130971942463,-11.620924693093002,1358744.556775336,"[0.0, 0.0]","[-3.1996809059344846, -5.496790225760286]","[[188082.5197823574, 398333.70924555487], [1358744.556775336, 462254.47460028494], [1358744.556775336, 245535.14675762423], [188082.5197823574, 245535.14675762423]]",[0.051308245505854146],19.872364570889562,0.5
137.8177245530867,[2.391693831365164],[3.3908234937277277],11120.740805327468,7843.937389696599,[3279.6578252741187],22.750563165634578,1.9818561639123415,1e-06,1e-06,1.4647828546921535,1.1684543096534106,32.64789292342414,-5.320437696674543,-3.757766154088472,188081.96317102844,7.86323243878843,-11.620998592876902,1358747.9797773138,"[0.0, 0.0]","[-3.1997015633624306, -5.4968256743672335]","[[188081.96317102844, 398334.5929182397], [1358747.9797773138, 462255.90286957886], [1358747.9797773138, 245535.13093887988], [188081.96317102844, 245535.13093887988]]",[0.051307737955173786],19.87213503203008,0.5
138.3177245530867,[2.3917401315817615],[3.390813929751455],11120.69426741125,7844.078537322846,[3279.6533510248946],22.750564509074117,1.9818561639123415,1e-06,1e-06,1.4647828546921535,1.1684545676822244,32.647881012441076,-5.320415047752595,-3.756701677852334,188081.40604957115,7.864370882707362,-11.621072560559696,1358751.3643289388,"[0.0, 0.0]","[-3.199722241303648, -5.496861129091815]","[[188081.40604957115, 398335.50778935204], [1358751.3643289388, 462257.3734584293], [1358751.3643289388, 245535.11668466454], [188081.40604957115, 245535.11668466454]]",[0.05130722194732685],19.87191246958425,0.5
138.8177245530867,[2.391786698222735],[3.3908044320145807],11120.648116531196,7844.220678021295,[3279.6489268253313],22.750565829550247,1.9818561639123415,1e-06,1e-06,1.4647828546921535,1.168454821062387,32.6478691992445,-5.320392732643954,-3.755691470403235,188080.8587431161,7.865453754891007,-11.621145225294242,1358754.7295828804,"[0.0, 0.0]","[-3.199742553218839, -5.496895984762817]","[[188080.8587431161, 398336.37653523876], [1358754.7295828804, 462258.7776264709], [1358754.7295828804, 245535.10110429383], [188080.8587431161, 245535.10110429383]]",[0.05130672293787184],19.871686783272335,0.5
139.3177245530867,[2.3918322530065455],[3.390795023193706],11120.602336935326,7844.359555915976,[3279.644526097336],22.750567150508317,1.9818561639123415,1e-06,1e-06,1.4647828546921535,1.1684550747756821,32.64785748160608,-5.320370463090473,-3.7546449591065425,188080.31092214145,7.866572999398784,-11.621217958505326,1358758.0570729254,"[0.0, 0.0]","[-3.1997628858272953, -5.496930847351934]","[[188080.31092214145, 398337.2759682358], [1358758.0570729254, 462260.2234245506], [1358758.0570729254, 245535.0870636449], [188080.31092214145, 245535.0870636449]]",[0.051306215604268665],19.871467954391203,0.5
139.8177245530867,[2.3918780695668147],[3.390785680133631],11120.556939998092,7844.499409677292,[3279.6401745921703],22.750568448899067,1.9818561639123415,1e-06,1e-06,1.4647828546921535,1.1684553239208906,32.64784586094078,-5.320348521684298,-3.7536517909601343,188079.77274247864,7.867637620857067,-11.621289411817202,1358761.3656333366,"[0.0, 0.0]","[-3.199782858923661, -5.496965121584606]","[[188079.77274247864, 398338.13006295107], [1358761.3656333366, 462261.6039373457], [1358761.3656333366, 245535.07172155788], [188079.77274247864, 245535.07172155788]]",[0.051305724975913944],19.87124605295912,0.5
140.3177245530867,[2.391922890959899],[3.3907764252773127],11120.51191036483,7844.636054238939,[3279.6358460747956],22.75056974777723,1.9818561639123415,1e-06,1e-06,1.4647828546921535,1.16845557339632,32.64783433507682,-5.320326624857497,-3.7526229065853727,188079.2340518978,7.86873802653696,-11.621360933122332,1358764.6371042966,"[0.0, 0.0]","[-3.199802852601142, -5.496999403026464]","[[188079.2340518978, 398339.0143481983], [1358764.6371042966, 462263.0254090556], [1358764.6371042966, 245535.05789636198], [188079.2340518978, 245535.05789636198]]",[0.05130522615548419],19.871030893487376,0.5
140.8177245530867,[2.3919679692335087],[3.390767235694733],11120.467259358704,7844.773656911292,[3279.631566063613],22.75057102447679,1.9818561639123415,1e-06,1e-06,1.4647828546921535,1.1684558183820108,32.64782290541882,-5.320305050454097,-3.751646456040305,188078.70483955613,7.869784740127955,-11.62143119616826,1358767.8900016458,"[0.0, 0.0]","[-3.199822492877846, -5.497033106127325]","[[188078.70483955613, 398339.8540680249], [1358767.8900016458, 462264.38270894403], [1358767.8900016458, 245535.04279479865], [188078.70483955613, 245535.04279479865]]",[0.05130474375534702],19.870812712885474,0.5
141.3177245530867,[2.392012068467676],[3.3907581335934354],11120.422971924812,7844.908102342044,[3279.6273086395827],22.750572301666196,1.9818561639123415,1e-06,1e-06,1.4647828546921535,1.1684560636940045,32.647811569810415,-5.320283519609401,-3.7506348696109626,188078.175125897,7.870866656316764,-11.621501525927727,1358771.10646261,"[0.0, 0.0]","[-3.1998421533868187, -5.497066816312095]","[[188078.175125897, 398340.7234877851], [1358771.10646261, 462265.78030308516], [1358771.10646261, 245535.02918791526], [188078.175125897, 245535.02918791526]]",[0.05130425329609827],19.870601161624556,0.5
141.8177245530867,[2.3920564196080174],[3.3907490962626263],11120.379059227427,7845.043488006644,[3279.6230990622703],22.75057355705432,1.9818561639123415,1e-06,1e-06,1.4647828546921535,1.1684563045920613,32.64780032960812,-5.320262305574037,-3.749674829828848,188077.65473485403,7.87189578825047,-11.621570618079318,1358774.3046881466,"[0.0, 0.0]","[-3.199861466312191, -5.4970999576728685]","[[188077.65473485403, 398341.5490960724], [1358774.3046881466, 462267.1148106512], [1358774.3046881466, 245535.0143290376], [188077.65473485403, 245535.0143290376]]",[0.05130377898060665],19.870386640224233,0.5
142.3177245530867,[2.3920998074664213],[3.3907401456600703],11120.33550638359,7845.175767252382,[3279.61891170484],22.750574812929653,1.9818561639123415,1e-06,1e-06,1.4647828546921535,1.1684565458114835,32.64778918263761,-5.320241134151736,-3.748680231280673,188077.13385485398,7.872959544017988,-11.62163977529866,1358777.4671071642,"[0.0, 0.0]","[-3.199880799000755, -5.497133105775659]","[[188077.13385485398, 398342.4039163434], [1358777.4671071642, 462268.48895030085], [1358777.4671071642, 245535.00094246643], [188077.13385485398, 245535.00094246643]]",[0.05130329673958685],19.87017863772957,0.5
142.8177245530867,[2.3921434423251497],[3.3907312592809573],11120.292324287033,7845.308969110998,[3279.614771547898],22.750576047369673,1.9818561639123415,1e-06,1e-06,1.4647828546921535,1.1684567826905492,32.64777813018111,-5.320220274107767,-3.7477363143004823,188076.6221459766,7.873971400712946,-11.621707715013429,1358780.6116115986,"[0.0, 0.0]","[-3.199899789753888, -5.4971656942871325]","[[188076.6221459766, 398343.215660298], [1358780.6116115986, 462269.8010612953], [1358780.6116115986, 245534.9863271345], [188076.6221459766, 245534.9863271345]]",[0.0513028303729029],19.86996771525832,0.5
143.3177245530867,[2.3921861294273428],[3.3907224588189284],11120.24949813303,7845.439114610173,[3279.610653243051],22.75057728229011,1.9818561639123415,1e-06,1e-06,1.4647828546921535,1.168457019885426,32.64776717002843,-5.320199455841977,-3.7467584120439597,188076.1099606036,7.8750173060929,-11.62177571813686,1358783.7209188293,"[0.0, 0.0]","[-3.1999187997843404, -5.49719828916045]","[[188076.1099606036, 398344.05613135005], [1358783.7209188293, 462271.15214590856], [1358783.7209188293, 245534.97316134197], [188076.1099606036, 245534.97316134197]]",[0.05130235621372849],19.869763203003092,0.5
143.8177245530867,[2.392229058776758],[3.390713721963774],11120.207038473161,7845.570165576351,[3279.606581481835],22.750578496131787,1.9818561639123415,1e-06,1e-06,1.4647828546921535,1.168457252811832,32.64775630337601,-5.320178943708209,-3.745830345477998,188075.6067967715,7.87601217812778,-11.621842523605778,1358786.8126184596,"[0.0, 0.0]","[-3.1999374734474153, -5.497230333543385]","[[188075.6067967715, 398344.8542449629], [1358786.8126184596, 462272.4422364954], [1358786.8126184596, 245534.9587888875], [188075.6067967715, 245534.9587888875]]",[0.05130189766498265],19.869555819922688,0.5
144.3177245530867,[2.392271055725935],[3.3907050701332544],11120.164930529314,7845.698209652426,[3279.60253119045],22.75057971044493,1.9818561639123415,1e-06,1e-06,1.4647828546921535,1.168457486048328,32.647745527974735,-5.320158472611141,-3.7448688611379453,188075.10316758408,7.877040529861745,-11.62190939099969,1358789.8697136561,"[0.0, 0.0]","[-3.199956165944875, -5.4972623839735295]","[[188075.10316758408, 398345.6806058826], [1358789.8697136561, 462273.7706491565], [1358789.8697136561, 245534.94584292275], [188075.10316758408, 245534.94584292275]]",[0.05130143145506978],19.869354739933836,0.5
144.8177245530867,[2.3923132903422224],[3.3906964812053],11120.123184484813,7845.827142578423,[3279.598526769908],22.750580904028674,1.9818561639123415,1e-06,1e-06,1.4647828546921535,1.1684577150869846,32.64773484493577,-5.320138302550387,-3.743956382487511,188074.60841137829,7.878018697966468,-11.621975080453979,1358792.9094982224,"[0.0, 0.0]","[-3.1999745276023663, -5.497293892951156]","[[188074.60841137829, 398346.46531479666], [1358792.9094982224, 462275.03908334277], [1358792.9094982224, 245534.93171148066], [188074.60841137829, 245534.93171148066]]",[0.05130098059600186],19.869150837250874,0.5
145.3177245530867,[2.3923546077500744],[3.390687976317638],11120.081785582017,7845.953117510521,[3279.5945434232112],22.750582098074535,1.9818561639123415,1e-06,1e-06,1.4647828546921535,1.1684579444301568,32.64772425197742,-5.3201181728415605,-3.7430110451987275,188074.11319933916,7.879029785365731,-11.622040830564458,1358795.9152580267,"[0.0, 0.0]","[-3.199992907711087, -5.497325407756474]","[[188074.11319933916, 398347.27779834066], [1358795.9152580267, 462276.3451979229], [1358795.9152580267, 245534.9189834291], [188074.11319933916, 245534.9189834291]]",[0.05130052220464748],19.868953132098838,0.5
145.8177245530867,[2.392396158400308],[3.3906795335359665],11120.04074364583,7846.079965159584,[3279.590605264104],22.75058327173469,1.9818561639123415,1e-06,1e-06,1.4647828546921535,1.1684581696451057,32.64771375013396,-5.320098339185029,-3.742113897117747,188073.62671280175,7.879991525189382,-11.62210542230713,1358798.9039969507,"[0.0, 0.0]","[-3.2000109624683617, -5.497356390087622]","[[188073.62671280175, 398348.0493238591], [1358798.9039969507, 462277.5923333147], [1358798.9039969507, 245534.90509041413], [188073.62671280175, 245534.90509041413]]",[0.051300078908300774],19.8687526514457,0.5
146.3177245530867,[2.39243680684667],[3.390671173720712],11120.000043962435,7846.203903081187,[3279.586687776638],22.75058444584825,1.9818561639123415,1e-06,1e-06,1.4647828546921535,1.1684583951592693,32.647703337101746,-5.32007854522003,-3.7411844397041136,188073.1397786792,7.8809856339026965,-11.62217007360681,1358801.8592797986,"[0.0, 0.0]","[-3.2000290353436682, -5.497387378105841]","[[188073.1397786792, 398348.84815967106], [1358801.8592797986, 462278.87651896034], [1358801.8592797986, 245534.89257784522], [188073.1397786792, 245534.89257784522]]",[0.05129962820586222],19.868558264400352,0.5
146.8177245530867,[2.3924776842331426],[3.3906628751285384],11119.959696025053,7846.328697984563,[3279.5828147920784],22.750585599914853,1.9818561639123415,1e-06,1e-06,1.4647828546921535,1.1684586166138777,32.647693013848595,-5.320059042406932,-3.7403023673660414,188072.66142415136,7.881931218535897,-11.622233585901938,1358804.7978258077,"[0.0, 0.0]","[-3.2000467883004777, -5.49741784254032]","[[188072.66142415136, 398349.6067209579], [1358804.7978258077, 462280.10270972044], [1358804.7978258077, 245534.8789203308], [188072.66142415136, 245534.8789203308]]",[0.051299192346233015],19.868361148209278,0.5
147.3177245530867,[2.3925176742026015],[3.3906546583490784],11119.919685197267,7846.4506307173615,[3279.5789620791384],22.75058675442704,1.9818561639123415,1e-06,1e-06,1.4647828546921535,1.168458838362665,32.647682778061096,-5.320039578630216,-3.7393885247424237,188072.1826295712,7.8829086320074,-11.622297156749823,1358807.7034743957,"[0.0, 0.0]","[-3.2000645590719263, -5.497448312565702]","[[188072.1826295712, 398350.39213689], [1358807.7034743957, 462281.36533252266], [1358807.7034743957, 245534.86662059353], [188072.1826295712, 245534.86662059353]]",[0.05129874920412244],19.868170023413658,0.5
147.8177245530867,[2.3925578889051735],[3.390646501837656],11119.88002067894,7846.573405023236,[3279.5751531904634],22.750587889226153,1.9818561639123415,1e-06,1e-06,1.4647828546921535,1.1684590561195767,32.6476726306509,-5.320020401175731,-3.738521275232813,188071.71227077054,7.883838332446317,-11.62235960767913,1358810.5926649773,"[0.0, 0.0]","[-3.2000820152825713, -5.4974782677762635]","[[188071.71227077054, 398351.1379514546], [1358810.5926649773, 462282.570929848], [1358810.5926649773, 245534.85319551404], [188071.71227077054, 245534.85319551404]]",[0.051298320656413786],19.867976215066555,0.5
148.3177245530867,[2.3925972307410577],[3.3906384259215145],11119.840687944821,7846.6933639577555,[3279.57136418126],22.75058902446374,1.9818561639123415,1e-06,1e-06,1.4647828546921535,1.1684592741658208,32.64766256930511,-5.320001262102365,-3.7376227845263656,188071.24147918812,7.884799331665647,-11.622422116192013,1358813.449507016,"[0.0, 0.0]","[-3.200099489016747, -5.497508228495752]","[[188071.24147918812, 398351.9101734373], [1358813.449507016, 462283.8123524714], [1358813.449507016, 245534.84110585452], [188071.24147918812, 245534.84110585452]]",[0.05129788494749441],19.86778829764738,0.5
148.8177245530867,[2.3926367931810084],[3.390630409261499],11119.801695931807,7846.814149336287,[3279.567618327876],22.750590140316998,1.9818561639123415,1e-06,1e-06,1.4647828546921535,1.16845948828681,32.647652594888086,-5.319982404590933,-3.736770107414088,188070.77898199132,7.885713416137037,-11.622483523551125,1358816.290164705,"[0.0, 0.0]","[-3.200116653459199, -5.497537683024672]","[[188070.77898199132, 398352.6434566296], [1358816.290164705, 462284.99770373595], [1358816.290164705, 245534.82791005692], [188070.77898199132, 245534.82791005692]]",[0.05129746358855212],19.867597741550078,0.5
149.3177245530867,[2.392675497060655],[3.3906224719315756],11119.763030255433,7846.932165366134,[3279.5638919719386],22.750591256601965,1.9818561639123415,1e-06,1e-06,1.4647828546921535,1.1684597026923957,32.64764270509619,-5.319963584808235,-3.735886708839189,188070.3160592663,7.886658278687719,-11.622544987526908,1358819.0990129572,"[0.0, 0.0]","[-3.200133835136012, -5.49756714297707]","[[188070.3160592663, 398353.40270791657], [1358819.0990129572, 462286.2182842529], [1358819.0990129572, 245534.81602762186], [188070.3160592663, 245534.81602762186]]",[0.05129703518756917],19.867412977649654,0.5
149.8177245530867,[2.3927144174877286],[3.3906145928063127],11119.72469962051,7847.050992975028,[3279.560208114671],22.750592353825972,1.9818561639123415,1e-06,1e-06,1.4647828546921535,1.168459913238234,32.64763290075393,-5.319945041900624,-3.7350483570986626,188069.86129206236,7.887557011679689,-11.622605368778352,1358821.8919452836,"[0.0, 0.0]","[-3.20015071269653, -5.497596105209508]","[[188069.86129206236, 398354.1236721379], [1358821.8919452836, 462287.3837318366], [1358821.8919452836, 245534.8030578414], [188069.86129206236, 245534.8030578414]]",[0.05129662089623904],19.86722561923539,0.5
150.3177245530867,[2.3927524934198727],[3.390606791713431],11119.686689802425,7847.167096490994,[3279.556543382942],22.750593451474998,1.9818561639123415,1e-06,1e-06,1.4647828546921535,1.1684601240639885,32.64762317957371,-5.3199265360779595,-3.7341797948656676,188069.4061066278,7.888486010808151,-11.622665805673819,1358824.6535976022,"[0.0, 0.0]","[-3.200167607200952, -5.4976250727709886]","[[188069.4061066278, 398354.87017253455], [1358824.6535976022, 462288.5838226244], [1358824.6535976022, 245534.79137963968], [188069.4061066278, 245534.79137963968]]",[0.05129619968010044],19.86704395598626,0.5
150.8177245530867,[2.392790781914872],[3.3905990477476786],11119.649009296612,7847.283996982296,[3279.5529205033013],22.750594530380887,1.9818561639123415,1e-06,1e-06,1.4647828546921535,1.1684603310943749,32.64761354234645,-5.319908302521606,-3.733355525626962,188068.958940334,7.889369652317953,-11.622725177944915,1358827.3995972725,"[0.0, 0.0]","[-3.20018420267188, -5.497653550931025]","[[188068.958940334, 398355.5790266034], [1358827.3995972725, 462289.7297030383], [1358827.3995972725, 245534.77863246182], [188068.958940334, 245534.77863246182]]",[0.05129579233741032],19.86685974167569,0.5
151.3177245530867,[2.392828239747034],[3.3905913804982473],11119.611644058003,7847.398217892003,[3279.5493163862097],22.750595609705005,1.9818561639123415,1e-06,1e-06,1.4647828546921535,1.1684605384000295,32.647603986806246,-5.31989010541979,-3.732501548521441,188068.51136310372,7.8902830563664565,-11.622784604887897,1358830.1148369163,"[0.0, 0.0]","[-3.2002008147962915, -5.497682034318868]","[[188068.51136310372, 398356.31299197854], [1358830.1148369163, 462290.9096501303], [1358830.1148369163, 245534.76715533473], [188068.51136310372, 245534.76715533473]]",[0.05129537818528444],19.86668112714972,0.5
151.8177245530867,[2.3928659062323936],[3.3905837692846656],11119.574602388999,7847.513221440877,[3279.545753483911],22.75059667059828,1.9818561639123415,1e-06,1e-06,1.4647828546921535,1.1684607419735769,32.647594513716,-5.319872176056033,-3.731691123431517,188068.0716710011,7.8911518615609,-11.622842984992417,1358832.8146822744,"[0.0, 0.0]","[-3.200217132881428, -5.4977100364785425]","[[188068.0716710011, 398357.00994083064], [1358832.8146822744, 462292.03629364615], [1358832.8146822744, 245534.75462717997], [188068.0716710011, 245534.75462717997]]",[0.05129497767445934],19.866500004297826,0.5
152.3177245530867,[2.3929027556620808],[3.390576233463622],11119.537870438162,7847.6255891993715,[3279.542208988785],22.750597731902857,1.9818561639123415,1e-06,1e-06,1.4647828546921535,1.1684609458177801,32.64758512083603,-5.319854282532114,-3.7308514850006986,188067.63157517687,7.892049933806788,-11.622901418807487,1358835.484278536,"[0.0, 0.0]","[-3.200233467332427, -5.497738043762906]","[[188067.63157517687, 398357.7315829657], [1358835.484278536, 462293.1964365806], [1358835.484278536, 245534.74334780243], [188067.63157517687, 245534.74334780243]]",[0.05129457046773528],19.866324387454398,0.5
152.8177245530867,[2.392939809912388],[3.390568752584132],11119.501456332686,7847.738725533191,[3279.5387050794725],22.75059877508348,1.9818561639123415,1e-06,1e-06,1.4647828546921535,1.1684611459920473,32.647575808906026,-5.319836652298441,-3.730054670254617,188067.1992327175,7.892904153017014,-11.622958823271631,1358838.1387343078,"[0.0, 0.0]","[-3.200249512654208, -5.497765577854447]","[[188067.1992327175, 398358.41682763223], [1358838.1387343078, 462294.30416726205], [1358838.1387343078, 245534.73103494305], [188067.1992327175, 245534.73103494305]]",[0.05129417667411988],19.866146304303257,0.5
153.3177245530867,[2.3929760604957226],[3.390561345774412],11119.46534642269,7847.849269166904,[3279.535219228714],22.75059981866837,1.9818561639123415,1e-06,1e-06,1.4647828546921535,1.1684613464324038,32.64756657571695,-5.3198190573055815,-3.7292291287080843,188066.76649361078,7.893787151795493,-11.623016280503577,1358840.763443279,"[0.0, 0.0]","[-3.2002655740593715, -5.497793116969901]","[[188066.76649361078, 398359.1263543092], [1358840.763443279, 462295.4448392602], [1358840.763443279, 245534.7199498536], [188066.76649361078, 245534.7199498536]]",[0.05129377629630393],19.865973634949803,0.5
153.8177245530867,[2.3930125121438803],[3.3905539928167685],11119.429548676242,7847.960567582272,[3279.5317733426095],22.750600844430927,1.9818561639123415,1e-06,1e-06,1.4647828546921535,1.168461543263941,32.64755742198946,-5.31980172123364,-3.728445694873699,188066.34137827065,7.894627030711263,-11.623072725584962,1358843.3732613446,"[0.0, 0.0]","[-3.2002813511646457, -5.497820190795829]","[[188066.34137827065, 398359.80009206996], [1358843.3732613446, 462296.5339752254], [1358843.3732613446, 245534.70784845453], [188066.34137827065, 245534.70784845453]]",[0.05129338910725247],19.865798540595407,0.5
154.3177245530867,[2.3930481733007887],[3.390546712615415],11119.394049654926,7848.0693157040805,[3279.5283451728637],22.750601870590735,1.9818561639123415,1e-06,1e-06,1.4647828546921535,1.1684617403570614,32.64754834554839,-5.3197844198177595,-3.7276340128540255,188065.91587318975,7.895495209659941,-11.623129222513967,1358845.9538266812,"[0.0, 0.0]","[-3.200297144077139, -5.49784726954922]","[[188065.91587318975, 398360.4977072692], [1358845.9538266812, 462297.6555035099], [1358845.9538266812, 245534.696954103], [188065.91587318975, 245534.696954103]]",[0.05129299544385893],19.865628769362118,0.5
154.8177245530867,[2.393084031842371],[3.3905394851880315],11119.358857179026,7848.178805080177,[3279.524956354364],22.750602879224726,1.9818561639123415,1e-06,1e-06,1.4647828546921535,1.168461933901456,32.64753934709904,-5.319767373029047,-3.72686373463614,188065.4978643913,7.896320989576111,-11.623184724212251,1358848.5197467855,"[0.0, 0.0]","[-3.2003126574402985, -5.497873890787652]","[[188065.4978643913, 398361.160131853], [1358848.5197467855, 462298.7263572421], [1358848.5197467855, 245534.68506027097], [188065.4978643913, 245534.68506027097]]",[0.0512926147486394],19.865456613734203,0.5
155.3177245530867,[2.3931191128582134],[3.390532329218461],11119.323958029172,7848.2857858947455,[3279.521584916504],22.750603888248985,1.9818561639123415,1e-06,1e-06,1.4647828546921535,1.1684621277029965,32.647530424502804,-5.319750360324147,-3.7260656789820246,188065.0794725937,7.897174597878063,-11.623240276860088,1358851.0569003494,"[0.0, 0.0]","[-3.200328186340993, -5.497900516861955]","[[188065.0794725937, 398361.84603595437], [1358851.0569003494, 462299.82906334003], [1358851.0569003494, 245534.67435306826], [188065.0794725937, 245534.67435306826]]",[0.051292227687106666],19.865289692059527,0.5
155.8177245530867,[2.393154387651995],[3.390525224961698],11119.28935988948,7848.393494695874,[3279.518252224504],22.75060488003901,1.9818561639123415,1e-06,1e-06,1.4647828546921535,1.1684623180149045,32.64752157845271,-5.319733598025434,-3.725308335013551,188064.6684516828,7.897986515906496,-11.623294850920047,1358853.579650669,"[0.0, 0.0]","[-3.2003434403651885, -5.497926693068782]","[[188064.6684516828, 398362.49733771663], [1358853.579650669, 462300.88194195426], [1358853.579650669, 245534.6626628996], [188064.6684516828, 245534.6626628996]]",[0.05129185337683401],19.865120425909545,0.5
156.3177245530867,[2.3931888976771103],[3.390518190884411],11119.255049765387,7848.498735999221,[3279.5149365840584],22.750605872212404,1.9818561639123415,1e-06,1e-06,1.4647828546921535,1.1684625085795963,32.64751280684857,-5.319716869249154,-3.7245236765758136,188064.25705436783,7.898825798474945,-11.623349475050759,1358856.0741129941,"[0.0, 0.0]","[-3.2003587096630444, -5.4979528740236345]","[[188064.25705436783, 398363.17172765493], [1358856.0741129941, 462301.96614192764], [1358856.0741129941, 245534.65213926104], [188064.25705436783, 245534.65213926104]]",[0.05129147280647136],19.86495630603096,0.5
156.8177245530867,[2.3932235979452328],[3.3905112074799826],11119.221035213748,7848.604692276238,[3279.51165909231],22.75060684743829,1.9818561639123415,1e-06,1e-06,1.4647828546921535,1.1684626957127688,32.647504110373575,-5.319700386728399,-3.723779049267705,188063.8529046165,7.899624087694178,-11.623403136961883,1358858.5544105396,"[0.0, 0.0]","[-3.2003737086801682, -5.497978612632426]","[[188063.8529046165, 398363.8120937048], [1358858.5544105396, 462303.0013473545], [1358858.5544105396, 245534.64064887952], [188063.8529046165, 245534.64064887952]]",[0.051291104774067016],19.864789880923322,0.5
157.3177245530867,[2.3932575459959917],[3.3905042929995086],11119.187303465344,7848.708221460173,[3279.508398329863],22.75060782304078,1.9818561639123415,1e-06,1e-06,1.4647828546921535,1.168462883094435,32.647495486967046,-5.3196839371784765,-3.7230075627830956,188063.44838493172,7.900449285298464,-11.62345684808156,1358861.0068911808,"[0.0, 0.0]","[-3.2003887227120242, -5.498004355903874]","[[188063.44838493172, 398364.4751630764], [1358861.0068911808, 462304.0673519532], [1358861.0068911808, 245534.63030525763], [188063.44838493172, 245534.63030525763]]",[0.05129073058602211],19.864628515868894,0.5
157.8177245530867,[2.39329168082278],[3.3904974281763947],11119.153861960693,7848.812452847707,[3279.5051751274195],22.750608781977736,1.9818561639123415,1e-06,1e-06,1.4647828546921535,1.1684630671017329,32.647486937303995,-5.319667729801877,-3.7222754382364656,188063.0509915449,7.901234174840226,-11.623509613076692,1358863.4454420607,"[0.0, 0.0]","[-3.2004034709824105, -5.49802966422549]","[[188063.0509915449, 398365.1047773506], [1358863.4454420607, 462305.08518104686], [1358863.4454420607, 245534.61901084176], [188063.0509915449, 245534.61901084176]]",[0.05129036872619198],19.864464884171944,0.5
158.3177245530867,[2.3933250757809414],[3.39049063104824],11119.120698157125,7848.914296898319,[3279.5019683388477],22.75060974128463,1.9818561639123415,1e-06,1e-06,1.4647828546921535,1.1684632513533064,32.647478459363924,-5.319651554853605,-3.7215169022572923,188062.65323458792,7.902045524175435,-11.623562426432727,1358865.8566398027,"[0.0, 0.0]","[-3.200418234012915, -5.498054977125769]","[[188062.65323458792, 398365.75671647326], [1358865.8566398027, 462306.1332957969], [1358865.8566398027, 245534.60884374825], [188062.65323458792, 245534.60884374825]]",[0.051290000813431595],19.86430622775091,0.5
158.8177245530867,[2.393358654114782],[3.3904838825874672],11119.087819381517,7849.016830621221,[3279.4987985301736],22.75061068420331,1.9818561639123415,1e-06,1e-06,1.4647828546921535,1.168463432286714,32.6474700538148,-5.319635618063414,-3.720797070213223,188062.2624847017,7.9028172392756915,-11.623614309488914,1358868.2541394169,"[0.0, 0.0]","[-3.2004327357253954, -5.498079862348428]","[[188062.2624847017, 398366.3757597783], [1358868.2541394169, 462307.1340404], [1358868.2541394169, 245534.59774154815], [188062.2624847017, 245534.59774154815]]",[0.0512896450226505],19.864145342626163,0.5
159.3177245530867,[2.393391504728491],[3.3904772006202726],11119.055213318616,7849.117016122456,[3279.495644826762],22.75061162748537,1.9818561639123415,1e-06,1e-06,1.4647828546921535,1.1684636134602475,32.647461718676084,-5.319619713167722,-3.720051267073302,188061.87137751505,7.903614972997502,-11.623666240070804,1358870.6247424604,"[0.0, 0.0]","[-3.2004472519471445, -5.498104752066312]","[[188061.87137751505, 398367.01675571926], [1358870.6247424604, 462308.1645656487], [1358870.6247424604, 245534.5877475664], [188061.87137751505, 245534.5877475664]]",[0.051289283279947855],19.863989349416997,0.5
159.8177245530867,[2.3934245353830974],[3.3904705663581316],11119.02288718728,7849.21787899963,[3279.4925275315873],22.75061255465193,1.9818561639123415,1e-06,1e-06,1.4647828546921535,1.1684637913708842,32.64745345460966,-5.3196040424807745,-3.719343520851794,188061.48716017444,7.904373735060176,-11.62371725591197,1358872.981875665,"[0.0, 0.0]","[-3.2004615112196584, -5.498129221256469]","[[188061.48716017444, 398367.6254057838], [1358872.981875665, 462309.1485126712], [1358872.981875665, 245534.57683391357], [188061.48716017444, 245534.57683391357]]",[0.05128893345643405],19.863831164806225,0.5
160.3177245530867,[2.393456850269134],[3.3904639974162833],11118.990828894945,7849.316432139875,[3279.4894260396854],22.750613482175435,1.9818561639123415,1e-06,1e-06,1.4647828546921535,1.1684639695175665,32.64744525967461,-5.319588403163225,-3.718610236565837,188061.10259170423,7.905158081890988,-11.623768318456825,1358875.3125617295,"[0.0, 0.0]","[-3.2004757847545373, -5.498153694859433]","[[188061.10259170423, 398368.2556424474], [1358875.3125617295, 462310.16174371936], [1358875.3125617295, 245534.5670097088], [188061.10259170423, 245534.5670097088]]",[0.0512885777803268],19.863677790144713,0.5
160.8177245530867,[2.393489341924916],[3.390457475244625],11118.959045556301,7849.415650588121,[3279.4863603927247],22.750614393851645,1.9818561639123415,1e-06,1e-06,1.4647828546921535,1.1684641444557031,32.64743713452691,-5.319572994169747,-3.7179143729921975,188060.72479782734,7.905904108566176,-11.623818481558374,1358877.6300028923,"[0.0, 0.0]","[-3.2004898056355815, -5.498177754964462]","[[188060.72479782734, 398368.85407398606], [1358877.6300028923, 462311.12917523686], [1358877.6300028923, 245534.55628102558], [188060.72479782734, 245534.55628102558]]",[0.051288233824009204],19.863522260758636,0.5
161.3177245530867,[2.39352112957016],[3.390451017249031],11118.927525300369,7849.512597164565,[3279.48331025355],22.750615305878473,1.9818561639123415,1e-06,1e-06,1.4647828546921535,1.1684643196258722,32.64742907726463,-5.31955761602885,-3.717193397223184,188060.34665890157,7.906675293330579,-11.623868690553763,1358879.921439286,"[0.0, 0.0]","[-3.2005038405356414, -5.4982018194002755]","[[188060.34665890157, 398369.47373214015], [1358879.921439286, 462312.1254023815], [1358879.921439286, 245534.54662335024], [188060.34665890157, 245534.54662335024]]",[0.05128788411278257],19.86337146072584,0.5
161.8177245530867,[2.3935530907766043],[3.3904446051159893],11118.896275137704,7849.610197205937,[3279.480295404301],22.750616202321773,1.9818561639123415,1e-06,1e-06,1.4647828546921535,1.168464491640944,32.64742108853807,-5.319542464390888,-3.7165092166004,188059.97518125756,7.9074087985454184,-11.623918015145819,1358882.1998523993,"[0.0, 0.0]","[-3.200517627004971, -5.4982254772496075]","[[188059.97518125756, 398370.06211687636], [1358882.1998523993, 462313.0765956758], [1358882.1998523993, 245534.5360761514], [188059.97518125756, 245534.5360761514]]",[0.05128754592528434],19.863218542030577,0.5
162.3177245530867,[2.393584359539834],[3.3904382560425903],11118.86528341411,7849.705562629817,[3279.4772957736577],22.750617099109462,1.9818561639123415,1e-06,1e-06,1.4647828546921535,1.1684646638841025,32.64741316648326,-5.319527343096874,-3.7158003426085884,188059.60336455517,7.908167042225216,-11.623967384833804,1358884.4526961395,"[0.0, 0.0]","[-3.2005314272536447, -5.498249139348327]","[[188059.60336455517, 398370.6713741978], [1358884.4526961395, 462314.056104283], [1358884.4526961395, 245534.52658184594], [188059.60336455517, 245534.52658184594]]",[0.051287202078944605],19.863070273439643,0.5
162.8177245530867,[2.3936157987170805],[3.390431951951121],11118.834557039552,7849.801569895952,[3279.4743308860398],22.750617980573033,1.9818561639123415,1e-06,1e-06,1.4647828546921535,1.1684648330247256,32.64740531174476,-5.319512444547183,-3.71512764865048,188059.23809772768,7.908888236255223,-11.624015884905702,1358886.6927349034,"[0.0, 0.0]","[-3.200544983223734, -5.498272401655859]","[[188059.23809772768, 398371.2498809225], [1358886.6927349034, 462314.9913319308], [1358886.6927349034, 245534.51621273937], [188059.23809772768, 245534.51621273937]]",[0.05128686956355126],19.86291992164369,0.5
163.3177245530867,[2.393646556831159],[3.390425709830447],11118.804084571679,7849.895379198914,[3279.4713809339664],22.75061886237488,1.9818561639123415,1e-06,1e-06,1.4647828546921535,1.1684650023895546,32.64739752249574,-5.319497575840825,-3.7144306732133145,188058.87249773933,7.909633756074754,-11.624064429288069,1358888.907632799,"[0.0, 0.0]","[-3.200558552737053, -5.498295668132058]","[[188058.87249773933, 398371.8489120649], [1358888.907632799, 462315.9544025393], [1358888.907632799, 245534.50687873288], [188058.87249773933, 245534.50687873288]]",[0.051286531483790615],19.862774142027313,0.5
163.8177245530867,[2.3936774822726776],[3.3904195118366243],11118.773872819716,7849.989818939204,[3279.4684651860575],22.75061972910773,1.9818561639123415,1e-06,1e-06,1.4647828546921535,1.1684651687035392,32.64738979937465,-5.319482926181638,-3.713769272975526,188058.5133380899,7.910342845618061,-11.624112118593587,1358891.1099407244,"[0.0, 0.0]","[-3.2005718820542923, -5.4983185414983335]","[[188058.5133380899, 398372.4177066948], [1358891.1099407244, 462316.8739325053], [1358891.1099407244, 245534.4966844198], [188058.5133380899, 245534.4966844198]]",[0.05128620454541807],19.862626314069068,0.5
164.3177245530867,[2.393707737846772],[3.390413374751022],11118.743910548506,7850.082096780053,[3279.4655640965966],22.75062059617286,1.9818561639123415,1e-06,1e-06,1.4647828546921535,1.1684653352379148,32.647382140590594,-5.319468305872974,-3.7130839963541007,188058.15385108927,7.911075855081663,-11.624159851435763,1358893.2875294702,"[0.0, 0.0]","[-3.2005852246822033, -5.498341418953219]","[[188058.15385108927, 398373.00668331876], [1358893.2875294702, 462317.82084087725], [1358893.2875294702, 245534.48750772834], [188058.15385108927, 245534.48750772834]]",[0.05128587213559346],19.862482981667558,0.5
164.8177245530867,[2.3937381577204886],[3.3904072809622994],11118.714204469064,7850.17499386451,[3279.462696680276],22.750621448419896,1.9818561639123415,1e-06,1e-06,1.4647828546921535,1.16846549877228,32.64737454677601,-5.3194539009747155,-3.7124337002106245,188057.80069673088,7.911773043285507,-11.624206743496131,1358895.452739999,"[0.0, 0.0]","[-3.2005983311280106, -5.498363909867276]","[[188057.80069673088, 398373.56592891796], [1358895.452739999, 462318.72493655124], [1358895.452739999, 245534.47748499905], [188057.80069673088, 245534.47748499905]]",[0.05128555068077015],19.86233763520218,0.5
165.3177245530867,[2.3937679187419314],[3.39040124704475],11118.684743547747,7850.265764534346,[3279.4598436510632],22.750622300993335,1.9818561639123415,1e-06,1e-06,1.4647828546921535,1.1684656625232868,32.647367016174655,-5.3194395249419415,-3.7117599260213296,188057.44722072838,7.912493752311946,-11.624253678333275,1358897.5936462986,"[0.0, 0.0]","[-3.200611450655822, -5.498386404791246]","[[188057.44722072838, 398374.1450197996], [1358897.5936462986, 462319.6559538356], [1358897.5936462986, 245534.46846272395], [188057.44722072838, 245534.46846272395]]",[0.05128522384585338],19.86219670895097,0.5
165.8177245530867,[2.3937978410927654],[3.390395255617295],11118.655534396416,7850.357143461222,[3279.4570237717085],22.750623138995444,1.9818561639123415,1e-06,1e-06,1.4647828546921535,1.1684658233242775,32.64735954941233,-5.319425360742285,-3.711120547475957,188057.09997146935,7.9131792389690645,-11.624299786445022,1358899.72238285,"[0.0, 0.0]","[-3.2006243379485766, -5.4984085196338865]","[[188057.09997146935, 398374.6948767398], [1358899.72238285, 462320.54487426725], [1358899.72238285, 245534.45860846137], [188057.09997146935, 245534.45860846137]]",[0.051284907782652885],19.862053802340927,0.5
166.3177245530867,[2.39382711542786],[3.3903893230480437],11118.626566178664,7850.446430885566,[3279.4542180137423],22.750623977318195,1.9818561639123415,1e-06,1e-06,1.4647828546921535,1.168465984338226,32.647352144766785,-5.31941122493048,-3.7104580826170377,188056.75240618378,7.913887853968504,-11.624345936585541,1358901.8272234274,"[0.0, 0.0]","[-3.200637238098329, -5.49843063840879]","[[188056.75240618378, 398375.2642478344], [1358901.8272234274, 462321.4602670939], [1358901.8272234274, 245534.44973779164], [188056.75240618378, 245534.44973779164]]",[0.051284586429201466],19.86191524186316,0.5
166.8177245530867,[2.393856548179321],[3.390383432184533],11118.597845408709,7850.53631578608,[3279.451444890007],22.750624801312313,1.9818561639123415,1e-06,1e-06,1.4647828546921535,1.1684661424513252,32.64734480285705,-5.319397297432781,-3.7098294383289385,188056.4109635211,7.914561835492464,-11.624391273821402,1358903.9200994533,"[0.0, 0.0]","[-3.2006499098938304, -5.498452383453542]","[[188056.4109635211, 398375.8048737737], [1358903.9200994533, 462322.33426696726], [1358903.9200994533, 245534.4400489672], [188056.4109635211, 245534.4400489672]]",[0.051284275667245055],19.86177473416807,0.5
167.3177245530867,[2.3938853435758127],[3.390377599189455],11118.569361442684,7850.62414353257,[3279.4486856274725],22.750625625621428,1.9818561639123415,1e-06,1e-06,1.4647828546921535,1.1684663007737612,32.64733752199339,-5.319383397852656,-3.7091780929657716,188056.06921036172,7.915258559383915,-11.624436652349686,1358905.9894811432,"[0.0, 0.0]","[-3.200662594324792, -5.498474132353678]","[[188056.06921036172, 398376.3646882286], [1358905.9894811432, 462323.2342974702], [1358905.9894811432, 245534.43132717256], [188056.06921036172, 245534.43132717256]]",[0.0512839597033904],19.861638499762364,0.5
167.8177245530867,[2.393914294530606],[3.3903718071364763],11118.541120696047,7850.712558172583,[3279.445958491148],22.750626435840594,1.9818561639123415,1e-06,1e-06,1.4647828546921535,1.1684664562437,32.647330302787736,-5.319369703125122,-3.708560002694128,188055.73347745105,7.915921228868058,-11.624481231562186,1358908.0471002331,"[0.0, 0.0]","[-3.200675054217298, -5.498495513768361]","[[188055.73347745105, 398376.89623815933], [1358908.0471002331, 462324.0936271783], [1358908.0471002331, 245534.42180084015], [188055.73347745105, 245534.42180084015]]",[0.05128365415382051],19.861500350726708,0.5
168.3177245530867,[2.3939426186185466],[3.3903660719839896],11118.513112713377,7850.7989494532085,[3279.443244961154],22.75062724636922,1.9818561639123415,1e-06,1e-06,1.4647828546921535,1.1684666119194178,32.6473231435819,-5.319356035852175,-3.707919590194706,188055.3974394843,7.9166062611478765,-11.624525851342582,1358910.081620068,"[0.0, 0.0]","[-3.2006875265272297, -5.498516898962522]","[[188055.3974394843, 398377.4466563689], [1358910.081620068, 462324.97855308227], [1358910.081620068, 245534.41322526574], [188055.3974394843, 245534.41322526574]]",[0.05128334348923844],19.861366403355802,0.5
168.8177245530867,[2.3939710954618594],[3.3903603770299275],11118.485343812355,7850.885917243049,[3279.4405630567603],22.75062804304264,1.9818561639123415,1e-06,1e-06,1.4647828546921535,1.1684667647901896,32.64731604498047,-5.319342570026917,-3.707311876740903,188055.06732110668,7.917257808428019,-11.624569685168922,1358912.104576028,"[0.0, 0.0]","[-3.2006997780506374, -5.498537922811388]","[[188055.06732110668, 398377.9692826672], [1358912.104576028, 462325.8234588038], [1358912.104576028, 245534.40385855673], [188055.06732110668, 245534.40385855673]]",[0.05128304306469079],19.86123057339753,0.5
169.3177245530867,[2.3939989557564445],[3.390354738029085],11118.457803720761,7850.9708949226915,[3279.437894509014],22.750628840020088,1.9818561639123415,1e-06,1e-06,1.4647828546921535,1.1684669178632434,32.64730900535591,-5.319329131200519,-3.7066822136184783,188054.73690302388,7.917931345232091,-11.62461355885057,1358914.1048213448,"[0.0, 0.0]","[-3.2007120417769546, -5.498558950364899]","[[188054.73690302388, 398378.51046232297], [1358914.1048213448, 462326.6935335023], [1358914.1048213448, 245534.39542661927], [188054.73690302388, 245534.39542661927]]",[0.051282737610573406],19.861098874677364,0.5
169.8177245530867,[2.3940269660560634],[3.390349138501717],11118.430498659241,7851.056438916936,[3279.4352570935407],22.750629623373204,1.9818561639123415,1e-06,1e-06,1.4647828546921535,1.1684670681781155,32.64730202530501,-5.319315890472655,-3.7060847027656223,188054.4123055541,7.9185719569505295,-11.624656659716152,1358916.093698302,"[0.0, 0.0]","[-3.2007240884059067, -5.498579622610618]","[[188054.4123055541, 398379.02431480074], [1358916.093698302, 462327.5242572855], [1358916.093698302, 245534.3862167386], [188054.4123055541, 245534.3862167386]]",[0.051282442225148835],19.86096532487689,0.5
170.3177245530867,[2.394054369958814],[3.390343593999971],11118.403418534544,7851.140025516797,[3279.43263279015],22.75063040702502,1.9818561639123415,1e-06,1e-06,1.4647828546921535,1.1684672186918328,32.64729510322985,-5.319302676295086,-3.705465608618681,188054.08741364037,7.919234191118164,-11.624699799736845,1358918.060246841,"[0.0, 0.0]","[-3.200736147026863, -5.498600298487367]","[[188054.08741364037, 398379.55641094234], [1358918.060246841, 462328.37972992007], [1358918.060246841, 245534.3779259222], [188054.08741364037, 245534.3779259222]]",[0.051282141894176944],19.86083583706595,0.5
170.8177245530867,[2.394081921168497],[3.3903380882642367],11118.37656947005,7851.224168424904,[3279.4300391328716],22.75063117727956,1.9818561639123415,1e-06,1e-06,1.4647828546921535,1.1684673664933585,32.647288239719444,-5.319289656921766,-3.7048781290832267,188053.7682450188,7.919864050776596,-11.624742179859822,1358920.0156193462,"[0.0, 0.0]","[-3.200747992178053, -5.498620624992969]","[[188053.7682450188, 398380.061636889], [1358920.0156193462, 462329.1965097459], [1358920.0156193462, 245534.36887014427], [188053.7682450188, 245534.36887014427]]",[0.05128185146341719],19.86070452915534,0.5
171.3177245530867,[2.3941088759678584],[3.3903326366452435],11118.349941547684,7851.30638612359,[3279.42745834797],22.750631947827575,1.9818561639123415,1e-06,1e-06,1.4647828546921535,1.168467514490352,32.6472814332044,-5.319276663657245,-3.7042694265441014,188053.44878712558,7.920515171905038,-11.62478459844914,1358921.9490393496,"[0.0, 0.0]","[-3.2007598491137204, -5.498640955057138]","[[188053.44878712558, 398380.5848019491], [1358921.9490393496, 462330.0376252781], [1358921.9490393496, 245534.36071799623], [188053.44878712558, 245534.36071799623]]",[0.05128155616973568],19.860577215144215,0.5
171.8177245530867,[2.3941359754281275],[3.3903272231013912],11118.323540794394,7851.389150311889,[3279.424907730179],22.750632705201614,1.9818561639123415,1e-06,1e-06,1.4647828546921535,1.1684676598203823,32.64727468426588,-5.319263861956698,-3.7036918099183254,188053.13495682925,7.921134459925497,-11.624826269843823,1358923.8714724965,"[0.0, 0.0]","[-3.2007714961466647, -5.498660941587684]","[[188053.13495682925, 398381.0815461808], [1358923.8714724965, 462330.8406951398], [1358923.8714724965, 245534.35181366146], [188053.13495682925, 245534.35181366146]]",[0.05128127061059695],19.860448111496616,0.5
172.3177245530867,[2.3941624883030266],[3.390321862782768],11118.297357461668,7851.470020956823,[3279.4223697498137],22.750633462864016,1.9818561639123415,1e-06,1e-06,1.4647828546921535,1.1684678053425614,32.6472679913623,-5.319251085930451,-3.703093324595102,188052.82084234557,7.921774654432795,-11.624867979027897,1358925.7723228175,"[0.0, 0.0]","[-3.2007831547600984, -5.498680931605551]","[[188052.82084234557, 398381.59593003406], [1358925.7723228175, 462331.6676944258], [1358925.7723228175, 245534.3437977889], [188052.82084234557, 245534.3437977889]]",[0.051280980269788286],19.86032293479777,0.5
172.8177245530867,[2.3941891432420825],[3.3903165398644974],11118.271397483293,7851.551428450803,[3279.419861464518],22.750634207572052,1.9818561639123415,1e-06,1e-06,1.4647828546921535,1.1684679482422573,32.64726135506652,-5.319238498281103,-3.7025254053029926,188052.51226136246,7.922383548204891,-11.624908953507884,1358927.6623723342,"[0.0, 0.0]","[-3.200794606978283, -5.4987005838299465]","[[188052.51226136246, 398382.0843349323], [1358927.6623723342, 462332.457284389], [1358927.6623723342, 245534.33504229903], [188052.51226136246, 245534.33504229903]]",[0.05128069950061909],19.860195998416838,0.5
173.3177245530867,[2.394215221262015],[3.3903112692971673],11118.24565127647,7851.630973557985,[3279.41736558642],22.750634952563423,1.9818561639123415,1e-06,1e-06,1.4647828546921535,1.1684680913308398,32.64725477386418,-5.319225935878452,-3.7019369657325,188052.20340118866,7.9230129993797505,-11.62494996511225,1358929.5312025624,"[0.0, 0.0]","[-3.200806070576401, -5.498720239471673]","[[188052.20340118866, 398382.59008493664], [1358929.5312025624, 462333.2704042471], [1358929.5312025624, 245534.3271603652], [188052.20340118866, 245534.3271603652]]",[0.051280414029680046],19.860072923154345,0.5
173.8177245530867,[2.39424143879889],[3.3903060354697487],11118.220124679685,7851.711046052376,[3279.4148989382265],22.750635684816405,1.9818561639123415,1e-06,1e-06,1.4647828546921535,1.1684682318406814,32.64724824831973,-5.319213558717963,-3.7013785809756996,188051.89998199002,7.923611673319044,-11.624990254294744,1358931.3894149426,"[0.0, 0.0]","[-3.200817331228248, -5.498739562964259]","[[188051.89998199002, 398383.0702904941], [1358931.3894149426, 462334.0467405226], [1358931.3894149426, 245534.31855118027], [188051.89998199002, 245534.31855118027]]",[0.05128013797019579],19.859948117664064,0.5
174.3177245530867,[2.394267088925507],[3.390300853135293],11118.194808274377,7851.789286810968,[3279.4124444715453],22.750636417347796,1.9818561639123415,1e-06,1e-06,1.4647828546921535,1.168468372536205,32.64724177694518,-5.319201206383437,-3.700800018569282,188051.59628851083,7.924230561378579,-11.625030579947861,1358933.2267655104,"[0.0, 0.0]","[-3.200828603062889, -5.498758889805483]","[[188051.59628851083, 398383.5675515369], [1358933.2267655104, 462334.8462138047], [1358933.2267655104, 245534.3108009012], [188051.59628851083, 245534.3108009012]]",[0.05127985728751247],19.859827108563575,0.5
174.8177245530867,[2.39429287607001],[3.3902957068943507],11118.16970780398,7851.868045668973,[3279.4100187764084],22.750637137353202,1.9818561639123415,1e-06,1e-06,1.4647828546921535,1.1684685106960053,32.64723536029669,-5.31918903620787,-3.7002510082875233,188051.29794502698,7.924819186968762,-11.625070195256285,1358935.0536781342,"[0.0, 0.0]","[-3.200839675342689, -5.498777890047759]","[[188051.29794502698, 398384.03969539184], [1358935.0536781342, 462335.6095188043], [1358935.0536781342, 245534.30233553646], [188051.29794502698, 245534.30233553646]]",[0.05127958585877489],19.859704398197845,0.5
175.3177245530867,[2.394318105159512],[3.3902906113036195],11118.144814009922,7851.9450029486825,[3279.4076050415106],22.750637857632192,1.9818561639123415,1e-06,1e-06,1.4647828546921535,1.1684686490383374,32.64722899691196,-5.319176890444288,-3.69968215728818,188050.9993320865,7.925427689105106,-11.625109846393286,1358936.8600804438,"[0.0, 0.0]","[-3.2008507586115056, -5.498796893571241]","[[188050.9993320865, 398384.52860992687], [1358936.8600804438, 462336.39557445614], [1358936.8600804438, 245534.2947146778], [188050.9993320865, 245534.2947146778]]",[0.05127930988410095],19.85958542057666,0.5
175.8177245530867,[2.3943434688149017],[3.390285551174096],11118.120132544582,7852.02246921017,[3279.405219626484],22.750638565594087,1.9818561639123415,1e-06,1e-06,1.4647828546921535,1.1684687848872504,32.64722268733857,-5.319164923807213,-3.6991423641028973,188050.7059796794,7.926006434958424,-11.625148799061321,1358938.656221696,"[0.0, 0.0]","[-3.200861645660372, -5.498815575953419]","[[188050.7059796794, 398384.99282741186], [1358938.656221696, 462337.1460668692], [1358938.656221696, 245534.28639070035], [188050.7059796794, 245534.28639070035]]",[0.05127904300849209],19.859464770169208,0.5
176.3177245530867,[2.394368283618566],[3.3902805408669554],11118.095654304136,7852.098163562539,[3279.40284595476],22.75063927382481,1.9818561639123415,1e-06,1e-06,1.4647828546921535,1.1684689209156,32.647216430139395,-5.3191529811748195,-3.6985830615361692,188050.412362556,7.926604725390803,-11.625187786926972,1358940.4321982446,"[0.0, 0.0]","[-3.200872543507804, -5.498834261550688]","[[188050.412362556, 398385.47353550163], [1358940.4321982446, 462337.9189299963], [1358940.4321982446, 245534.27889707437], [188050.412362556, 245534.27889707437]]",[0.051278771662925465],19.859347789926453,0.5
176.8177245530867,[2.3943932305824527],[3.390275565401095],11118.071384849396,7852.174357946741,[3279.4005001578817],22.750639969943872,1.9818561639123415,1e-06,1e-06,1.4647828546921535,1.1684690544921337,32.6472102258536,-5.319141214686439,-3.6980523307124713,188050.12391799554,7.927173757288983,-11.625226088001455,1358942.198087645,"[0.0, 0.0]","[-3.2008832484146015, -5.498852631373352]","[[188050.12391799554, 398385.92995967524], [1358942.198087645, 462338.65682484175], [1358942.198087645, 245534.27071210087], [188050.12391799554, 245534.27071210087]]",[0.05127850926412798],19.859229164900952,0.5
177.3177245530867,[2.394417637748317],[3.3902706389443393],11118.047315230177,7852.248809610305,[3279.3981658915905],22.750640666327108,1.9818561639123415,1e-06,1e-06,1.4647828546921535,1.1684691882450613,32.64720407306845,-5.319129471802042,-3.6975024163349417,188049.83521337545,7.927762007318677,-11.625264423653618,1358943.9441521515,"[0.0, 0.0]","[-3.200893963932787, -5.498871004346242]","[[188049.83521337545, 398386.40259903535], [1358943.9441521515, 462339.4167167805], [1358943.9441521515, 245534.2633435645], [188049.83521337545, 245534.2633435645]]",[0.051278242470086416],19.8591141485078,0.5
177.8177245530867,[2.3944421747143263],[3.3902657467212407],11118.023450916002,7852.323752520601,[3279.395859061595],22.75064135080072,1.9818561639123415,1e-06,1e-06,1.4647828546921535,1.1684693195870863,32.64719797231476,-5.31911790212832,-3.6969805957389212,188049.5515948161,7.9283214882588595,-11.62530208399778,1358945.6803004823,"[0.0, 0.0]","[-3.200904489735032, -5.498889066821846]","[[188049.5515948161, 398386.8513607202], [1358945.6803004823, 462340.1422254669], [1358945.6803004823, 245534.255295258], [188049.5515948161, 245534.255295258]]",[0.051277984473061894],19.858997514867863,0.5
178.3177245530867,[2.39446618078945],[3.3902609027079755],11117.99978310796,7852.396981427699,[3279.3935635536022],22.750642035533936,1.9818561639123415,1e-06,1e-06,1.4647828546921535,1.168469451102515,32.647191922203604,-5.319106355664422,-3.696439911999448,188049.26772077096,7.928899866311497,-11.625339778310945,1358947.3969580235,"[0.0, 0.0]","[-3.2009150259647443, -5.498907132384083]","[[188049.26772077096, 398387.3160667524], [1358947.3969580235, 462340.8893638387], [1358947.3969580235, 245534.24804971015], [188049.26772077096, 245534.24804971015]]",[0.05127772215426324],19.858884429358096,0.5
178.8177245530867,[2.394490314348539],[3.3902560923325233],11117.976317184835,7852.470692955663,[3279.391295049802],22.7506427085562,1.9818561639123415,1e-06,1e-06,1.4647828546921535,1.1684695802472762,32.64718592325755,-5.319094979526243,-3.695926852046341,188048.98884772617,7.929449956561314,-11.625376808607655,1358949.1038674656,"[0.0, 0.0]","[-3.200925375649466, -5.49892489263843]","[[188048.98884772617, 398387.75729457906], [1358949.1038674656, 462341.6026942353], [1358949.1038674656, 245534.24013577905], [188048.98884772617, 245534.24013577905]]",[0.05127746848522832],19.858769753677773,0.5
179.3177245530867,[2.3945139257790835],[3.390251329380963],11117.953044495933,7852.542718732444,[3279.389037663469],22.750643381833576,1.9818561639123415,1e-06,1e-06,1.4647828546921535,1.168469709562502,32.647179974111054,-5.319083626210159,-3.695395244033307,188048.70972368805,7.930018628242124,-11.62541387227543,1358950.791614602,"[0.0, 0.0]","[-3.2009357355809387, -5.498942655917179]","[[188048.70972368805, 398388.2142004168], [1358950.791614602, 462342.33729301754], [1358950.791614602, 245534.23301115938], [188048.70972368805, 245534.23301115938]]",[0.05127721056666624],19.858658566638308,0.5
179.8177245530867,[2.394537662421344],[3.390246599483038],11117.929970331512,7852.615218663245,[3279.3868068555335],22.750644043595408,1.9818561639123415,1e-06,1e-06,1.4647828546921535,1.1684698365466275,32.64717407527826,-5.319072440382449,-3.6948907976532723,188048.4355170088,7.930559485376989,-11.625450283030261,1358952.4697788584,"[0.0, 0.0]","[-3.2009459120855426, -5.498960118990924]","[[188048.4355170088, 398388.64802085335], [1358952.4697788584, 462343.038649501], [1358952.4697788584, 245534.22522935437], [188048.4355170088, 245534.22522935437]]",[0.05127696115307424],19.85854581605244,0.5
180.3177245530867,[2.394560885554753],[3.39024191623587],11117.907086184847,7852.686060636281,[3279.3845869644833],22.75064470560794,1.9818561639123415,1e-06,1e-06,1.4647828546921535,1.1684699636983296,32.64716822541658,-5.319061276995475,-3.6943681130557593,188048.16106374806,7.931118613513092,-11.625486726568852,1358954.1291037619,"[0.0, 0.0]","[-3.2009560986593852, -5.498977585028146]","[[188048.16106374806, 398389.0972573952], [1358954.1291037619, 462343.7609190815], [1358954.1291037619, 245534.2182236403], [188048.16106374806, 245534.2182236403]]",[0.05127670756099856],19.858436495614104,0.5
180.8177245530867,[2.394584231670335],[3.39023726546935],11117.884397260155,7852.757368451356,[3279.3823932322853],22.75064535629707,1.9818561639123415,1e-06,1e-06,1.4647828546921535,1.1684700885578416,32.64716242503175,-5.3190502783063796,-3.6938721356449378,188047.8914455989,7.931650392468043,-11.625522528112981,1358955.7790082062,"[0.0, 0.0]","[-3.2009661048724802, -5.498994755878263]","[[188047.8914455989, 398389.5237947894], [1358955.7790082062, 462344.45050260494], [1358955.7790082062, 245534.21057175382], [188047.8914455989, 245534.21057175382]]",[0.051276462331516344],19.858325637809006,0.5
181.3177245530867,[2.39460707275714],[3.390232660593473],11117.861895192524,7852.827045653167,[3279.380210220233],22.750646007232586,1.9818561639123415,1e-06,1e-06,1.4647828546921535,1.1684702135820915,32.647156672803874,-5.3190393016829205,-3.693358224706458,188047.62158520127,7.932200137157849,-11.625558361864307,1358957.4103907954,"[0.0, 0.0]","[-3.2009761209804006, -5.499011929632174]","[[188047.62158520127, 398389.96549073845], [1358957.4103907954, 462345.1606498443], [1358957.4103907954, 245534.20368296021], [188047.62158520127, 245534.20368296021]]",[0.05127621299341127],19.858218152637523,0.5
181.8177245530867,[2.394630034637791],[3.3902280876355397],11117.839585099246,7852.897180534976,[3279.378052953719],22.750646647033655,1.9818561639123415,1e-06,1e-06,1.4647828546921535,1.1684703363524165,32.64715096923044,-5.319028487012963,-3.69287057409025,188047.35647903936,7.932722990267223,-11.625593564357473,1358959.0325125884,"[0.0, 0.0]","[-3.2009859597427495, -5.499028813133399]","[[188047.35647903936, 398390.3848673492], [1358959.0325125884, 462345.838657987], [1358959.0325125884, 245534.19615882417], [188047.35647903936, 245534.19615882417]]",[0.05127597187790073],19.85810915584166,0.5
182.3177245530867,[2.3946524998320506],[3.390223559820597],11117.817458755833,7852.965711705136,[3279.375906214327],22.750647287076866,1.9818561639123415,1e-06,1e-06,1.4647828546921535,1.168470459284689,32.64714531301348,-5.3190176940396965,-3.692365289567192,188047.09113488416,7.933263508924483,-11.625628798491675,1358960.6364246781,"[0.0, 0.0]","[-3.200995808228502, -5.499045699479951]","[[188047.09113488416, 398390.8191492496], [1358960.6364246781, 462346.5368862782], [1358960.6364246781, 245534.18938500146], [188047.09113488416, 245534.18938500146]]",[0.051275726722464214],19.85800347512859,0.5
182.8177245530867,[2.394675083672802],[3.390219063371427],11117.795521194479,7853.034692542127,[3279.373784813277],22.75064791617147,1.9818561639123415,1e-06,1e-06,1.4647828546921535,1.1684705800006667,32.64713970464237,-5.319007060320907,-3.6918858259552394,188046.83046543674,7.933777585969892,-11.625663411925132,1358962.2312329046,"[0.0, 0.0]","[-3.2010054823336045, -5.499062300426028]","[[188046.83046543674, 398391.23148528556], [1358962.2312329046, 462347.2035133083], [1358962.2312329046, 245534.18198648613], [188046.83046543674, 245534.18198648613]]",[0.05127548965196085],19.857896308103737,0.5
183.3177245530867,[2.39469717903329],[3.3902146113296276],11117.773764327905,7853.102096130915,[3279.3716737500467],22.750648545504042,1.9818561639123415,1e-06,1e-06,1.4647828546921535,1.1684707008758495,32.64713414284074,-5.318996447935975,-3.691389023073043,188046.56956217493,7.934309033370425,-11.625698056443468,1358963.8081383149,"[0.0, 0.0]","[-3.2010151659937685, -5.49907890416024]","[[188046.56956217493, 398391.6584775591], [1358963.8081383149, 462347.8900226345], [1358963.8081383149, 245534.1753257193], [188046.56956217493, 245534.1753257193]]",[0.051275248609084174],19.857792401557692,0.5
183.8177245530867,[2.3947193909337354],[3.390210190111508],11117.752193104392,7853.169941521372,[3279.3695876239212],22.750649164070744,1.9818561639123415,1e-06,1e-06,1.4647828546921535,1.1684708195717417,32.647128628090115,-5.3189859921511315,-3.6909176090212554,188046.3132554187,7.934814481621572,-11.625732090642828,1358965.3760941203,"[0.0, 0.0]","[-3.201024678188788, -5.499095227265363]","[[188046.3132554187, 398392.0638912115], [1358965.3760941203, 462348.5454595611], [1358965.3760941203, 245534.168050732], [188046.3132554187, 245534.168050732]]",[0.05127501551577809],19.857687033589727,0.5
184.3177245530867,[2.3947411224266157],[3.390205812576925],11117.730799571471,7853.236235697896,[3279.3675116499153],22.750649782871324,1.9818561639123415,1e-06,1e-06,1.4647828546921535,1.1684709384241445,32.64712315913522,-5.318975557343288,-3.6904291454358713,188046.05671895173,7.935337009945044,-11.625766155380916,1358966.9264488092,"[0.0, 0.0]","[-3.2010341997734866, -5.4991115531026695]","[[188046.05671895173, 398392.48371619184], [1358966.9264488092, 462349.2204465504], [1358966.9264488092, 245534.1615011392], [188046.05671895173, 245534.1615011392]]",[0.05127477851652645],19.85758487142784,0.5
184.8177245530867,[2.3947629683915643],[3.3902014653342056],11117.709588596714,7853.30296395191,[3279.3654602177844],22.750650391085752,1.9818561639123415,1e-06,1e-06,1.4647828546921535,1.1684710551336468,32.64711773644956,-5.318965276525086,-3.6899656458087975,188045.80470209214,7.935833974199795,-11.625799620008593,1358968.4680055287,"[0.0, 0.0]","[-3.201043552759999, -5.499127603002835]","[[188045.80470209214, 398392.8823236671], [1358968.4680055287, 462349.86488117673], [1358968.4680055287, 245534.15434762367], [188045.80470209214, 245534.15434762367]]",[0.05127454933374333],19.85748127231806,0.5
185.3177245530867,[2.394784341890514],[3.3901971610627197],11117.688552358113,7853.368166604416,[3279.363418755583],22.750650999530034,1.9818561639123415,1e-06,1e-06,1.4647828546921535,1.1684711719970104,32.64711235879895,-5.318955016332922,-3.689485381562122,188045.55245955137,7.93634773307673,-11.625833114638851,1358969.9922577422,"[0.0, 0.0]","[-3.201052914973727, -5.499143655580377]","[[188045.55245955137, 398393.2951016371], [1358969.9922577422, 462350.5285391625], [1358969.9922577422, 245534.14790735563], [188045.55245955137, 245534.14790735563]]",[0.0512743163103352],19.857380825257255,0.5
185.8177245530867,[2.394805827832304],[3.390192886560246],11117.667695641956,7853.4337957508305,[3279.361401445849],22.750651597564893,1.9818561639123415,1e-06,1e-06,1.4647828546921535,1.1684712867532594,32.647107026648825,-5.318944907563126,-3.6890296634909987,188045.30466100166,7.936836355706134,-11.625866019197133,1358971.5078610291,"[0.0, 0.0]","[-3.2010621114084494, -5.499159436834566]","[[188045.30466100166, 398393.68701719254], [1358971.5078610291, 462351.1621561433], [1358971.5078610291, 245534.14087329071], [188045.30466100166, 245534.14087329071]]",[0.051274090972516576],19.85727896531392,0.5
186.3177245530867,[2.3948268491200366],[3.390188654328487],11117.647010758037,7853.497924491223,[3279.3593939273474],22.750652195825655,1.9818561639123415,1e-06,1e-06,1.4647828546921535,1.168471401660766,32.64710173878558,-5.318934819074235,-3.6885574609733,188045.05664072788,7.937341492258099,-11.625898953231399,1358973.0064514044,"[0.0, 0.0]","[-3.2010713169108147, -5.499175220712586]","[[188045.05664072788, 398394.09286641696], [1358973.0064514044, 462351.8146752169], [1358973.0064514044, 245534.13454052957], [188045.05664072788, 245534.13454052957]]",[0.05127386185830529],19.857180204562678,0.5
186.8177245530867,[2.3948479808592764],[3.3901844513524373],11117.626502411855,7853.562472279984,[3279.357410177706],22.750652783850793,1.9818561639123415,1e-06,1e-06,1.4647828546921535,1.1684715144963493,32.647096495667085,-5.31892487948295,-3.6881093938216623,188044.81299008985,7.937821913243226,-11.625931307064889,1358974.4965393574,"[0.0, 0.0]","[-3.201080359406425, -5.499190737804161]","[[188044.81299008985, 398394.47820239037], [1358974.4965393574, 462352.43765610695], [1358974.4965393574, 245534.12762392816], [188044.81299008985, 245534.12762392816]]",[0.0512736403009909],19.85708005459221,0.5
187.3177245530867,[2.394868655629104],[3.3901802899576],11117.606163041513,7853.6255444485705,[3279.3554360439507],22.750653372097954,1.9818561639123415,1e-06,1e-06,1.4647828546921535,1.1684716274806306,32.64709129609963,-5.318914959833151,-3.687645117731279,188044.569121613,7.938318572126036,-11.625963689857315,1358975.9699010712,"[0.0, 0.0]","[-3.201089410812866, -5.499206257467145]","[[188044.569121613, 398394.8772391507], [1358975.9699010712, 462353.079223172], [1358975.9699010712, 245534.12139688712], [188044.569121613, 245534.12139688712]]",[0.051273415030445024],19.856982951842255,0.5
187.8177245530867,[2.3948894388960396],[3.3901761573144773],11117.585997274284,7853.689028354779,[3279.353485301207],22.7506539502804,1.9818561639123415,1e-06,1e-06,1.4647828546921535,1.1684717384275953,32.64708614053359,-5.318905186598012,-3.687204573054828,188044.32954965654,7.938790929100776,-11.625995502155604,1358977.4349043604,"[0.0, 0.0]","[-3.201098301938648, -5.499221514805053]","[[188044.32954965654, 398395.2561059949], [1358977.4349043604, 462353.6917464806], [1358977.4349043604, 245534.1145957958], [188044.32954965654, 245534.1145957958]]",[0.05127319719025366],19.856884483141062,0.5
188.3177245530867,[2.3949097727530275],[3.3901720655739798],11117.565997673464,7853.751061023814,[3279.35154400229],22.750654528681064,1.9818561639123415,1e-06,1e-06,1.4647828546921535,1.1684718495207425,32.647081027795025,-5.318895432970584,-3.686748090361732,188044.08976367675,7.939279252543429,-11.62602734290516,1358978.8834632426,"[0.0, 0.0]","[-3.2011072018212308, -5.499236774663085]","[[188044.08976367675, 398395.6484446206], [1358978.8834632426, 462354.3225453056], [1358978.8834632426, 245534.10847271775], [188044.08976367675, 245534.10847271775]]",[0.05127297569893926],19.856789010559307,0.5
188.8177245530867,[2.394930213188592],[3.3901680020901117],11117.546168789422,7853.813498250682,[3279.3496257221514],22.750655097185085,1.9818561639123415,1e-06,1e-06,1.4647828546921535,1.168471958610605,32.64707595832681,-5.318885823315988,-3.686314941869398,188043.85420232062,7.939743680835875,-11.626058622705273,1358980.323805243,"[0.0, 0.0]","[-3.2011159441038313, -5.499251776583123]","[[188043.85420232062, 398396.0209509371], [1358980.323805243, 462354.92478655133], [1358980.323805243, 245534.10178521584], [188043.85420232062, 245534.10178521584]]",[0.051272761513549925],19.85669219490558,0.5
189.3177245530867,[2.3949502116505648],[3.3901639788410765],11117.526503308964,7853.874508227359,[3279.3477167170768],22.750655665903572,1.9818561639123415,1e-06,1e-06,1.4647828546921535,1.1684720678441765,32.64707093097451,-5.318876232940874,-3.685866121775746,188043.61843068837,7.940223808682447,-11.626089930458193,1358981.7479799003,"[0.0, 0.0]","[-3.2011246949918974, -5.499266780973056]","[[188043.61843068837, 398396.40670383925], [1358981.7479799003, 462355.54499782197], [1358981.7479799003, 245534.09576437328], [188043.61843068837, 245534.09576437328]]",[0.05127254373811192],19.8565983251261,0.5
189.8177245530867,[2.3949703148083246],[3.3901599833626612],11117.507005707632,7853.935915712519,[3279.3458303641182],22.750656224890697,1.9818561639123415,1e-06,1e-06,1.4647828546921535,1.1684721751079292,32.64706594617354,-5.318866784137225,-3.685440245298878,188043.38681298192,7.940680441348491,-11.626120686647369,1358983.1640768028,"[0.0, 0.0]","[-3.201133290915947, -5.499281531738979]","[[188043.38681298192, 398396.7729564044], [1358983.1640768028, 462356.1371295748], [1358983.1640768028, 245534.08918857214], [188043.38681298192, 245534.08918857214]]",[0.05127233314624802],19.856503134771597,0.5
190.3177245530867,[2.394989983307424],[3.390156027461709],11117.487668791917,7853.995919543612,[3279.343953120602],22.750656784088616,1.9818561639123415,1e-06,1e-06,1.4647828546921535,1.1684722825129608,32.64706100278869,-5.318857354290288,-3.6849989591989356,188043.15498867893,7.941152511100938,-11.626151470299874,1358984.5642787516,"[0.0, 0.0]","[-3.201141895296889, -5.499296284925695]","[[188043.15498867893, 398397.15223411005], [1358984.5642787516, 462356.74693094974], [1358984.5642787516, 245534.08326826635], [188043.15498867893, 245534.08326826635]]",[0.05127211902439115],19.856410840887847,0.5
190.8177245530867,[2.3950097546542692],[3.390152098853627],11117.468496963393,7854.056313960822,[3279.3420981680265],22.750657333717704,1.9818561639123415,1e-06,1e-06,1.4647828546921535,1.1684723879810832,32.64705610124793,-5.31884806365325,-3.6845802326537864,188042.92724878335,7.941601478964003,-11.62618171161779,1358985.9565396996,"[0.0, 0.0]","[-3.201150347305859, -5.4993107887304875]","[[188042.92724878335, 398397.51233790774], [1358985.9565396996, 462357.32912288373], [1358985.9565396996, 245534.07680230882], [188042.92724878335, 245534.07680230882]]",[0.05127191196580213],19.856317248550102,0.5
191.3177245530867,[2.3950290985377953],[3.3901482091765303],11117.449483148877,7854.115327935223,[3279.3402521624016],22.750657883553977,1.9818561639123415,1e-06,1e-06,1.4647828546921535,1.1684724935880955,32.647051240435076,-5.318838791655514,-3.6841463540997097,188042.69930590384,7.9420656258186,-11.62621197991831,1358987.3331734706,"[0.0, 0.0]","[-3.2011588076257023, -5.499325294908036]","[[188042.69930590384, 398397.88524908974], [1358987.3331734706, 462357.9286890419], [1358987.3331734706, 245534.0709808692], [188042.69930590384, 245534.0709808692]]",[0.05127170143627405],19.856226504107145,0.5
191.8177245530867,[2.3950485434554336],[3.3901443463229257],11117.430631675645,7854.174725699204,[3279.338428092012],22.750658423981253,1.9818561639123415,1e-06,1e-06,1.4647828546921535,1.1684725972905603,32.64704642077089,-5.318829656545269,-3.683734657452078,188042.47537907335,7.942507057507555,-11.626241714959633,1358988.7020006638,"[0.0, 0.0]","[-3.2011671181224366, -5.49933955587505]","[[188042.47537907335, 398398.23930734163], [1358988.7020006638, 462358.5011079856], [1358988.7020006638, 245534.06462292894], [188042.47537907335, 245534.06462292894]]",[0.05127149785171832],19.856134482961533,0.5
192.3177245530867,[2.395067567987486],[3.3901405217640557],11117.411935588632,7854.232765853025,[3279.3366128091056],22.75065896461216,1.9818561639123415,1e-06,1e-06,1.4647828546921535,1.1684727011295668,32.64704164115756,-5.3188205397622,-3.6833080621196927,188042.25125280675,7.942963414391784,-11.626271476511477,1358990.0554639394,"[0.0, 0.0]","[-3.201175436786647, -5.499353819167824]","[[188042.25125280675, 398398.605958848], [1358990.0554639394, 462359.0906106736], [1358990.0554639394, 245534.05889871262], [188042.25125280675, 245534.05889871262]]",[0.0512712908542928],19.856045261948502,0.5
192.8177245530867,[2.395086691773187],[3.390136723567506],11117.393399142036,7854.29118312135,[3279.334819111068],22.75065949599125,1.9818561639123415,1e-06,1e-06,1.4647828546921535,1.1684728030958504,32.64703690200895,-5.318811557582728,-3.682903277347066,188042.03107537056,7.943397436381076,-11.626300713728142,1358991.4012527613,"[0.0, 0.0]","[-3.2011836081341185, -5.499367841351974]","[[188042.03107537056, 398398.9540730454], [1358991.4012527613, 462359.6534206588], [1358991.4012527613, 245534.05264699337], [188042.03107537056, 245534.05264699337]]",[0.05127109068551999],19.855954785620625,0.5
193.3177245530867,[2.395105402135571],[3.390132963039604],11117.375015497313,7854.348265240468,[3279.3330340440216],22.75066002757048,1.9818561639123415,1e-06,1e-06,1.4647828546921535,1.168472905196367,32.647032202245384,-5.318802593423494,-3.6824838429962483,188041.81070198223,7.943846133995521,-11.62632997699177,1358992.7319364783,"[0.0, 0.0]","[-3.201191787508169, -5.4993818658159]","[[188041.81070198223, 398399.31456993293], [1358992.7319364783, 462360.23302874516], [1358992.7319364783, 245534.0470183848], [188041.81070198223, 245534.0470183848]]",[0.05127088716097861],19.855867062463282,0.5
193.8177245530867,[2.395124210003923],[3.390129228421133],11117.35678883733,7854.405717919145,[3279.3312702167873],22.75066055005246,1.9818561639123415,1e-06,1e-06,1.4647828546921535,1.168473005455456,32.647027542273804,-5.318793761621835,-3.682085854062109,188041.59421132773,7.944272870633199,-11.626358724695308,1358994.0550756138,"[0.0, 0.0]","[-3.201199822030094, -5.499395653204698]","[[188041.59421132773, 398399.65683986025], [1358994.0550756138, 462360.78639104706], [1358994.0550756138, 245534.04087112017], [188041.59421132773, 245534.04087112017]]",[0.051270690350714944],19.8557781050214,0.5
194.3177245530867,[2.395142611297684],[3.3901255308552076],11117.338712437637,7854.461857544113,[3279.3295148669995],22.75066107273115,1.9818561639123415,1e-06,1e-06,1.4647828546921535,1.1684731058465085,32.64702292103249,-5.318784947538599,-3.6816734605037027,188041.377528142,7.944714037487131,-11.626387497990834,1358995.3633640837,"[0.0, 0.0]","[-3.201207864440164, -5.499409442828292]","[[188041.377528142, 398400.01128542336], [1358995.3633640837, 462361.3562705683], [1358995.3633640837, 245534.03533653033], [188041.377528142, 245534.03533653033]]",[0.05127049024083081],19.855691854574776,0.5
194.8177245530867,[2.395161108381639],[3.390121858753501],11117.320790409842,7854.518361290684,[3279.327780417168],22.750661586464588,1.9818561639123415,1e-06,1e-06,1.4647828546921535,1.1684732044269075,32.6470183389215,-5.31877626360419,-3.6812821533163174,188041.16466269616,7.945133611038614,-11.626415764354931,1358996.6642356247,"[0.0, 0.0]","[-3.201215764421655, -5.499422999343016]","[[188041.16466269616, 398400.34780919214], [1358996.6642356247, 462361.90034375846], [1358996.6642356247, 245534.0292919833], [188041.16466269616, 245534.0292919833]]",[0.05127029673276094],19.85560439052239,0.5
195.3177245530867,[2.3951792056271795],[3.3901182230978364],11117.303016141912,7854.573573716627,[3279.326054294088],22.75066210039137,1.9818561639123415,1e-06,1e-06,1.4647828546921535,1.1684733031370405,32.647013794896736,-5.318767597091406,-3.6808766823793917,188040.95160807876,7.945567373484494,-11.626444055863885,1358997.9505066413,"[0.0, 0.0]","[-3.201223672155305, -5.499436558048549]","[[188040.95160807876, 398400.6963049908], [1358997.9505066413, 462362.4606579644], [1358997.9505066413, 245534.0238498494], [188040.95160807876, 245534.0238498494]]",[0.05127009998028255],19.85551958806358,0.5
195.8177245530867,[2.3951973969792233],[3.3901146124697235],11117.285393678569,7854.629143943686,[3279.3243487362643],22.750662605522365,1.9818561639123415,1e-06,1e-06,1.4647828546921535,1.1684734000667818,32.64700928935156,-5.318759058555329,-3.680491944762082,188040.74230729163,7.945979904164346,-11.626471848926428,1358999.2294862163,"[0.0, 0.0]","[-3.201231439843486, -5.499449887545394]","[[188040.74230729163, 398401.0271790662], [1358999.2294862163, 462362.995597955], [1358999.2294862163, 245534.01790631126], [188040.74230729163, 245534.01790631126]]",[0.051269909719034],19.855433592332115,0.5
196.3177245530867,[2.3952151951193312],[3.3901110376906605],11117.267916515397,7854.683444230027,[3279.3226513573036],22.7506631108434,1.9818561639123415,1e-06,1e-06,1.4647828546921535,1.1684734971240647,32.6470048212592,-5.318750537149047,-3.6800932802583475,188040.53282063262,7.946406386436649,-11.626499666694997,1359000.4941111745,"[0.0, 0.0]","[-3.2012392151502516, -5.499463219189908]","[[188040.53282063262, 398401.36982495675], [1359000.4941111745, 462363.54650735774], [1359000.4941111745, 245534.01255509641], [188040.53282063262, 245534.01255509641]]",[0.0512697162676685],19.855350213553223,0.5
196.8177245530867,[2.395233085712319],[3.3901074875097295],11117.250588630553,7854.738096107708,[3279.3209742139916],22.750663607515634,1.9818561639123415,1e-06,1e-06,1.4647828546921535,1.1684735924307144,32.64700039100643,-5.318742141583398,-3.6797150019189644,188040.32702496074,7.946811992441269,-11.626526994360233,1359001.751568033,"[0.0, 0.0]","[-3.2012468527549105, -5.4994763254608925]","[[188040.32702496074, 398401.69514418347], [1359001.751568033, 462364.07246744266], [1359001.751568033, 245534.0067108869], [188040.32702496074, 245534.0067108869]]",[0.05126952919879678],19.85526566149486,0.5
197.3177245530867,[2.395250589611036],[3.3901039725903437],11117.23340362662,7854.791499074158,[3279.319305104397],22.750664104374646,1.9818561639123415,1e-06,1e-06,1.4647828546921535,1.1684736878627509,32.646995997583474,-5.318733762860577,-3.6793230296069055,188040.12104665706,7.94723131669349,-11.626554346300395,1359002.9949120397,"[0.0, 0.0]","[-3.201254497846938, -5.499489433837425]","[[188040.12104665706, 398402.0320383487], [1359002.9949120397, 462364.6141298648], [1359002.9949120397, 245534.0014490795], [188040.12104665706, 245534.0014490795]]",[0.05126933899319312],19.85518368249598,0.5
197.8177245530867,[2.395268184339982],[3.3901004818472207],11117.216365416592,7854.845247535703,[3279.317655905871],22.750664592729397,1.9818561639123415,1e-06,1e-06,1.4647828546921535,1.1684737815734176,32.64699164137056,-5.3187255078777795,-3.6789511021043495,188039.91869754644,7.947630114237086,-11.626581216341435,1359004.231209182,"[0.0, 0.0]","[-3.201262007541159, -5.499502320611596]","[[188039.91869754644, 398402.3518959799], [1359004.231209182, 462365.1312607671], [1359004.231209182, 245533.99570254606], [188039.91869754644, 245533.99570254606]]",[0.05126915506316533],19.85510054987653,0.5
198.3177245530867,[2.395285398785865],[3.390097025788059],11117.199467709881,7854.8977677726925,[3279.3160145986044],22.75066508126774,1.9818561639123415,1e-06,1e-06,1.4647828546921535,1.168473875407353,32.64698732137481,-5.3187172694556155,-3.678565709662678,188039.71616898602,7.948042400571467,-11.626608110234145,1359005.453631152,"[0.0, 0.0]","[-3.201269524593821, -5.4995152094500215]","[[188039.71616898602, 398402.68313495285], [1359005.453631152, 462365.6638313804], [1359005.453631152, 245533.99052865923], [188039.71616898602, 245533.99052865923]]",[0.05126896804890036],19.855019947159008,0.5
198.8177245530867,[2.3952450803664562],[3.3900935934903083],11117.18271435242,7854.7616665273545,[3279.314392882765],22.750665561443945,1.9818561639123415,1e-06,1e-06,1.4647828546921535,1.1684739675486941,32.646983037970074,-5.318709152707741,-3.678200026376544,188039.51720885615,7.948434503918293,-11.626634530294837,1359006.6691254312,"[0.0, 0.0]","[-3.2012769085145316, -5.499527880394435]","[[188039.51720885615, 398402.99762267596], [1359006.6691254312, 462366.17228129297], [1359006.6691254312, 245533.98487817662], [188039.51720885615, 245533.98487817662]]",[0.051268787205080366],19.854938210151055,0.5
199.3177245530867,[2.3952011892913556],[3.3900901953080833],11117.166099159745,7854.6138681236735,[3279.3127789183923],22.750666041800613,1.9818561639123415,1e-06,1e-06,1.4647828546921535,1.1684740598112218,32.646978790179844,-5.318701052243022,-3.6778211033671937,188039.3180724013,7.948839870424365,-11.626660973791559,1359007.8709782,"[0.0, 0.0]","[-3.201284299667079, -5.499540553362791]","[[188039.3180724013, 398403.3233013715], [1359007.8709782, 462366.69591266866], [1359007.8709782, 245533.9797907483], [188039.3180724013, 245533.9797907483]]",[0.051268603328641776],19.85485896061063,0.5
199.8177245530867,[2.3951577011048752],[3.390086820479973],11117.149625912953,7854.467437229428,[3279.3111842306657],22.750666513934902,1.9818561639123415,1e-06,1e-06,1.4647828546921535,1.1684741504094531,32.64697457837178,-5.318693071421168,-3.6774615594654847,188039.12244462874,7.949225391923221,-11.626686951388706,1359009.0660204245,"[0.0, 0.0]","[-3.2012915599157172, -5.499553012083485]","[[188039.12244462874, 398403.6325093359], [1359009.0660204245, 462367.1958272996], [1359009.0660204245, 245533.974234718], [188039.12244462874, 245533.974234718]]",[0.05126842551927474],19.854778595786673,0.5
200.3177245530867,[2.3951145499921362],[3.3900834792078705],11117.133288530475,7854.322130080085,[3279.30959715721],22.75066698624658,1.9818561639123415,1e-06,1e-06,1.4647828546921535,1.1684742411268239,32.64697040158546,-5.318685106609613,-3.6770889973030876,188038.92664360034,7.949623954710546,-11.626712952013634,1359010.2476508564,"[0.0, 0.0]","[-3.2012988272717555, -5.499565472788638]","[[188038.92664360034, 398403.9527210762], [1359010.2476508564, 462367.71066944936], [1359010.2476508564, 245533.9692323099], [188038.92664360034, 245533.9692323099]]",[0.05126824472804652],19.854700676706937,0.5
200.8177245530867,[2.3950717949662668],[3.3900801608895423],11117.117090729675,7854.178167385121,[3279.308029050437],22.750667450473316,1.9818561639123415,1e-06,1e-06,1.4647828546921535,1.1684743302077245,32.64696626018252,-5.318677259443213,-3.676735489716691,188038.73429250353,7.950003004822349,-11.62673849453904,1359011.4225858895,"[0.0, 0.0]","[-3.2013059659147998, -5.499577722831794]","[[188038.73429250353, 398404.25673791603], [1359011.4225858895, 462368.2021920584], [1359011.4225858895, 245533.9637691598], [188038.73429250353, 245533.9637691598]]",[0.05126806990224523],19.854621661032755,0.5
201.3177245530867,[2.395029371290906],[3.3900768755766952],11117.101026530792,7854.035309337976,[3279.306468423266],22.750667914874402,1.9818561639123415,1e-06,1e-06,1.4647828546921535,1.1684744194057521,32.64696215321845,-5.318669428018839,-3.6763691816397,188038.54177116498,7.950394878051782,-11.626764059691482,1359012.5843349712,"[0.0, 0.0]","[-3.2013131115430236, -5.499589974820711]","[[188038.54177116498, 398404.5715744561], [1359012.5843349712, 462368.7083924765], [1359012.5843349712, 245533.95885035774], [188038.54177116498, 245533.95885035774]]",[0.05126789214449299],19.8545450500786,0.5
201.8177245530867,[2.394987337016104],[3.3900736128244717],11117.085099589107,7853.893773080409,[3279.304926457571],22.75066837132571,1.9818561639123415,1e-06,1e-06,1.4647828546921535,1.1684745069946723,32.64695808104875,-5.318661712275082,-3.6760216090260087,188038.3526419881,7.950767565388276,-11.626789174414284,1359013.7395018435,"[0.0, 0.0]","[-3.201320130612573, -5.499602019673423]","[[188038.3526419881, 398404.8704873207], [1359013.7395018435, 462369.19166392443], [1359013.7395018435, 245533.95347854178], [188038.3526419881, 245533.95347854178]]",[0.051267720252221635],19.854467360906487,0.5
202.3177245530867,[2.394945628466391],[3.3900703825359453],11117.069304024119,7853.753322700567,[3279.3033918393116],22.750668827948395,1.9818561639123415,1e-06,1e-06,1.4647828546921535,1.1684745946987416,32.64695404274465,-5.318654012009543,-3.6756614500612272,188038.16334552952,7.95115286130914,-11.626814311370367,1359014.8817047882,"[0.0, 0.0]","[-3.201327156547212, -5.499614066434092]","[[188038.16334552952, 398405.180038879], [1359014.8817047882, 462369.68936763395], [1359014.8817047882, 245533.94864195448], [188038.16334552952, 245533.94864195448]]",[0.05126754547707651],19.854392036117716,0.5
202.8177245530867,[2.394904302744262],[3.3900671744215787],11117.05364342964,7853.614171828651,[3279.301875581996],22.750669276754202,1.9818561639123415,1e-06,1e-06,1.4647828546921535,1.1684746808206112,32.6469500386558,-5.31864642549276,-3.6753197127822546,188037.97738442803,7.951519292656371,-11.626839005438626,1359016.017436787,"[0.0, 0.0]","[-3.201334058041585, -5.499625909525513]","[[188037.97738442803, 398405.4739334512], [1359016.017436787, 462370.16452641273], [1359016.017436787, 245533.9433599521], [188037.97738442803, 245533.9433599521]]",[0.05126737646913863],19.854315651180123,0.5
203.3177245530867,[2.3948632972184662],[3.390063998237809],11117.038112023261,7853.47608838733,[3279.300366542347],22.75066972572846,1.9818561639123415,1e-06,1e-06,1.4647828546921535,1.1684747670556852,32.64694606786867,-5.31863885419477,-3.6749655997207356,188037.79125895177,7.951898121632723,-11.626863721353459,1359017.140423131,"[0.0, 0.0]","[-3.201340966283052, -5.499637754487835]","[[188037.79125895177, 398405.7782887298], [1359017.140423131, 462370.6538760014], [1359017.140423131, 245533.93860421143], [188037.79125895177, 245533.93860421143]]",[0.05126720462658468],19.854241590965184,0.5
203.8177245530867,[2.3948226680590725],[3.390060843848859],11117.022713339877,7853.339282550315,[3279.2988755677666],22.750670167016526,1.9818561639123415,1e-06,1e-06,1.4647828546921535,1.1684748517350185,32.64694213072704,-5.318631394745755,-3.674629599809805,188037.60841297643,7.952258401986626,-11.62688800179643,1359018.2570479002,"[0.0, 0.0]","[-3.201347752167314, -5.4996493991900905]","[[188037.60841297643, 398406.0672492563], [1359018.2570479002, 462371.12105828186], [1359018.2570479002, 245533.93341052704], [188037.60841297643, 245533.93341052704]]",[0.051267038454607304],19.854166488368353,0.5
204.3177245530867,[2.394782353661917],[3.3900577208661087],11117.007441692846,7853.203526013271,[3279.297391683531],22.750670608470177,1.9818561639123415,1e-06,1e-06,1.4647828546921535,1.168474936525645,32.64693822633262,-5.318623950260456,-3.6742814311730285,188037.42540548163,7.952630872533234,-11.626912303706263,1359019.3611416083,"[0.0, 0.0]","[-3.201354544682734, -5.499661045726934]","[[188037.42540548163, 398406.36649546976], [1359019.3611416083, 462371.60219394654], [1359019.3611416083, 245533.9287342876], [188037.42540548163, 245533.9287342876]]",[0.05126686949546599],19.854093671498116,0.5
204.8177245530867,[2.394742409279743],[3.390054619304924],11116.992300556534,7853.069025547909,[3279.295925572991],22.750671042366143,1.9818561639123415,1e-06,1e-06,1.4647828546921535,1.1684750197865483,32.64693435502352,-5.318616615755929,-3.673951072308512,188037.2456225643,7.952985105127823,-11.626936177436335,1359020.4589812472,"[0.0, 0.0]","[-3.201361216889243, -5.499672495355964]","[[188037.2456225643, 398406.6506047828], [1359020.4589812472, 462372.0615336136], [1359020.4589812472, 245533.92362745028], [188037.2456225643, 245533.92362745028]]",[0.05126670611188661],19.854019829715682,0.5
205.3177245530867,[2.3947027743187914],[3.390051548633869],11116.977284339966,7852.93555656286,[3279.294466427778],22.750671476424884,1.9818561639123415,1e-06,1e-06,1.4647828546921535,1.1684751031568663,32.646930515916324,-5.318609295964308,-3.6736087483216693,188037.06568093173,7.953351323938648,-11.626960072260317,1359021.5445007961,"[0.0, 0.0]","[-3.2013678956130334, -5.499683946784152]","[[188037.06568093173, 398406.94482768216], [1359021.5445007961, 462372.53459319944], [1359021.5445007961, 245533.91902938858], [188037.06568093173, 245533.91902938858]]",[0.0512665399878032],19.853948235317386,0.5
205.8177245530867,[2.3946635031289443],[3.3900484990178366],11116.962396459194,7852.803322480624,[3279.2930247694085],22.750671903052307,1.9818561639123415,1e-06,1e-06,1.4647828546921535,1.1684751850230461,32.64692670934335,-5.318602084316293,-3.673283935797542,188036.8889098707,7.953699610277283,-11.626983546074825,1359022.6238719497,"[0.0, 0.0]","[-3.2013744560420214, -5.499695204600761]","[[188036.8889098707, 398407.2241672238], [1359022.6238719497, 462372.98622189276], [1359022.6238719497, 245533.91400795194], [188036.8889098707, 245533.91400795194]]",[0.051266379345856074],19.853875633184344,0.5
206.3177245530867,[2.394624536110803],[3.390045479784109],11116.947631416459,7852.672102364848,[3279.291589953663],22.750672329839723,1.9818561639123415,1e-06,1e-06,1.4647828546921535,1.1684752669967935,32.64692293443585,-5.318594887134566,-3.672947358359977,188036.7119828489,7.954059682256911,-11.627007040616888,1359023.6911304262,"[0.0, 0.0]","[-3.201381022876386, -5.499706464181781]","[[188036.7119828489, 398407.5134511208], [1359023.6911304262, 462373.45134093147], [1359023.6911304262, 245533.9094867665], [188036.7119828489, 245533.9094867665]]",[0.05126621600928612],19.853805240735607,0.5
206.8177245530867,[2.3945859267257634],[3.3900424812454646],11116.932992571381,7852.5420963411325,[3279.2901723423656],22.750672749320096,1.9818561639123415,1e-06,1e-06,1.4647828546921535,1.1684753474915612,32.64691919152074,-5.318587796289842,-3.6726279990616035,188036.5381732949,7.954402122138447,-11.62703012120005,1359024.7523443922,"[0.0, 0.0]","[-3.201387473396417, -5.499717533392523]","[[188036.5381732949, 398407.7881009653], [1359024.7523443922, 462373.89538808004], [1359024.7523443922, 245533.90454930786], [188036.5381732949, 245533.90454930786]]",[0.05126605806298914],19.85373385744221,0.5
207.3177245530867,[2.394547616352971],[3.3900395125894818],11116.918474517004,7852.4130870708705,[3279.2887614532096],22.75067316895774,1.9818561639123415,1e-06,1e-06,1.4647828546921535,1.1684754280920813,32.64691547974371,-5.318580719668879,-3.6722970717177077,188036.36421048507,7.9547561504332975,-11.627053222151005,1359025.8016495863,"[0.0, 0.0]","[-3.201393930211892, -5.499728604333661]","[[188036.36421048507, 398408.0725287588], [1359025.8016495863, 462374.35269983235], [1359025.8016495863, 245533.90010371862], [188036.36421048507, 245533.90010371862]]",[0.05126589746718392],19.853664646765115,0.5
207.8177245530867,[2.3945096575796323],[3.390036564274519],11116.90408055623,7852.285271434823,[3279.2873674904718],22.750673581410535,1.9818561639123415,1e-06,1e-06,1.4647828546921535,1.1684755072383595,32.64691179942605,-5.31857374760836,-3.671983074094044,188036.19331292697,7.955092841981866,-11.62707591607591,1359026.8450123821,"[0.0, 0.0]","[-3.2014002726604414, -5.499739488091669]","[[188036.19331292697, 398408.34256763576], [1359026.8450123821, 462374.7892926926], [1359026.8450123821, 245533.895248839], [188036.19331292697, 245533.895248839]]",[0.0512657421713258],19.853594461850836,0.5
208.3177245530867,[2.3944719927473237],[3.3900336453508957],11116.889805373617,7852.158435634075,[3279.2859801316013],22.750673994017923,1.9818561639123415,1e-06,1e-06,1.4647828546921535,1.1684755864886065,32.646908149727665,-5.318566789533146,-3.6716577020080194,188036.02226477014,7.955440928007249,-11.627098630015269,1359027.8766668777,"[0.0, 0.0]","[-3.201406621296455, -5.499750373546777]","[[188036.02226477014, 398408.6222208314], [1359027.8766668777, 462375.2389281813], [1359027.8766668777, 245533.89087758708], [188036.02226477014, 245533.89087758708]]",[0.05126558427032064],19.853526413106213,0.5
208.8177245530867,[2.394434673582772],[3.3900307464206065],11116.875652216127,7852.032773354608,[3279.2846094254387],22.75067439956063,1.9818561639123415,1e-06,1e-06,1.4647828546921535,1.1684756643089387,32.646904530964605,-5.318559934271322,-3.671348976041827,188035.85423052116,7.955771967703527,-11.627120943745354,1359028.9024793557,"[0.0, 0.0]","[-3.201412857480387, -5.499761074952703]","[[188035.85423052116, 398408.88772615173], [1359028.9024793557, 462375.6681918781], [1359028.9024793557, 245533.88610391048], [188035.85423052116, 245533.88610391048]]",[0.05126543158044662],19.853457406454037,0.5
209.3177245530867,[2.394397643375153],[3.3900278763976526],11116.861615855685,7851.908074283403,[3279.283245207058],22.750674805255294,1.9818561639123415,1e-06,1e-06,1.4647828546921535,1.1684757422314846,32.646900942310594,-5.318553092760329,-3.671029065969435,188035.68604828388,7.956114211173428,-11.627143277142864,1359029.9167806194,"[0.0, 0.0]","[-3.2014190997456704, -5.499771778023094]","[[188035.68604828388, 398409.1626848883], [1359029.9167806194, 462376.1102799285], [1359029.9167806194, 245533.88180575782], [188035.68604828388, 245533.88180575782]]",[0.051265276329046795],19.85339050013575,0.5
209.8177245530867,[2.394360953004433],[3.390025026026675],11116.847699486905,7851.784528961515,[3279.281897371878],22.750675204003436,1.9818561639123415,1e-06,1e-06,1.4647828546921535,1.1684758187480366,32.64689738407634,-5.318546352344769,-3.670725523159433,188035.52082946838,7.95643969387487,-11.627165217034303,1359030.9253385388,"[0.0, 0.0]","[-3.2014252314418, -5.499782300125929]","[[188035.52082946838, 398409.423732759], [1359030.9253385388, 462376.5323374815], [1359030.9253385388, 245533.87711193092], [188035.52082946838, 245533.87711193092]]",[0.0512651262014485],19.853322651966227,0.5
210.3177245530867,[2.394324546691254],[3.39002220408711],11116.833897967821,7851.661930503926,[3279.280555910531],22.750675602900948,1.9818561639123415,1e-06,1e-06,1.4647828546921535,1.1684758953650778,32.64689385544955,-5.3185396254495085,-3.670410983422073,188035.35546522756,7.956776192830148,-11.627187176252221,1359031.9225790023,"[0.0, 0.0]","[-3.201431369114998, -5.499792823861288]","[[188035.35546522756, 398409.6940758296], [1359031.9225790023, 462376.9670047561], [1359031.9225790023, 245533.87288565977], [188035.35546522756, 245533.87288565977]]",[0.05126497355521635],19.85325686889551,0.5
210.8177245530867,[2.39428847448289],[3.390019401463689],11116.820214439356,7851.540466357906,[3279.279230567091],22.750675994968127,1.9818561639123415,1e-06,1e-06,1.4647828546921535,1.168475970599648,32.64689035673541,-5.318532997960284,-3.67011253675048,188035.19301476577,7.957096211804753,-11.627208748555233,1359032.9141731178,"[0.0, 0.0]","[-3.201437398070548, -5.4998031696593435]","[[188035.19301476577, 398409.95074108214], [1359032.9141731178, 462377.3819771229], [1359032.9141731178, 245533.86827035176], [188035.19301476577, 245533.86827035176]]",[0.051264825946916705],19.85319015976121,0.5
211.3177245530867,[2.3942526815166314],[3.390016626803828],11116.806643846576,7851.4199330125575,[3279.2779114855584],22.750676387182136,1.9818561639123415,1e-06,1e-06,1.4647828546921535,1.168476045933012,32.64688688713534,-5.318526383764676,-3.6698032772071656,188035.03042139637,7.957427062642751,-11.627230339849916,1359033.894640267,"[0.0, 0.0]","[-3.201443432900716, -5.499813517058653]","[[188035.03042139637, 398410.21654595825], [1359033.894640267, 462377.8093481608], [1359033.894640267, 245533.86411476444], [188035.03042139637, 245533.86411476444]]",[0.05126467586215886],19.85312548108124,0.5
211.8177245530867,[2.3942172170202505],[3.390013871129839],11116.793189275708,7851.3005148697675,[3279.2766082607955],22.750676772680077,1.9818561639123415,1e-06,1e-06,1.4647828546921535,1.1684761199070348,32.64688344694946,-5.3185198673138085,-3.6695098411154277,188034.87069299293,7.957741709595268,-11.627251550710696,1359034.8695564207,"[0.0, 0.0]","[-3.2014493608337937, -5.499823689500208]","[[188034.87069299293, 398410.46890216944], [1359034.8695564207, 462378.21735427075], [1359034.8695564207, 245533.85957666658], [188034.87069299293, 245533.85957666658]]",[0.0512645307309006],19.853059891861125,0.5
212.3177245530867,[2.3941820270331218],[3.3900111429587216],11116.779845757,7851.182011739935,[3279.2753111880743],22.750677158322347,1.9818561639123415,1e-06,1e-06,1.4647828546921535,1.1684761939781851,32.6468800353922,-5.3185133639336515,-3.6692057731353316,188034.71082415516,7.958067007098975,-11.627272780234307,1359035.8335328833,"[0.0, 0.0]","[-3.201455294540851, -5.499833863512455]","[[188034.71082415516, 398410.7302450247], [1359035.8335328833, 462378.6375515251], [1359035.8335328833, 245533.8554905855], [188034.71082415516, 245533.8554905855]]",[0.05126438316465525],19.852996299031666,0.5
212.8177245530867,[2.39414715997637],[3.3900084334496716],11116.766616326508,7851.064605026554,[3279.27402971505],22.750677537360893,1.9818561639123415,1e-06,1e-06,1.4647828546921535,1.168476266712739,32.64687665275892,-5.318506956664567,-3.6689172635035447,188034.55377228718,7.958376372193072,-11.627293635696617,1359036.7920520818,"[0.0, 0.0]","[-3.2014611231409766, -5.499843865496737]","[[188034.55377228718, 398410.9783645343], [1359036.7920520818, 462379.03870831], [1359036.7920520818, 245533.85102841075], [188034.55377228718, 245533.85102841075]]",[0.05126424046889026],19.852931810925746,0.5
213.3177245530867,[2.394112562776994],[3.390005750990178],11116.7534960957,7850.948097808963,[3279.272754286224],22.750677916541314,1.9818561639123415,1e-06,1e-06,1.4647828546921535,1.168476339542782,32.646873298277,-5.318500562247019,-3.668618299946786,188034.39658241434,7.958696209551931,-11.627314509498717,1359037.7398157062,"[0.0, 0.0]","[-3.2014669574161334, -5.4998538690217424]","[[188034.39658241434, 398411.23532026104], [1359037.7398157062, 462379.45185217424], [1359037.7398157062, 245533.84701067768], [188034.39658241434, 245533.84701067768]]",[0.05126409537891675],19.852869285717787,0.5
213.8177245530867,[2.394078283062402],[3.3900030868740236],11116.740488049665,7850.8326685394695,[3279.2714942040334],22.750678289228485,1.9818561639123415,1e-06,1e-06,1.4647828546921535,1.1684764110585937,32.6468699722368,-5.3184942623340925,-3.6683346340663547,188034.24216231646,7.9590003814394095,-11.627335015505764,1359038.682214207,"[0.0, 0.0]","[-3.201472688344626, -5.499863703399635]","[[188034.24216231646, 398411.4792741949], [1359038.682214207, 462379.8462746033], [1359038.682214207, 245533.84262316008], [188034.24216231646, 245533.84262316008]]",[0.05126395507779275],19.852805880241533,0.5
214.3177245530867,[2.394044268632418],[3.390000449361817],11116.727587382598,7850.718123512754,[3279.2702400601074],22.75067866205513,1.9818561639123415,1e-06,1e-06,1.4647828546921535,1.1684764826682839,32.64686667387872,-5.318487975057203,-3.6680406892526207,188034.08760659958,7.959314850282624,-11.627355539535245,1359039.6140381463,"[0.0, 0.0]","[-3.201478424850979, -5.499873539288869]","[[188034.08760659958, 398411.73191643134], [1359039.6140381463, 462380.25248345523], [1359039.6140381463, 245533.83867263593], [188034.08760659958, 245533.83867263593]]",[0.05126381242255684],19.852744404732046,0.5
214.8177245530867,[2.394010566333754],[3.3899978298797913],11116.714797028515,7850.604638277532,[3279.2690010137003],22.750679028497153,1.9818561639123415,1e-06,1e-06,1.4647828546921535,1.1684765529857348,32.646863403488055,-5.318481780705215,-3.6677617858049985,188033.9357742523,7.959613916126102,-11.6273757019311,1359040.5405875319,"[0.0, 0.0]","[-3.201484059741503, -5.499883208863813]","[[188033.9357742523, 398411.9717747204], [1359040.5405875319, 462380.64028456795], [1359040.5405875319, 245533.83435853064], [188033.9357742523, 245533.83435853064]]",[0.051263674475906455],19.852682063711224,0.5
215.3177245530867,[2.3939771248253754],[3.3899952365628154],11116.702112261451,7850.492022294236,[3279.267767801615],22.750679395076276,1.9818561639123415,1e-06,1e-06,1.4647828546921535,1.1684766233954809,32.646860160317885,-5.318475598777356,-3.667472775492911,188033.7838086293,7.95992310654492,-11.627395882037831,1359041.4567403158,"[0.0, 0.0]","[-3.201489700114424, -5.499892879921369]","[[188033.7838086293, 398412.2201758681], [1359041.4567403158, 462381.03967479826], [1359041.4567403158, 245533.8304740951], [188033.7838086293, 245533.8304740951]]",[0.051263534214570305],19.852621620278054,0.5
215.8177245530867,[2.393943990185845],[3.389992660968903],11116.689535968504,7850.380448253659,[3279.266549441795],22.750679755377615,1.9818561639123415,1e-06,1e-06,1.4647828546921535,1.1684766925346142,32.646856944648846,-5.31846950822097,-3.6671985545222014,188033.63452074619,7.960217152047278,-11.62741570656948,1359042.3677075803,"[0.0, 0.0]","[-3.201495240573445, -5.499902387450062]","[[188033.63452074619, 398412.45600727136], [1359042.3677075803, 462381.42096573865], [1359042.3677075803, 245533.8262321779], [188033.63452074619, 245533.8262321779]]",[0.05126339858289858],19.85256032584353,0.5
216.3177245530867,[2.3939111119187593],[3.3899901111083564],11116.677063500665,7850.269728729607,[3279.2653368142337],22.75068011581372,1.9818561639123415,1e-06,1e-06,1.4647828546921535,1.1684767617644858,32.64685375574635,-5.318463429880358,-3.666914395884703,188033.48510188994,7.960521152621084,-11.627435548505787,1359043.268453205,"[0.0, 0.0]","[-3.2015007864210556, -5.499911896433201]","[[188033.48510188994, 398412.70023851586], [1359043.268453205, 462381.81365178345], [1359043.268453205, 245533.82241272947], [188033.48510188994, 245533.82241272947]]",[0.05126326067530915],19.852500897160358,0.5
216.8177245530867,[2.3938785353469143],[3.3899875786682583],11116.664697696076,7850.160033600423,[3279.264138797585],22.75068047007708,1.9818561639123415,1e-06,1e-06,1.4647828546921535,1.1684768297450083,32.64685059388637,-5.318457441383655,-3.66664477877697,188033.33831590659,7.960810262047232,-11.627455040824202,1359044.1641008328,"[0.0, 0.0]","[-3.2015062340282316, -5.499921244626382]","[[188033.33831590659, 398412.9321106383], [1359044.1641008328, 462382.1885418316], [1359044.1641008328, 245533.8182417964], [188033.33831590659, 245533.8182417964]]",[0.051263127319783185],19.852440631742944,0.5
217.3177245530867,[2.3938462108054392],[3.3899850715372604],11116.65243398517,7850.051178505305,[3279.2629464129436],22.750680824472912,1.9818561639123415,1e-06,1e-06,1.4647828546921535,1.1684768978147402,32.646847458346485,-5.318451464897847,-3.666365390376029,188033.19140121175,7.961109159870546,-11.627474550246575,1359045.0496988227,"[0.0, 0.0]","[-3.2015116869317892, -5.499930594246411]","[[188033.19140121175, 398413.1722419721], [1359045.0496988227, 462382.57463620964], [1359045.0496988227, 245533.8144862516], [188033.19140121175, 245533.8144862516]]",[0.05126299172645985],19.85238220077432,0.5
217.8177245530867,[2.3938141828732045],[3.389982581529616],11116.640275157515,7849.943330553677,[3279.2617684016254],22.750681172799297,1.9818561639123415,1e-06,1e-06,1.4647828546921535,1.1684769646560322,32.64684434939812,-5.3184455767538115,-3.66610029983849,188033.0470752732,7.961393416070166,-11.627493715908656,1359045.9302848591,"[0.0, 0.0]","[-3.201517043240496, -5.499939785769645]","[[188033.0470752732, 398413.4002212828], [1359045.9302848591, 462382.94323280966], [1359045.9302848591, 245533.8103851188], [188033.0470752732, 245533.8103851188]]",[0.0512628606088979],19.852322947099704,0.5
218.3177245530867,[2.3937824027033194],[3.389980116413471],11116.62821672023,7849.836308401047,[3279.260595923906],22.7506815212559,1.9818561639123415,1e-06,1e-06,1.4647828546921535,1.1684770315850297,32.646841266330796,-5.318439700419235,-3.6658256016034443,188032.9026228455,7.961687296775835,-11.62751289837928,1359046.8009903631,"[0.0, 0.0]","[-3.201522404754945, -5.499948978692689]","[[188032.9026228455, 398413.6363215228], [1359046.8009903631, 462383.32284614973], [1359046.8009903631, 245533.80669241195], [188032.9026228455, 245533.80669241195]]",[0.05126272729102215],19.852265497096138,0.5
218.8177245530867,[2.3937509141427262],[3.3899776681286355],11116.616261415407,7849.730276431801,[3279.2594375856456],22.750681863744624,1.9818561639123415,1e-06,1e-06,1.4647828546921535,1.1684770973061485,32.64683820941133,-5.31843391094929,-3.6655649616429287,188032.76071579562,7.961966781206172,-11.6275317428491,1359047.6667684924,"[0.0, 0.0]","[-3.2015276712925553, -5.499958016167051]","[[188032.76071579562, 398413.860473373], [1359047.6667684924, 462383.68525493954], [1359047.6667684924, 245533.80265991492], [188032.76071579562, 245533.80265991492]]",[0.0512625983738834],19.852207238179936,0.5
219.3177245530867,[2.3937196691494718],[3.3899752443243476],11116.604404825579,7849.625056270363,[3279.258284684382],22.750682206361365,1.9818561639123415,1e-06,1e-06,1.4647828546921535,1.1684771631134936,32.646835177941284,-5.318428133090737,-3.665294874848712,188032.61868443893,7.96225572898868,-11.627550603837392,1359048.5228323478,"[0.0, 0.0]","[-3.2015329429469586, -5.499967055014796]","[[188032.61868443893, 398414.0926101802], [1359048.5228323478, 462384.0584960136], [1359048.5228323478, 245533.7990289983], [188032.61868443893, 245533.7990289983]]",[0.05126246729328747],19.852150752673055,0.5
219.8177245530867,[2.393688710850266],[3.389972837064817],11116.592649647913,7849.520809618944,[3279.2571456923924],22.750682543110088,1.9818561639123415,1e-06,1e-06,1.4647828546921535,1.1684772277331779,32.64683217218288,-5.318422440644328,-3.6650386107448867,188032.4791558061,7.962530521743474,-11.627569132488361,1359049.3740519749,"[0.0, 0.0]","[-3.20153812121543, -5.499975941017671]","[[188032.4791558061, 398414.31299882696], [1359049.3740519749, 462384.41482086334], [1359049.3740519749, 245533.7950639919], [188032.4791558061, 245533.7950639919]]",[0.051262340539658745],19.85209347181598,0.5
220.3177245530867,[2.393657991994422],[3.389970453881157],11116.580991536146,7849.417361021229,[3279.2560120424764],22.75068287998466,1.9818561639123415,1e-06,1e-06,1.4647828546921535,1.168477292437635,32.646829191449285,-5.318416759614555,-3.664773057984746,188032.3395050104,7.962814619387814,-11.62758767737256,1359050.2157207755,"[0.0, 0.0]","[-3.2015433045132755, -5.499984828368073]","[[188032.3395050104, 398414.5412387288], [1359050.2157207755, 462384.78179662005], [1359050.2157207755, 245533.79149383475], [188032.3395050104, 245533.79149383475]]",[0.05126221165881375],19.85203793461388,0.5
220.8177245530867,[2.393627555000756],[3.3899680869605655],11116.56943314457,7849.314869542461,[3279.254892075297],22.750683211089427,1.9818561639123415,1e-06,1e-06,1.4647828546921535,1.1684773559743125,32.64682623599839,-5.318411162568614,-3.6645210962724946,188032.20231499829,7.963084799215778,-11.627605895488273,1359051.0526270855,"[0.0, 0.0]","[-3.201548395989601, -5.4999935654339795]","[[188032.20231499829, 398414.75792734954], [1359051.0526270855, 462385.1321396545], [1359051.0526270855, 245533.78759519287], [188032.20231499829, 245533.78759519287]]",[0.05126208703240124],19.85198161539693,0.5
221.3177245530867,[2.393597353397328],[3.3899657437184043],11116.557970199507,7849.2131625999755,[3279.253777357029],22.750683542317894,1.9818561639123415,1e-06,1e-06,1.4647828546921535,1.1684774195943333,32.646823305154726,-5.318405576747809,-3.66426000143764,188032.06500492894,7.963364128119679,-11.627624129557319,1359051.880143265,"[0.0, 0.0]","[-3.201553492409343, -5.500002303822039]","[[188032.06500492894, 398414.98233575816], [1359051.880143265, 462385.49295525136], [1359051.880143265, 245533.78408478186], [188032.06500492894, 245533.78408478186]]",[0.05126196031440681],19.851927010579544,0.5
221.8177245530867,[2.3935674289057007],[3.3899634164617702],11116.546605308284,7849.112396661232,[3279.252676098503],22.75068386787313,1.9818561639123415,1e-06,1e-06,1.4647828546921535,1.1684774820661228,32.646820399171816,-5.318400073506302,-3.664012269885859,188031.93011440473,7.963629772447462,-11.62764204233332,1359052.7029773009,"[0.0, 0.0]","[-3.2015584985458547, -5.5000108944431805]","[[188031.93011440473, 398415.19538646936], [1359052.7029773009, 462385.83741688053], [1359052.7029773009, 245533.78025139708], [188031.93011440473, 245533.78025139708]]",[0.051261837779525025],19.851871636859425,0.5
222.3177245530867,[2.3935377358201464],[3.389961112492657],11116.535334271188,7849.012401971544,[3279.2515799973703],22.75068419354998,1.9818561639123415,1e-06,1e-06,1.4647828546921535,1.1684775446198512,32.646817517385614,-5.318394581301648,-3.663755558148921,188031.79510589247,7.963904412638669,-11.62765997078759,1359053.5165791889,"[0.0, 0.0]","[-3.2015635095412867, -5.500019486361555]","[[188031.79510589247, 398415.41602769605], [1359053.5165791889, 462386.19217570487], [1359053.5165791889, 245533.7767997357], [188031.79510589247, 245533.7767997357]]",[0.05126171318810065],19.85181794877393,0.5
222.8177245530867,[2.39350831517639],[3.3899588242370666],11116.524159651886,7848.91333244268,[3279.250497136565],22.750684513648544,1.9818561639123415,1e-06,1e-06,1.4647828546921535,1.1684776060445705,32.64681466004521,-5.318389170295174,-3.663511985736875,188031.66247637616,7.9641655975959225,-11.627677583332797,1359054.3255779226,"[0.0, 0.0]","[-3.2015684317660407, -5.500027932988577]","[[188031.66247637616, 398415.62550157297], [1359054.3255779226, 462386.53085465694], [1359054.3255779226, 245533.7730305192], [188031.66247637616, 245533.7730305192]]",[0.051261592709661935],19.851763504678203,0.5
223.3177245530867,[2.39347912202254],[3.3899565588837355],11116.513077318465,7848.8150211027005,[3279.2494193432894],22.750684833866654,1.9818561639123415,1e-06,1e-06,1.4647828546921535,1.1684776675498476,32.6468118264977,-5.318383770140413,-3.663259583522745,188031.5297309044,7.964435627763294,-11.627695211286039,1359055.1254998334,"[0.0, 0.0]","[-3.2015733587667157, -5.500036380888421]","[[188031.5297309044, 398415.8424388523], [1359055.1254998334, 462386.87965836475], [1359055.1254998334, 245533.7696366272], [188031.5297309044, 245533.7696366272]]",[0.05126147020913409],19.85171071793457,0.5
223.8177245530867,[2.3934501967198223],[3.3899543089765447],11116.502089793516,7848.717619349099,[3279.248354574336],22.750685148599864,1.9818561639123415,1e-06,1e-06,1.4647828546921535,1.168477727945017,32.64680901698813,-5.318378449825712,-3.6630201004244327,188031.39932455806,7.9646924281998395,-11.627712528624272,1359055.9208962363,"[0.0, 0.0]","[-3.2015781984839693, -5.500044685931003]","[[188031.39932455806, 398416.0483959437], [1359055.9208962363, 462387.2126517083], [1359055.9208962363, 245533.76593050786], [188031.39932455806, 245533.76593050786]]",[0.05126135175263934],19.851657187857345,0.5
224.3177245530867,[2.3934214950573947],[3.389952081592868],11116.49119301313,7848.620962946481,[3279.2472947846863],22.750685463450587,1.9818561639123415,1e-06,1e-06,1.4647828546921535,1.168477788419387,32.646806230874176,-5.318373140180684,-3.662771935394346,188031.26880425317,7.964957925710621,-11.627729861104967,1359056.7073685194,"[0.0, 0.0]","[-3.201583042895605, -5.500052992222548]","[[188031.26880425317, 398416.2616914475], [1359056.7073685194, 462387.555600249], [1359056.7073685194, 245533.76259342144], [188031.26880425317, 245533.76259342144]]",[0.05126123130793311],19.85160528732387,0.5
224.8177245530867,[2.39339305673267],[3.3899498693924994],11116.480389458466,7848.525200817428,[3279.2462478067882],22.75068577290822,1.9818561639123415,1e-06,1e-06,1.4647828546921535,1.1684778478022348,32.646803468397025,-5.318367909040246,-3.6625364729561056,188031.14058387035,7.965210415219872,-11.627746888175977,1359057.4893916291,"[0.0, 0.0]","[-3.2015878014862023, -5.500061158050271]","[[188031.14058387035, 398416.4641907931], [1359057.4893916291, 462387.8830034218], [1359057.4893916291, 245533.75894934605], [188031.14058387035, 245533.75894934605]]",[0.05126111483946198],19.851552655921143,0.5
225.3177245530867,[2.393364838264736],[3.38994767934331],11116.469675133432,7848.43017142216,[3279.245205721547],22.750686082481387,1.9818561639123415,1e-06,1e-06,1.4647828546921535,1.1684779072629485,32.64680072892503,-5.318362688390499,-3.6622924739830864,188031.01225148997,7.965471456145735,-11.627763930128822,1359058.262640748,"[0.0, 0.0]","[-3.201592564691051, -5.50006932510357]","[[188031.01225148997, 398416.6739056526], [1359058.262640748, 462388.2201950714], [1359058.262640748, 245533.75566811737], [188031.01225148997, 245533.75566811737]]",[0.05126099641608932],19.851501626720136,0.5
225.8177245530867,[2.3933368786975104],[3.389945504218841],11116.459052476712,7848.336021246482,[3279.2441762388517],22.75068638675173,1.9818561639123415,1e-06,1e-06,1.4647828546921535,1.1684779656504156,32.64679801269517,-5.318357544932107,-3.6620609647026754,188030.88618048435,7.965719707087544,-11.62778067179022,1359059.0315157266,"[0.0, 0.0]","[-3.2015972435127584, -5.500077354046383]","[[188030.88618048435, 398416.87300530216], [1359059.0315157266, 462388.54210191156], [1359059.0315157266, 245533.75208505013], [188030.88618048435, 245533.75208505013]]",[0.0512608819022896],19.851449878905505,0.5
226.3177245530867,[2.393309135267654],[3.389943350879475],11116.44851756048,7848.242591401338,[3279.243151563718],22.750686691135652,1.9818561639123415,1e-06,1e-06,1.4647828546921535,1.1684780241144366,32.64679531908638,-5.318352411788441,-3.6618210618590865,188030.75999940856,7.965976366218172,-11.627797428077258,1359059.7917643155,"[0.0, 0.0]","[-3.201601926869995, -5.500085384191888]","[[188030.75999940856, 398417.0791996173], [1359059.7917643155, 462388.8736332886], [1359059.7917643155, 245533.74885874687], [188030.75999940856, 245533.74885874687]]",[0.05126076546634256],19.851399706409037,0.5
226.8177245530867,[2.3932816463765745],[3.3899412122104544],11116.43807278026,7848.150025976054,[3279.242139285255],22.750686990305535,1.9818561639123415,1e-06,1e-06,1.4647828546921535,1.168478081523181,32.646792648331825,-5.318347354544811,-3.6615934393670386,188030.63604180433,7.966220449738557,-11.627813889105596,1359060.5477125365,"[0.0, 0.0]","[-3.2016065272580296, -5.500093278541014]","[[188030.63604180433, 398417.2749566467], [1359060.5477125365, 462389.1901360609], [1359060.5477125365, 245533.74533566931], [188030.63604180433, 245533.74533566931]]",[0.05126065287442078],19.85134882734928,0.5
227.3177245530867,[2.3932543699669386],[3.389939094966444],11116.427714276117,7848.058168689975,[3279.241131730762],22.750687289587063,1.9818561639123415,1e-06,1e-06,1.4647828546921535,1.16847813900719,32.64678999982061,-5.318342307442836,-3.661357563893546,188030.51197602338,7.9664728006142695,-11.627830364507815,1359061.2951794786,"[0.0, 0.0]","[-3.201611132104137, -5.500101174070329]","[[188030.51197602338, 398417.4776895134], [1359061.2951794786, 462389.51610217016], [1359061.2951794786, 245533.7421633748], [188030.51197602338, 245533.7421633748]]",[0.05126053839255805],19.851299497174967,0.5
227.8177245530867,[2.3932273438080296],[3.3899369921431832],11116.417444402467,7847.967161274266,[3279.2401363703384],22.750687583741847,1.9818561639123415,1e-06,1e-06,1.4647828546921535,1.1684781954535925,32.64678737378205,-5.318337334971103,-3.661133762936231,188030.39009644536,7.96671278666372,-11.627846549599951,1359062.0384185673,"[0.0, 0.0]","[-3.20161565537127, -5.500108936078569]","[[188030.39009644536, 398417.6701600393], [1359062.0384185673, 462389.82729158766], [1359062.0384185673, 245533.73869928526], [188030.39009644536, 245533.73869928526]]",[0.05126042769027119],19.85124947228586,0.5
228.3177245530867,[2.3932005265365395],[3.389934910390117],11116.407259362948,7847.8768500131555,[3279.239145651815],22.750687878006385,1.9818561639123415,1e-06,1e-06,1.4647828546921535,1.1684782519739914,32.64678476961552,-5.3183323724708975,-3.6609018472295247,188030.2681105506,7.9669609015890615,-11.627862748818586,1359062.7733190444,"[0.0, 0.0]","[-3.201620183020518, -5.500116699245065]","[[188030.2681105506, 398417.8694895601], [1359062.7733190444, 462390.14778583695], [1359062.7733190444, 245533.735580098], [188030.2681105506, 245533.735580098]]",[0.05126031512971092],19.85120097029274,0.5
228.8177245530867,[2.393173955300504],[3.389932842812961],11116.397161474792,7847.7873743193095,[3279.238166927939],22.75068816723001,1.9818561639123415,1e-06,1e-06,1.4647828546921535,1.168478307474159,32.64678218754631,-5.318327483352308,-3.6606818036483446,188030.14827421383,7.9671968589446465,-11.627878662592991,1359063.504062958,"[0.0, 0.0]","[-3.201624630457764, -5.50012433112781]","[[188030.14827421383, 398418.0587287568], [1359063.504062958, 462390.4537510918], [1359063.504062958, 245533.7321740115], [188030.14827421383, 245533.7321740115]]",[0.05126020628535639],19.851151785234947,0.5
229.3177245530867,[2.3931475894192955],[3.3899307959572322],11116.387147003717,7847.698583000576,[3279.237192765384],22.750688456561534,1.9818561639123415,1e-06,1e-06,1.4647828546921535,1.1684783630470759,32.646779626983914,-5.318322604037943,-3.6604537812398803,188030.02833338786,7.967440809011066,-11.627894590250946,1359064.2266085213,"[0.0, 0.0]","[-3.201629082202363, -5.500131964147175]","[[188030.02833338786, 398418.2547120588], [1359064.2266085213, 462390.7688653212], [1359064.2266085213, 245533.7291070449], [188030.02833338786, 245533.7291070449]]",[0.051260095613866435],19.851104097519443,0.5
229.8177245530867,[2.393121465428945],[3.38992876303596],11116.37721822679,7847.610613185511,[3279.2362304012427],22.75068874093655,1.9818561639123415,1e-06,1e-06,1.4647828546921535,1.1684784176168468,32.64677708814986,-5.31831779687739,-3.660237431952339,188029.91050608782,7.967672805296559,-11.627910237248898,1359064.945067603,"[0.0, 0.0]","[-3.201633455079101, -5.500139468082707]","[[188029.91050608782, 398418.4407741758], [1359064.945067603, 462391.06969410914], [1359064.945067603, 245533.7257579928], [188029.91050608782, 245533.7257579928]]",[0.05125998859627276],19.851055738194223,0.5
230.3177245530867,[2.3930955433212557],[3.3899267504930206],11116.367371473298,7847.523316167695,[3279.2352725192563],22.75068902541763,1.9818561639123415,1e-06,1e-06,1.4647828546921535,1.1684784722581416,32.646774570463435,-5.318312999356562,-3.660013237487874,188029.79257609393,7.967912660403954,-11.627925897891828,1359065.6554662338,"[0.0, 0.0]","[-3.2016378321897876, -5.500146973133763]","[[188029.79257609393, 398418.6334674284], [1359065.6554662338, 462391.3795186196], [1359065.6554662338, 245533.72274237507], [188029.79257609393, 245533.72274237507]]",[0.051259879782160886],19.851008851086206,0.5
230.8177245530867,[2.3930698590298327],[3.3899247516480377],11116.357608983562,7847.436826827094,[3279.2343262425693],22.750689305025197,1.9818561639123415,1e-06,1e-06,1.4647828546921535,1.1684785259130899,32.64677207414246,-5.318308272782227,-3.6598005204720607,188029.6767241975,7.968140762106884,-11.627941282578945,1359066.3618472777,"[0.0, 0.0]","[-3.201642131754274, -5.500154351264079]","[[188029.6767241975, 398418.81640580297], [1359066.3618472777, 462391.67529716284], [1359066.3618472777, 245533.71944940474], [188029.6767241975, 245533.71944940474]]",[0.05125977456067973],19.850961303631497,0.5
231.3177245530867,[2.3930443732079363],[3.389922772843806],11116.347927146579,7847.350998902986,[3279.2333843703095],22.750689584737035,1.9818561639123415,1e-06,1e-06,1.4647828546921535,1.1684785796383572,32.64676959861595,-5.3183035556858895,-3.6595800896960213,188029.56077137092,7.968376590980597,-11.627956680676618,1359067.0603034478,"[0.0, 0.0]","[-3.201646435480499, -5.500161730489196]","[[188029.56077137092, 398419.00586423173], [1359067.0603034478, 462391.9799207383], [1359067.0603034478, 245533.71648427856], [188029.56077137092, 245533.71648427856]]",[0.051259667572785474],19.8509152036903,0.5
231.8177245530867,[2.393019121196916],[3.389920807504699],11116.33832816543,7847.265965064039,[3279.2324539133115],22.750689859656962,1.9818561639123415,1e-06,1e-06,1.4647828546921535,1.1684786323937968,32.64676714409802,-5.318298908348847,-3.659370943969634,188029.44686180574,7.968600863474421,-11.627971807444055,1359067.7548097593,"[0.0, 0.0]","[-3.2016506629600947, -5.500168984920488]","[[188029.44686180574, 398419.18573130696], [1359067.7548097593, 462392.2707338138], [1359067.7548097593, 245533.71324645335], [188029.44686180574, 245533.71324645335]]",[0.051259564117281796],19.850868454476814,0.5
232.3177245530867,[2.3929940643002063],[3.3899188618743508],11116.328808489367,7847.181581454155,[3279.2315277843954],22.750690134679395,1.9818561639123415,1e-06,1e-06,1.4647828546921535,1.168478685218371,32.64676471002724,-5.318294270330767,-3.6591542137026067,188029.33285304366,7.968832733689055,-11.627986947391662,1359068.4415244854,"[0.0, 0.0]","[-3.20165489453054, -5.500176240426294]","[[188029.33285304366, 398419.3720092123], [1359068.4415244854, 462392.5702437503], [1359068.4415244854, 245533.7103309755], [188029.33285304366, 245533.7103309755]]",[0.051259458924966514],19.850823128487352,0.5
232.8177245530867,[2.392969237276537],[3.3899169294801146],11116.319370284069,7847.097978566293,[3279.230612883748],22.750690404990166,1.9818561639123415,1e-06,1e-06,1.4647828546921535,1.1684787370893608,32.64676229661404,-5.318289700904595,-3.6589485793093104,188029.2208532904,7.969053241247877,-11.628001820557188,1359069.124355937,"[0.0, 0.0]","[-3.201659051132132, -5.500183373229645]","[[188029.2208532904, 398419.54885654926], [1359069.124355937, 462392.8561747092], [1359069.124355937, 245533.70714737425], [188029.2208532904, 245533.70714737425]]",[0.0512593572058114],19.850777164114486,0.5
233.3177245530867,[2.3929446020689387],[3.38991501646846],11116.31001005975,7847.015014910147,[3279.229702236158],22.750690675401707,1.9818561639123415,1e-06,1e-06,1.4647828546921535,1.1684787890283206,32.64675990330653,-5.3182851406410405,-3.6587354874337734,188029.10875604264,7.96928121924276,-11.628016706676533,1359069.7995268523,"[0.0, 0.0]","[-3.2016632117548642, -5.500190507087589]","[[188029.10875604264, 398419.7320073188], [1359069.7995268523, 462393.1506568366], [1359069.7995268523, 245533.70428071578], [188029.10875604264, 245533.70428071578]]",[0.05125925377895051],19.850732599083596,0.5
233.8177245530867,[2.3929201928632247],[3.389913116467937],11116.30072994448,7846.9328188387935,[3279.2288026328306],22.750690941180483,1.9818561639123415,1e-06,1e-06,1.4647828546921535,1.1684788400296668,32.64675753031156,-5.318280647821446,-3.658533305421088,188028.99863412417,7.969498025064695,-11.628031330485783,1359070.4708799485,"[0.0, 0.0]","[-3.201667298665202, -5.500197520299406]","[[188028.99863412417, 398419.9058856153], [1359070.4708799485, 462393.4317876359], [1359070.4708799485, 245533.70115043264], [188028.99863412417, 245533.70115043264]]",[0.05125915376701068],19.85068740637576,0.5
234.3177245530867,[2.392895972231706],[3.3899112355284684],11116.291526506007,7846.851251190019,[3279.227907208915],22.75069120705832,1.9818561639123415,1e-06,1e-06,1.4647828546921535,1.1684788910978388,32.64675517708628,-5.318276164010745,-3.658323790861971,188028.88841638406,7.9697221761645665,-11.628045967026537,1359071.13470134,"[0.0, 0.0]","[-3.2016713895281503, -5.500204534546305]","[[188028.88841638406, 398420.0859617412], [1359071.13470134, 462393.7213263435], [1359071.13470134, 245533.698331778], [188028.88841638406, 245533.698331778]]",[0.051259052075984635],19.850643589528367,0.5
234.8177245530867,[2.392871973796182],[3.389909367379582],11116.282401839308,7846.770438209916,[3279.2270226481755],22.75069146838099,1.9818561639123415,1e-06,1e-06,1.4647828546921535,1.1684789412441021,32.646752843834236,-5.318271746515261,-3.658125003269447,188028.78014085768,7.969935342384986,-11.628060345654433,1359071.7947692624,"[0.0, 0.0]","[-3.2016754079141627, -5.500211430169127]","[[188028.78014085768, 398420.2569208419], [1359071.7947692624, 462393.9977375597], [1359071.7947692624, 245533.69525392223], [188028.78014085768, 245533.69525392223]]",[0.051258953742616256],19.85059915553111,0.5
235.3177245530867,[2.3928481607476964],[3.3899075179759026],11116.2733525683,7846.690243025907,[3279.226142194514],22.75069172980104,1.9818561639123415,1e-06,1e-06,1.4647828546921535,1.168478991456065,32.64675053002162,-5.318267337877496,-3.657919005977874,188028.67177115355,7.970155730817339,-11.628074736795213,1359072.4474321492,"[0.0, 0.0]","[-3.2016794301854876, -5.500218326807885]","[[188028.67177115355, 398420.433973934], [1359072.4474321492, 462394.2824158202], [1359072.4474321492, 245533.69248246978], [188028.67177115355, 245533.69248246978]]",[0.05125885375830248],19.85055607430658,0.5
235.8177245530867,[2.392824566153878],[3.38990568114491],11116.264380750386,7846.61078981324,[3279.2252724258597],22.750691986742204,1.9818561639123415,1e-06,1e-06,1.4647828546921535,1.1684790407615617,32.64674823584846,-5.3182629944450115,-3.6577235558162897,188028.56531110135,7.9703653185305825,-11.628088874346872,1359073.096404823,"[0.0, 0.0]","[-3.2016833811945626, -5.500225106810659]","[[188028.56531110135, 398420.6020628482], [1359073.096404823, 462394.5541866806], [1359073.096404823, 245533.68945616524], [188028.56531110135, 245533.68945616524]]",[0.05125875707534143],19.850512386282897,0.5
236.3177245530867,[2.392801153814325],[3.3899038627485263],11116.25548306852,7846.531943951582,[3279.2244066931994],22.750692243779106,1.9818561639123415,1e-06,1e-06,1.4647828546921535,1.1684790901316522,32.64674596078993,-5.318258659721613,-3.657521016749172,188028.45875848655,7.97058200744749,-11.628103024196662,1359073.738096997,"[0.0, 0.0]","[-3.2016873360228484, -5.500231887810668]","[[188028.45875848655, 398420.7761436523], [1359073.738096997, 462394.834086076], [1359073.738096997, 245533.68673112636], [188028.45875848655, 245533.68673112636]]",[0.05125865876910488],19.85047002833148,0.5
236.8177245530867,[2.392777956251175],[3.389902056711741],11116.246661546471,7846.453827577627,[3279.223551470218],22.75069249641214,1.9818561639123415,1e-06,1e-06,1.4647828546921535,1.16847913861046,32.64674370504275,-5.31825438911207,-3.657328847988879,188028.35408350773,7.970788076719657,-11.628116924708536,1359074.3761611495,"[0.0, 0.0]","[-3.201691220783274, -5.500238554129517]","[[188028.35408350773, 398420.94141056435], [1359074.3761611495, 462395.1012944749], [1359074.3761611495, 245533.68375551168], [188028.35408350773, 245533.68375551168]]",[0.051258563708860144],19.850427073758166,0.5
237.3177245530867,[2.3927549378630317],[3.3899002688036433],11116.23791292063,7846.376308288309,[3279.2227002134637],22.75069274913929,1.9818561639123415,1e-06,1e-06,1.4647828546921535,1.168479187152774,32.64674146809074,-5.31825012706549,-3.6571297090960684,188028.24931755292,7.97100112821164,-11.628130837307708,1359075.0070672368,"[0.0, 0.0]","[-3.201695109297902, -5.500245221427251]","[[188028.24931755292, 398421.1125689725], [1359075.0070672368, 462395.3764952169], [1359075.0070672368, 245533.681076111], [188028.24931755292, 245533.681076111]]",[0.0512584670525466],19.850385426937354,0.5
237.8177245530867,[2.3927321306345775],[3.3898984930452665],11116.229239181295,7846.299506211637,[3279.221859293843],22.750692997536326,1.9818561639123415,1e-06,1e-06,1.4647828546921535,1.1684792348187358,32.64673925012744,-5.318245928059596,-3.656940766646983,188028.146397754,7.971203738101906,-11.628144504748889,1359075.634406441,"[0.0, 0.0]","[-3.201698928919114, -5.5002517759660146]","[[188028.146397754, 398421.27506125893], [1359075.634406441, 462395.6392177426], [1359075.634406441, 245533.6781503391], [188028.146397754, 245533.6781503391]]",[0.05125837358779104],19.85034319350142,0.5
238.3177245530867,[2.3927094995543445],[3.3898967351150926],11116.2206371203,7846.22329112829,[3279.2210222719027],22.750693246025897,1.9818561639123415,1e-06,1e-06,1.4647828546921535,1.1684792825471344,32.64673705064513,-5.3182417374729605,-3.656744970850127,188028.04338853745,7.971413213220217,-11.628158184070344,1359076.254707956,"[0.0, 0.0]","[-3.201702752230629, -5.500258331465627]","[[188028.04338853745, 398421.4433463282], [1359076.254707956, 462395.90979869873], [1359076.254707956, 245533.67551581416], [188028.04338853745, 245533.67551581416]]",[0.05125827855371738],19.850302245872587,0.5
238.8177245530867,[2.392687076078519],[3.389894989128341],11116.212108693691,7846.147781190739,[3279.2201954173374],22.75069349025788,1.9818561639123415,1e-06,1e-06,1.4647828546921535,1.1684793294138616,32.64673486983418,-5.318237608871728,-3.6565592005434837,188027.94219452346,7.97161242180033,-11.628171622343814,1359076.871502689,"[0.0, 0.0]","[-3.2017065078035265, -5.500264776096285]","[[188027.94219452346, 398421.60311057285], [1359076.871502689, 462396.1681106577], [1359076.871502689, 245533.67263905192], [188027.94219452346, 245533.67263905192]]",[0.05125818665767935],19.850260721467752,0.5
239.3177245530867,[2.392664825775383],[3.3898932606737584],11116.203650746249,7846.072848326232,[3279.219372393114],22.75069373458082,1.9818561639123415,1e-06,1e-06,1.4647828546921535,1.1684793763419743,32.6467327071955,-5.31823348854847,-3.656366691723349,188027.84091262368,7.971818380570653,-11.628185072294002,1359077.4813780766,"[0.0, 0.0]","[-3.201710267003953, -5.500271221670148]","[[188027.84091262368, 398421.7685705358], [1359077.4813780766, 462396.43414937117], [1359077.4813780766, 245533.67004865294], [188027.84091262368, 245533.67004865294]]",[0.05125809321862723],19.85022046129276,0.5
239.8177245530867,[2.39264277958123],[3.38989154396002],11116.195265202598,7845.998608743612,[3279.218559369255],22.750693974717496,1.9818561639123415,1e-06,1e-06,1.4647828546921535,1.1684794224228505,32.64673056291599,-5.318229429172959,-3.656184040304481,188027.74141549174,7.97201424493295,-11.628198285237431,1359078.087805769,"[0.0, 0.0]","[-3.201713959601198, -5.500277558233431]","[[188027.74141549174, 398421.9256525367], [1359078.087805769, 462396.68812480086], [1359078.087805769, 245533.66722008135], [188027.74141549174, 245533.66722008135]]",[0.05125800286498553],19.85017963401597,0.5
240.3177245530867,[2.3926209036347545],[3.389889844487684],11116.186948960192,7845.924936482293,[3279.2177501095725],22.750694214943596,1.9818561639123415,1e-06,1e-06,1.4647828546921535,1.1684794685640791,32.646728436504986,-5.318225377936504,-3.6559947632844683,188027.641831979,7.972216746373078,-11.628211509657547,1359078.6874304726,"[0.0, 0.0]","[-3.201717655764237, -5.50028389572261]","[[188027.641831979, 398422.0883348158], [1359078.6874304726, 462396.9496975129], [1359078.6874304726, 245533.66467307112], [188027.641831979, 245533.66467307112]]",[0.051257910994193114],19.850140049753698,0.5
240.8177245530867,[2.3925992283614277],[3.3898881565569607],11116.178703910955,7845.851945840792,[3279.2169506858972],22.75069445105356,1.9818561639123415,1e-06,1e-06,1.4647828546921535,1.1684795138722657,32.64672632814643,-5.318221386627447,-3.655815178388309,188027.54400330852,7.972409322656347,-11.628224501044656,1359079.2836655686,"[0.0, 0.0]","[-3.201721286440607, -5.500290126028481]","[[188027.54400330852, 398422.2427796061], [1359079.2836655686, 462397.19940921286], [1359079.2836655686, 245533.6618918847], [188027.54400330852, 245533.6618918847]]",[0.05125782215706647],19.85009990790181,0.5
241.3177245530867,[2.392577720460128],[3.3898864855815503],11116.170527004453,7845.77951293365,[3279.216154961432],22.75069468725143,1.9818561639123415,1e-06,1e-06,1.4647828546921535,1.168479559239788,32.646724237357716,-5.318217403320873,-3.6556290789164336,188027.4460897364,7.9726084247953395,-11.628237503711773,1359079.873212068,"[0.0, 0.0]","[-3.201724920622144, -5.500296357243321]","[[188027.4460897364, 398422.4027308296], [1359079.873212068, 462397.45659088757], [1359079.873212068, 245533.6593875381], [188027.4460897364, 245533.6593875381]]",[0.05125773182822021],19.850060988204877,0.5
241.8177245530867,[2.3925564098540004],[3.3898848259518752],11116.162420100529,7845.707750180434,[3279.21536891128],22.75069491940211,1.9818561639123415,1e-06,1e-06,1.4647828546921535,1.1684796037882252,32.64672216431961,-5.318213478938374,-3.6554525090613197,188027.34990158217,7.972797768191697,-11.628250277253017,1359080.4594260629,"[0.0, 0.0]","[-3.2017284904146885, -5.500302483071495]","[[188027.34990158217, 398422.5545826824], [1359080.4594260629, 462397.7021104307], [1359080.4594260629, 245533.65665294474], [188027.34990158217, 245533.65665294474]]",[0.05125764448216288],19.850021520271078,0.5
242.3177245530867,[2.3925352637932313],[3.389883182995971],11116.154380199594,7845.636535738031,[3279.2145864965064],22.750695151639214,1.9818561639123415,1e-06,1e-06,1.4647828546921535,1.1684796483949997,32.64672010855753,-5.318209562424068,-3.6552695337981618,188027.25362997974,7.972993528082895,-11.628263061881057,1359081.0390639282,"[0.0, 0.0]","[-3.2017320636528304, -5.500308609792005]","[[188027.25362997974, 398422.7118486936], [1359081.0390639282, 462397.9549747701], [1359081.0390639282, 245533.65419054872], [188027.25362997974, 245533.65419054872]]",[0.051257555669391226],19.849983253982618,0.5
242.8177245530867,[2.3925143117063232],[3.3898815511935108],11116.146409131165,7845.565980175737,[3279.2138135969344],22.750695379896932,1.9818561639123415,1e-06,1e-06,1.4647828546921535,1.168479692196412,32.64671807024945,-5.318205703847286,-3.655095928364119,188027.15905486347,7.973179692860754,-11.628275621224873,1359081.615425432,"[0.0, 0.0]","[-3.2017355735814377, -5.500314632892478]","[[188027.15905486347, 398422.86115114123], [1359081.615425432, 462398.1963725314], [1359081.615425432, 245533.65150176955], [188027.15905486347, 245533.65150176955]]",[0.05125746978938331],19.849944448653293,0.5
243.3177245530867,[2.3924935213865033],[3.3898799357878544],11116.138503944843,7845.495963662202,[3279.2130442700477],22.750695608239614,1.9818561639123415,1e-06,1e-06,1.4647828546921535,1.1684797360551795,32.646716048928624,-5.31820185300666,-3.6549160248636667,188027.06439772673,7.973372166602189,-11.628288191465856,1359082.1853213776,"[0.0, 0.0]","[-3.2017390868970046, -5.500320656868935]","[[188027.06439772673, 398423.0157770161], [1359082.1853213776, 462398.4449920043], [1359082.1853213776, 245533.6490806229], [188027.06439772673, 245533.6490806229]]",[0.05125738246724775],19.84990682480373,0.5
243.8177245530867,[2.392472921775341],[3.3898783313464738],11116.13066643994,7845.426594945186,[3279.2122843018283],22.750695832669567,1.9818561639123415,1e-06,1e-06,1.4647828546921535,1.168479779122079,32.64671404476991,-5.3181980591334685,-3.654745334082577,188026.9714086293,7.9735552061172825,-11.62830054019986,1359082.7519961526,"[0.0, 0.0]","[-3.201742537964379, -5.500326578962464]","[[188026.9714086293, 398423.1625728582], [1359082.7519961526, 462398.6823371745], [1359082.7519961526, 245533.646436892], [188026.9714086293, 245533.646436892]]",[0.051257298028689564],19.849868670955185,0.5
244.3177245530867,[2.3924524811999333],[3.3898767430298324],11116.122893716069,7845.357756171475,[3279.211527844699],22.750696057183053,1.9818561639123415,1e-06,1e-06,1.4647828546921535,1.1684798222453678,32.64671205731457,-5.3181942728666005,-3.6545684507808573,188026.8783389142,7.973744448863727,-11.628312899644584,1359083.3123140812,"[0.0, 0.0]","[-3.201745992361116, -5.500332501915954]","[[188026.8783389142, 398423.3146029146], [1359083.3123140812, 462398.92678303126], [1359083.3123140812, 245533.64405630535], [188026.8783389142, 245533.64405630535]]",[0.051257212172178664],19.849831678759053,0.5
244.8177245530867,[2.3924322281232895],[3.3898751654912735],11116.11518754083,7845.289554298164,[3279.2107805922233],22.750696277849364,1.9818561639123415,1e-06,1e-06,1.4647828546921535,1.168479864590057,32.64671008673429,-5.318190542613303,-3.654400625717983,188026.78690926774,7.973924415578551,-11.628325041296534,1359083.869465097,"[0.0, 0.0]","[-3.2017493855532235, -5.500338324694498]","[[188026.78690926774, 398423.4589342345], [1359083.869465097, 462399.1601436427], [1359083.869465097, 245533.64145686955], [188026.78690926774, 245533.64145686955]]",[0.051257129150882354],19.849794165454306,0.5
245.3177245530867,[2.3924121313973106],[3.389873603810008],11116.107545064317,7845.221873416959,[3279.21003679031],22.750696498597794,1.9818561639123415,1e-06,1e-06,1.4647828546921535,1.1684799069901868,32.646708132578055,-5.318186819838664,-3.654226711915328,188026.69540038228,7.974110481560558,-11.628337193475886,1359084.420366146,"[0.0, 0.0]","[-3.201752782018187, -5.500344148317336]","[[188026.69540038228, 398423.6084120471], [1359084.420366146, 462399.4004859391], [1359084.420366146, 245533.63911616482], [188026.69540038228, 245533.63911616482]]",[0.05125704473540402],19.849757794307234,0.5
245.8177245530867,[2.3923922190142335],[3.3898720527237907],11116.099968022472,7845.154818723253,[3279.2093020415305],22.750696715563507,1.9818561639123415,1e-06,1e-06,1.4647828546921535,1.168479948624763,32.64670619501476,-5.3181831521396425,-3.6540617044605597,188026.60550406345,7.9742874270538096,-11.62834913151437,1359084.9681536239,"[0.0, 0.0]","[-3.2017561183045693, -5.500349873444584]","[[188026.60550406345, 398423.7503202188], [1359084.9681536239, 462399.6299288784], [1359084.9681536239, 245533.6365602833], [188026.60550406345, 245533.6365602833]]",[0.05125696310758832],19.8497209107929,0.5
246.3177245530867,[2.3923724603423104],[3.389870517231301],11116.092453613453,7845.0882762225665,[3279.208570683872],22.750696932609948,1.9818561639123415,1e-06,1e-06,1.4647828546921535,1.1684799903138465,32.64670427360096,-5.318179491793783,-3.653890710307394,188026.51552985975,7.9744703695928365,-11.62836107990023,1359085.5097962182,"[0.0, 0.0]","[-3.2017594578081807, -5.500355599400772]","[[188026.51552985975, 398423.8972886319], [1359085.5097962182, 462399.8662364962], [1359085.5097962182, 245533.63425879384], [188026.51552985975, 245533.63425879384]]",[0.05125688010896235],19.849685150268513,0.5
246.8177245530867,[2.392352882910904],[3.3898689921547898],11116.085003546392,7845.022349377728,[3279.207848230261],22.750697145937046,1.9818561639123415,1e-06,1e-06,1.4647828546921535,1.1684800312502048,32.646702368502645,-5.318175885601244,-3.6537284731545583,188026.42714118128,7.974644344581463,-11.628372817736022,1359086.0483776785,"[0.0, 0.0]","[-3.201762738142131, -5.500361228512637]","[[188026.42714118128, 398424.03681433783], [1359086.0483776785, 462400.09182753135], [1359086.0483776785, 245533.63174573833], [188026.42714118128, 245533.63174573833]]",[0.051256799851243776],19.849648885971728,0.5
247.3177245530867,[2.3923334565959866],[3.389867482412451],11116.07761506298,7844.956926076449,[3279.2071291093816],22.75069735934352,1.9818561639123415,1e-06,1e-06,1.4647828546921535,1.1684800722401532,32.64670047928371,-5.318172286638457,-3.6535603496406566,188026.33867594914,7.974824216101638,-11.628384565742294,1359086.5809175682,"[0.0, 0.0]","[-3.2017660216387047, -5.5003668584383885]","[[188026.33867594914, 398424.1813154745], [1359086.5809175682, 462400.3241681926], [1359086.5809175682, 245533.62948280852], [188026.33867594914, 245533.62948280852]]",[0.05125671824569642],19.84961372581874,0.5
247.8177245530867,[2.392314208471488],[3.3898659829098277],11116.070289846117,7844.8921080766,[3279.20641874585],22.750697569092967,1.9818561639123415,1e-06,1e-06,1.4647828546921535,1.1684801124899897,32.64669860610741,-5.318168740922121,-3.653400836279502,188026.25176965343,7.974995270449654,-11.628396106729156,1359087.110447881,"[0.0, 0.0]","[-3.201769246957621, -5.50037239314344]","[[188026.25176965343, 398424.3184987125], [1359087.110447881, 462400.5459719859], [1359087.110447881, 245533.62701186293], [188026.25176965343, 245533.62701186293]]",[0.05125663933508419],19.849578070344144,0.5
248.3177245530867,[2.3922951089127213],[3.3898644984866366],11116.06302518315,7844.82778511745,[3279.205711657731],22.750697778920443,1.9818561639123415,1e-06,1e-06,1.4647828546921535,1.1684801527925146,32.646696748544855,-5.318165202314204,-3.653235535214151,188026.1647881119,7.9751721224984635,-11.628407657712614,1359087.6340381938,"[0.0, 0.0]","[-3.2017724753853996, -5.500377928647524]","[[188026.1647881119, 398424.4605739914], [1359087.6340381938, 462400.7744122797], [1359087.6340381938, 245533.62478684788], [188026.1647881119, 245533.62478684788]]",[0.05125655909923931],19.849543500483282,0.5
248.8177245530867,[2.3922761845454343],[3.3898630241290735],11116.055822726385,7844.76405727873,[3279.2050131825995],22.750697985152176,1.9818561639123415,1e-06,1e-06,1.4647828546921535,1.1684801923673303,32.64669490675675,-5.318161716061001,-3.6530786999168754,188026.07933936382,7.975340305231157,-11.628419005148032,1359088.15466961,"[0.0, 0.0]","[-3.2017756466109772, -5.500383370527394]","[[188026.07933936382, 398424.5954540873], [1359088.15466961, 462400.9924924076], [1359088.15466961, 245533.62235730785], [188026.07933936382, 245533.62235730785]]",[0.051256481513128595],19.84950844361,0.5
249.3177245530867,[2.392257406236653],[3.389861564600723],11116.048679811847,7844.700816122936,[3279.2043179265224],22.750698191460607,1.9818561639123415,1e-06,1e-06,1.4647828546921535,1.1684802319939478,32.646693080321256,-5.318158236796913,-3.6529161739213123,188025.99381665525,7.9755141884880345,-11.628430362409347,1359088.6694608913,"[0.0, 0.0]","[-3.201778820892624, -5.500388813191799]","[[188025.99381665525, 398424.73514422897], [1359088.6694608913, 462401.21709780226], [1359088.6694608913, 245533.62016957375], [188025.99381665525, 245533.62016957375]]",[0.05125640262400329],19.84947445413125,0.5
249.8177245530867,[2.392238800171417],[3.3898601149675636],11116.041598063288,7844.638160079632,[3279.2036311414736],22.75069839423356,1.9818561639123415,1e-06,1e-06,1.4647828546921535,1.168480270905051,32.6466912693964,-5.318154809010719,-3.6527619717240327,188025.90980103432,7.975679547812035,-11.628441519536068,1359089.1813431038,"[0.0, 0.0]","[-3.2017819389311373, -5.500394163801719]","[[188025.90980103432, 398424.86775985087], [1359089.1813431038, 462401.43151677586], [1359089.1813431038, 245533.61778074672], [188025.90980103432, 245533.61778074672]]",[0.05125632634016734],19.849439985809987,0.5
250.3177245530867,[2.3922203376996407],[3.389858679917026],11116.034574860623,7844.575982502272,[3279.2029475201343],22.750698597081914,1.9818561639123415,1e-06,1e-06,1.4647828546921535,1.1684803098670844,32.646689473567335,-5.318151388096327,-3.6526021742131434,188025.8257127161,7.97585051210757,-11.628452686320713,1359089.6874833654,"[0.0, 0.0]","[-3.2017850599738615, -5.5003995151819565]","[[188025.8257127161, 398425.0051048942], [1359089.6874833654, 462401.65235164325], [1359089.6874833654, 245533.61562967018], [188025.8257127161, 245533.61562967018]]",[0.05125624877516328],19.84940656696974,0.5
250.8177245530867,[2.392202044572746],[3.3898572545939274],11116.027611800157,7844.514380196483,[3279.202272230118],22.750698796454024,1.9818561639123415,1e-06,1e-06,1.4647828546921535,1.1684803481255948,32.646687692989474,-5.318148017797649,-3.6524505609102675,188025.74310621104,7.97601309541659,-11.628463656326858,1359090.1907635413,"[0.0, 0.0]","[-3.2017881257164644, -5.500404776051143]","[[188025.74310621104, 398425.13549405825], [1359090.1907635413, 462401.86317092227], [1359090.1907635413, 245533.61328087517], [188025.74310621104, 245533.61328087517]]",[0.05125617377174934],19.84937267731987,0.5
251.3177245530867,[2.3921838926166252],[3.3898558436111697],11116.020706306617,7844.453248280884,[3279.201600049418],22.750698995900272,1.9818561639123415,1e-06,1e-06,1.4647828546921535,1.1684803864341784,32.64668592725491,-5.3181446542554545,-3.652293446080364,188025.66042824928,7.976181189745773,-11.628474635826137,1359090.688398291,"[0.0, 0.0]","[-3.2017911944122623, -5.50041003767668]","[[188025.66042824928, 398425.27053337026], [1359090.688398291, 462402.08029855334], [1359090.688398291, 245533.61116584318], [188025.66042824928, 245533.61116584318]]",[0.05125609750864738],19.849339819538027,0.5
251.8177245530867,[2.3921659071559627],[3.38985444219096],11116.013859948644,7844.392681962931,[3279.200936062625],22.750699191928526,1.9818561639123415,1e-06,1e-06,1.4647828546921535,1.1684804240510291,32.646684176516374,-5.318141340481184,-3.6521443782076517,188025.57920724957,7.976341043639252,-11.628485421846904,1359091.1832211176,"[0.0, 0.0]","[-3.2017942087351625, -5.500415210308695]","[[188025.57920724957, 398425.39873345534], [1359091.1832211176, 462402.28757856647], [1359091.1832211176, 245533.60885641066], [188025.57920724957, 245533.60885641066]]",[0.05125602376416864],19.849306498844836,0.5
252.3177245530867,[2.3921480604837866],[3.3898530548724306],11116.007070193793,7844.332578094256,[3279.200275131725],22.750699388029663,1.9818561639123415,1e-06,1e-06,1.4647828546921535,1.1684804617171107,32.646682440372956,-5.318138033349998,-3.651989901025104,188025.49791601283,7.976506316173527,-11.62849621719863,1359091.6724934233,"[0.0, 0.0]","[-3.201797225961195, -5.50042038368345]","[[188025.49791601283, 398425.5315057413], [1359091.6724934233, 462402.50106119004], [1359091.6724934233, 245533.60677682018], [188025.49791601283, 245533.60677682018]]",[0.05125594878112255],19.84927419270212,0.5
252.8177245530867,[2.3921303775055804],[3.3898516769549243],11116.000338586417,7844.273030311842,[3279.1996222595285],22.750699580770082,1.9818561639123415,1e-06,1e-06,1.4647828546921535,1.168480498703053,32.646680718974665,-5.318134775153147,-3.6518433358467632,188025.4180573028,7.976663486469761,-11.628506822316524,1359092.1590011476,"[0.0, 0.0]","[-3.201800189726026, -5.500425469556917]","[[188025.4180573028, 398425.6575534996], [1359092.1590011476, 462402.7048613526], [1359092.1590011476, 245533.6045060916], [188025.4180573028, 245533.6045060916]]",[0.051255876274452446],19.849241431413976,0.5
253.3177245530867,[2.3921128309745616],[3.389850312904365],11115.993662634392,7844.213937174465,[3279.198972390731],22.750699773582163,1.9818561639123415,1e-06,1e-06,1.4647828546921535,1.1684805357373977,32.64667901192729,-5.3181315234878666,-3.6516914520327077,188025.33812955426,7.976825984573509,-11.628517436606217,1359092.6400516597,"[0.0, 0.0]","[-3.201803156344682, -5.500430556159623]","[[188025.33812955426, 398425.788096816], [1359092.6400516597, 462402.9147601533], [1359092.6400516597, 245533.60246134998], [188025.33812955426, 245533.60246134998]]",[0.05125580254998204],19.849209667649262,0.5
253.8177245530867,[2.3920954453831236],[3.3898489580954756],11115.987043856248,7844.155390771667,[3279.1983304476084],22.75069996308984,1.9818561639123415,1e-06,1e-06,1.4647828546921535,1.1684805721030025,32.6466773193784,-5.318128319937245,-3.6515473475312206,188025.25961030685,7.9769805163211345,-11.628527863852355,1359093.1183841354,"[0.0, 0.0]","[-3.201806070398588, -5.500435556728217]","[[188025.25961030685, 398425.91202838207], [1359093.1183841354, 462403.11513888283], [1359093.1183841354, 245533.60022867782], [188025.25961030685, 245533.60022867782]]",[0.05125573126034865],19.84917745637482,0.5
254.3177245530867,[2.392078193936939],[3.389847616923083],11115.9804798029,7844.097291341027,[3279.1976914563256],22.750700152667974,1.9818561639123415,1e-06,1e-06,1.4647828546921535,1.168480608516195,32.646675640940316,-5.318125122808573,-3.6513980135519546,188025.18102319862,7.9771402865617915,-11.628538300113746,1359093.591351133,"[0.0, 0.0]","[-3.2018089872579094, -5.50044055801291]","[[188025.18102319862, 398426.04038014536], [1359093.591351133, 462403.3215140169], [1359093.591351133, 245533.59821820224], [188025.18102319862, 245533.59821820224]]",[0.0512556587733345],19.849146225882492,0.5
254.8177245530867,[2.3920611007225205],[3.3898462848360635],11115.973971967314,7844.039729451316,[3279.197060259886],22.75070033899708,1.9818561639123415,1e-06,1e-06,1.4647828546921535,1.1684806442718565,32.646673976758166,-5.31812197298858,-3.6512563284155135,188025.10382096827,7.977292224052974,-11.628548552468487,1359094.0616458573,"[0.0, 0.0]","[-3.2018118524339183, -5.50044547470613]","[[188025.10382096827, 398426.162231047], [1359094.0616458573, 462403.51852875], [1359094.0616458573, 245533.59602294973], [188025.10382096827, 245533.59602294973]]",[0.05125558868031421],19.849114555388095,0.5
255.3177245530867,[2.3920441393903933],[3.389844966158328],11115.967517939529,7843.982606990795,[3279.196431964594],22.75070052539545,1.9818561639123415,1e-06,1e-06,1.4647828546921535,1.168480680074305,32.64667232645081,-5.318118829482759,-3.651109501465328,188025.0265520345,7.977449312219335,-11.628558813684663,1359094.5266652952,"[0.0, 0.0]","[-3.2018147203677603, -5.500450392102543]","[[188025.0265520345, 398426.2884280474], [1359094.5266652952, 462403.7214393668], [1359094.5266652952, 245533.59404616687], [188025.0265520345, 245533.59404616687]]",[0.05125551740999053],19.84908384921531,0.5
255.8177245530867,[2.392027333628183],[3.3898436564122316],11115.961119188933,7843.92601303337,[3279.1958113354194],22.750700708599247,1.9818561639123415,1e-06,1e-06,1.4647828546921535,1.1684807152302437,32.64667069016082,-5.318115732493096,-3.650970195075047,188024.95064475105,7.977598699003579,-11.628568894078626,1359094.989057447,"[0.0, 0.0]","[-3.2018175374849216, -5.500455226325937]","[[188024.95064475105, 398426.40823321615], [1359094.989057447, 462403.91514657636], [1359094.989057447, 245533.59188770814], [188024.95064475105, 245533.59188770814]]",[0.05125544849350232],19.84905271042235,0.5
256.3177245530867,[2.392010657523469],[3.38984235985232],11115.954773345742,7843.869851089557,[3279.195193557618],22.750700891871134,1.9818561639123415,1e-06,1e-06,1.4647828546921535,1.1684807504321821,32.646669067513415,-5.318112641711629,-3.6508258330676995,188024.8746719015,7.977753150115063,-11.628578983182763,1359095.4462629873,"[0.0, 0.0]","[-3.201820357313144, -5.50046006123985]","[[188024.8746719015, 398426.53231162607], [1359095.4462629873, 462404.1146508318], [1359095.4462629873, 245533.58994405437], [188024.8746719015, 245533.58994405437]]",[0.051255378419451596],19.84902251976665,0.5
256.8177245530867,[2.391994134371383],[3.3898410720728473],11115.948481854493,7843.814208762123,[3279.1945833192776],22.750701072002,1.9818561639123415,1e-06,1e-06,1.4647828546921535,1.1684807849984469,32.64666745864895,-5.318109596667076,-3.6506888654889167,188024.8000378645,7.977900029008424,-11.62858889449734,1359095.9008854646,"[0.0, 0.0]","[-3.2018231271768824, -5.5004648143754515]","[[188024.8000378645, 398426.6501054057], [1359095.9008854646, 462404.30510604026], [1359095.9008854646, 245533.58782177354], [188024.8000378645, 245533.58782177354]]",[0.051255310659751904],19.84899190374888,0.5
257.3177245530867,[2.391977738690306],[3.389839797260404],11115.942242386234,7843.758991160528,[3279.193975883433],22.750701252199804,1.9818561639123415,1e-06,1e-06,1.4647828546921535,1.1684808196099379,32.646665863198734,-5.318106557726501,-3.6505469270450703,188024.72533937864,7.978051887328661,-11.628598814373731,1359096.3504085173,"[0.0, 0.0]","[-3.201825899705651, -5.50046956818913]","[[188024.72533937864, 398426.7721007894], [1359096.3504085173, 462404.5012611136], [1359096.3504085173, 245533.58591069482], [188024.72533937864, 245533.58591069482]]",[0.05125524176189954],19.84896221995553,0.5
257.8177245530867,[2.3919614933885374],[3.38983853107934],11115.936056358676,7843.704284437749,[3279.193375862452],22.750701429309224,1.9818561639123415,1e-06,1e-06,1.4647828546921535,1.1684808535964109,32.64666428130073,-5.31810356375661,-3.6504122590098973,188024.65195724973,7.978196300432444,-11.628608559442341,1359096.7973919867,"[0.0, 0.0]","[-3.201828623107838, -5.500474241595843]","[[188024.65195724973, 398426.88791694987], [1359096.7973919867, 462404.6885189163], [1359096.7973919867, 245533.58382398664], [188024.65195724973, 245533.58382398664]]",[0.05125517513957479],19.848932117936503,0.5
258.3177245530867,[2.391945373407829],[3.3898372776496837],11115.929921484027,7843.649995274825,[3279.1927785958997],22.75070160648446,1.9818561639123415,1e-06,1e-06,1.4647828546921535,1.1684808876273487,32.64666271259267,-5.318100575788252,-3.6502727034462055,188024.57851177073,7.978345609480527,-11.628618312926733,1359097.2393617474,"[0.0, 0.0]","[-3.2018313491298835, -5.500478915668434]","[[188024.57851177073, 398427.0078642737], [1359097.2393617474, 462404.8813810243], [1359097.2393617474, 245533.58194493773], [188024.57851177073, 245533.58194493773]]",[0.051255107398183286],19.848902932496124,0.5
258.8177245530867,[2.3919294012769274],[3.3898360327054164],11115.923839155925,7843.596208401845,[3279.192188621685],22.750701780623068,1.9818561639123415,1e-06,1e-06,1.4647828546921535,1.1684809210437463,32.64666115720996,-5.318097632037153,-3.6501402963475016,188024.5063605691,7.978487598187883,-11.628627894535384,1359097.6788346735,"[0.0, 0.0]","[-3.2018340268491516, -5.500483510682487]","[[188024.5063605691, 398427.1217360168], [1359097.6788346735, 462405.065495098], [1359097.6788346735, 245533.57989320694], [188024.5063605691, 245533.57989320694]]",[0.05125504189414605],19.848873335846775,0.5
259.3177245530867,[2.3919135523534294],[3.389834800300159],11115.917807124099,7843.542832043802,[3279.1916013546793],22.75070195482639,1.9818561639123415,1e-06,1e-06,1.4647828546921535,1.1684809545038601,32.64665961479636,-5.31809469418686,-3.650003083660806,188024.4341470968,7.978634400755482,-11.628637484416288,1359098.1133781616,"[0.0, 0.0]","[-3.2018367071438996, -5.500488106350475]","[[188024.4341470968, 398427.23966966284], [1359098.1133781616, 462405.2551195193], [1359098.1133781616, 245533.57804565202], [188024.4341470968, 245533.57804565202]]",[0.05125497528980798],19.848844640392766,0.5
259.8177245530867,[2.391897848792601],[3.3898335762369305],11115.911826759886,7843.489949530442,[3279.19102125943],22.750702126043983,1.9818561639123415,1e-06,1e-06,1.4647828546921535,1.1684809873597348,32.646658085485285,-5.318091799812992,-3.6498728995417196,188024.36320619276,7.978774005762432,-11.628646905304151,1359098.5454668407,"[0.0, 0.0]","[-3.201839339945907, -5.500492624285665]","[[188024.36320619276, 398427.351629631], [1359098.5454668407, 462405.4361426364], [1359098.5454668407, 245533.57602831308], [188024.36320619276, 245533.57602831308]]",[0.051254910885291785],19.84881554062894,0.5
260.3177245530867,[2.3918822663619435],[3.389832364503764],11115.905895849415,7843.437470608546,[3279.190443824991],22.750702297325187,1.9818561639123415,1e-06,1e-06,1.4647828546921535,1.1684810202585911,32.64665656892623,-5.318088911240876,-3.649737990401661,188024.29220407852,7.978918343921805,-11.628656334323466,1359098.9727089356,"[0.0, 0.0]","[-3.201841975279722, -5.50049714286305]","[[188024.29220407852, 398427.4675834029], [1359098.9727089356, 462405.622583719], [1359098.9727089356, 245533.57421172518], [188024.29220407852, 245533.57421172518]]",[0.05125484539892572],19.848787326935184,0.5
260.8177245530867,[2.391866826848451],[3.3898311609715757],11115.90001574201,7843.38547722744,[3279.189873443735],22.75070246567072,1.9818561639123415,1e-06,1e-06,1.4647828546921535,1.1684810525633371,32.6466550652504,-5.318086065416762,-3.649609991938746,188024.22245318707,7.979055605245378,-11.628665597184124,1359099.3975375416,"[0.0, 0.0]","[-3.2018445639172604, -5.500501585011228]","[[188024.22245318707, 398427.5776636939], [1359099.3975375416, 462405.8005677718], [1359099.3975375416, 245533.5722282027], [188024.22245318707, 245533.5722282027]]",[0.05125478207547768],19.84875871571508,0.5
261.3177245530867,[2.391851506422894],[3.3898299695640404],11115.89418426021,7843.333880631082,[3279.1893056777135],22.750702634078788,1.9818561639123415,1e-06,1e-06,1.4647828546921535,1.1684810849103422,32.646653574113145,-5.318083225297004,-3.6494773476752584,188024.152642128,7.979197520362504,-11.628674868037763,1359099.8176010246,"[0.0, 0.0]","[-3.201847155043741, -5.500506027790106]","[[188024.152642128, 398427.69167082774], [1359099.8176010246, 462405.9838789516], [1359099.8176010246, 245533.57044206373], [188024.152642128, 245533.57044206373]]",[0.05125471768832232],19.848730975693574,0.5
261.8177245530867,[2.391836326510419],[3.3898287862186733],11115.888402730649,7843.282761411988,[3279.188744848182],22.75070279960039,1.9818561639123415,1e-06,1e-06,1.4647828546921535,1.168481116673196,32.6466520956435,-5.318080427208993,-3.6493514981747808,188024.0840613039,7.979332477344883,-11.628683975519664,1359100.2352916345,"[0.0, 0.0]","[-3.2018497002570676, -5.50051039542151]","[[188024.0840613039, 398427.7999029982], [1359100.2352916345, 462406.1588749574], [1359100.2352916345, 245533.56849179158], [188024.0840613039, 245533.56849179158]]",[0.05125465542779995],19.848702844815413,0.5
262.3177245530867,[2.3918212636778655],[3.3898276147964177],11115.882669014032,7843.232032285148,[3279.1881865891332],22.750702965183475,1.9818561639123415,1e-06,1e-06,1.4647828546921535,1.1684811484775985,32.64665062950263,-5.318077634729611,-3.6492210807666083,188024.01542133663,7.979472010091797,-11.628693090858405,1359100.6482972105,"[0.0, 0.0]","[-3.201852247917124, -5.500514763672343]","[[188024.01542133663, 398427.9119961721], [1359100.6482972105, 462406.33910877304], [1359100.6482972105, 245533.56673559183], [188024.01542133663, 245533.56673559183]]",[0.05125459212140881],19.848675570513937,0.5
262.8177245530867,[2.391806338995258],[3.3898264512997445],11115.87698441255,7843.18177251089,[3279.1876351517776],22.75070312792848,1.9818561639123415,1e-06,1e-06,1.4647828546921535,1.1684811797076429,32.64664917581729,-5.31807488357768,-3.6490973441502206,188023.94799096818,7.979604701415553,-11.628702045565774,1359101.058969849,"[0.0, 0.0]","[-3.201854750434068, -5.50051905803599]","[[188023.94799096818, 398428.0184112493], [1359101.058969849, 462406.5111668936], [1359101.058969849, 245533.56481801355], [188023.94799096818, 245533.56481801355]]",[0.05125453090597374],19.84864791191372,0.5
263.3177245530867,[2.3917915294186507],[3.3898252995275286],11115.871346823365,7843.131896250014,[3279.187086240901],22.75070329073393,1.9818561639123415,1e-06,1e-06,1.4647828546921535,1.168481210978536,32.646647734254316,-5.318072137940227,-3.648969116212811,188023.88050246303,7.9797418917833625,-11.628711007996174,1359101.4650361957,"[0.0, 0.0]","[-3.2018572553562854, -5.500523353007935]","[[188023.88050246303, 398428.1286225945], [1359101.4650361957, 462406.68837500503], [1359101.4650361957, 245533.56309125197], [188023.88050246303, 245533.56309125197]]",[0.051254468662209035],19.848621095513515,0.5
263.8177245530867,[2.3917768556681898],[3.3898241555469553],11115.86575752737,7843.082481450634,[3279.1865440388315],22.750703450748876,1.9818561639123415,1e-06,1e-06,1.4647828546921535,1.1684812416847004,32.64664630493837,-5.318069432937742,-3.6488474570070935,188023.81420326684,7.979872355482428,-11.628719812489521,1359101.868808868,"[0.0, 0.0]","[-3.201859715892477, -5.500527575331862]","[[188023.81420326684, 398428.23325108504], [1359101.868808868, 462406.8575445604], [1359101.868808868, 245533.5612058202], [188023.81420326684, 245533.5612058202]]",[0.0512544084743221],19.84859390126246,0.5
264.3177245530867,[2.391762295083333],[3.3898230230953943],11115.860214456146,7843.033443697559,[3279.186004320005],22.750703610823244,1.9818561639123415,1e-06,1e-06,1.4647828546921535,1.168481272431027,32.64664488754198,-5.318066733357163,-3.648721381786686,188023.74784692345,7.980007242787735,-11.628728624574421,1359102.2680526676,"[0.0, 0.0]","[-3.2018621787932267, -5.5005317982532596]","[[188023.74784692345, 398428.341612191], [1359102.2680526676, 462407.03177775646], [1359102.2680526676, 245533.55950800428], [188023.74784692345, 245533.55950800428]]",[0.05125434727535131],19.8485675350761,0.5
264.8177245530867,[2.391747868040252],[3.3898218983037856],11115.854718869774,7842.984859648626,[3279.1854711989367],22.750703768153887,1.9818561639123415,1e-06,1e-06,1.4647828546921535,1.1684813026220928,32.646643482187585,-5.3180640737306275,-3.6486017651147904,188023.6826599389,7.980135516256723,-11.628737281371514,1359102.6650413892,"[0.0, 0.0]","[-3.2018645980523783, -5.500535949745034]","[[188023.6826599389, 398428.4444840887], [1359102.6650413892, 462407.19810723775], [1359102.6650413892, 245533.557654181], [188023.6826599389, 245533.557654181]]",[0.05125428809776785],19.848540797378675,0.5
265.3177245530867,[2.3917335522550562],[3.3898207848492183],11115.849268734517,7842.93664628785,[3279.184940518606],22.75070392554295,1.9818561639123415,1e-06,1e-06,1.4647828546921535,1.1684813328526444,32.646642088553165,-5.318061419434992,-3.648477806472499,188023.6174167791,7.980268139158397,-11.628745945630897,1359103.0575773495,"[0.0, 0.0]","[-3.20186701963604, -5.500540101823579]","[[188023.6174167791, 398428.551026016], [1359103.0575773495, 462407.3694154568], [1359103.0575773495, 245533.55598482615], [188023.6174167791, 245533.55598482615]]",[0.051254227926057036],19.848514873847733,0.5
265.8177245530867,[2.391719367765544],[3.3898196789250004],11115.843865288783,7842.888879003762,[3279.1844163268015],22.750704080234293,1.9818561639123415,1e-06,1e-06,1.4647828546921535,1.168481362537245,32.64664070675923,-5.318058804423865,-3.6483601980405638,188023.55332336252,7.980394259166701,-11.628754457207265,1359103.4478961832,"[0.0, 0.0]","[-3.2018693983100364, -5.500544183670499]","[[188023.55332336252, 398428.65217081335], [1359103.4478961832, 462407.53295254457], [1359103.4478961832, 245533.5541620822], [188023.55332336252, 245533.5541620822]]",[0.05125416974182087],19.84848858503921,0.5
266.3177245530867,[2.3917052926588327],[3.3898185841490074],11115.838506533528,7842.841476158611,[3279.1838945340164],22.75070423498307,1.9818561639123415,1e-06,1e-06,1.4647828546921535,1.1684813922606678,32.646639336489045,-5.31805619465416,-3.6482383204451025,188023.48917472665,7.980524655673946,-11.628762976119049,1359103.8338370894,"[0.0, 0.0]","[-3.2018717792691804, -5.500548266093738]","[[188023.48917472665, 398428.7569241002], [1359103.8338370894, 462407.70138488547], [1359103.8338370894, 245533.552520712], [188023.48917472665, 245533.552520712]]",[0.05125411058013071],19.84846309673216,0.5
266.8177245530867,[2.391691346639688],[3.3898174967759678],11115.833193685563,7842.7945118913885,[3279.1833791222552],22.750704387079338,1.9818561639123415,1e-06,1e-06,1.4647828546921535,1.1684814214472923,32.646637977861076,-5.31805362351063,-3.648122686538102,188023.42615654645,7.980648658370853,-11.628771344908955,1359104.2175981733,"[0.0, 0.0]","[-3.2018741180383734, -5.50055227946328]","[[188023.42615654645, 398428.85637079243], [1359104.2175981733, 462407.8621764567], [1359104.2175981733, 245533.550728527], [188023.42615654645, 245533.550728527]]",[0.05125405337257084],19.848437249276518,0.5
267.3177245530867,[2.3916775081595776],[3.3898164203653973],11115.827924779887,7842.747905918306,[3279.182866068506],22.75070453923207,1.9818561639123415,1e-06,1e-06,1.4647828546921535,1.1684814506720866,32.64663663056399,-5.318051057520552,-3.648002855052539,188023.36308408625,7.98077686585691,-11.62877972090945,1359104.5970549101,"[0.0, 0.0]","[-3.201876459054004, -5.500556293398859]","[[188023.36308408625, 398428.9593654667], [1359104.5970549101, 462408.02778119734], [1359104.5970549101, 245533.5491146732], [188023.36308408625, 245533.5491146732]]",[0.05125399520395026],19.84841218888659,0.5
267.8177245530867,[2.3916637965960317],[3.3898153512326807],11115.822701013005,7842.701731150509,[3279.182359290107],22.75070468877678,1.9818561639123415,1e-06,1e-06,1.4647828546921535,1.168481479369082,32.646635294714144,-5.318048529509326,-3.6478891625217216,188023.30112311844,7.980898786784508,-11.62878794930623,1359104.974368501,"[0.0, 0.0]","[-3.2018787585873225, -5.5005602394389275]","[[188023.30112311844, 398429.057142561], [1359104.974368501, 462408.1858733402], [1359104.974368501, 245533.54735253556], [188023.30112311844, 245533.54735253556]]",[0.051253938956675925],19.848386775374273,0.5
268.3177245530867,[2.3916501907590404],[3.389814292879599],11115.817520452048,7842.655908636257,[3279.1818548293745],22.750704838377,1.9818561639123415,1e-06,1e-06,1.4647828546921535,1.1684815081036055,32.646633970005496,-5.318046006565037,-3.6477713427976823,188023.2391087933,7.981024841993246,-11.628796184790929,1359105.3474500808,"[0.0, 0.0]","[-3.2018810603290375, -5.500564186034919]","[[188023.2391087933, 398429.15840814426], [1359105.3474500808, 462408.34869794507], [1359105.3474500808, 245533.5457657373], [188023.2391087933, 245533.5457657373]]",[0.05125388176445913],19.848362135717377,0.5
268.8177245530867,[2.391636709704473],[3.3898132416813604],11115.81238427406,7842.610510079662,[3279.181356540036],22.750704985412916,1.9818561639123415,1e-06,1e-06,1.4647828546921535,1.1684815363191803,32.64663265655247,-5.31804352096311,-3.6476595590466445,188023.17818731425,7.981144716101426,-11.62880427514807,1359105.7184245777,"[0.0, 0.0]","[-3.201883321284214, -5.500568065874193]","[[188023.17818731425, 398429.2545436737], [1359105.7184245777, 462408.5041359809], [1359105.7184245777, 245533.54403314405], [188023.17818731425, 245533.54403314405]]",[0.05125382646135279],19.84833714886325,0.5
269.3177245530867,[2.391623332594978],[3.389812201083234],11115.807290579032,7842.565457839475,[3279.1808605287665],22.750705132503406,1.9818561639123415,1e-06,1e-06,1.4647828546921535,1.1684815645716513,32.64663135405408,-5.318041040343068,-3.647543717311919,188023.11721338535,7.981268655160761,-11.62881237247268,1359106.0852381815,"[0.0, 0.0]","[-3.201885584410415, -5.500571946259546]","[[188023.11721338535, 398429.3541091927], [1359106.0852381815, 462408.66422711906], [1359106.0852381815, 245533.54247294847], [188023.11721338535, 245533.54247294847]]",[0.051253770229153256],19.84831292287589,0.5
269.8177245530867,[2.391610078169018],[3.3898111675190874],11115.802240523753,7842.520822428869,[3279.1803705865755],22.75070527707258,1.9818561639123415,1e-06,1e-06,1.4647828546921535,1.168481592313875,32.64663006262282,-5.318038596439558,-3.647433810296718,188023.05731396945,7.9813865168073335,-11.628820327104052,1359106.449980155,"[0.0, 0.0]","[-3.2018878074341797, -5.500575761007844]","[[188023.05731396945, 398429.448630715], [1359106.449980155, 462408.81705560157], [1359106.449980155, 245533.54076940482], [188023.05731396945, 245533.54076940482]]",[0.051253715854369664],19.848288355517084,0.5
270.3177245530867,[2.3915969259364136],[3.389810144378038],11115.797232239092,7842.47652749686,[3279.179882883564],22.750705421695415,1.9818561639123415,1e-06,1e-06,1.4647828546921535,1.168481620092375,32.64662878196276,-5.318036157434302,-3.6473199133446315,188022.99736299482,7.981508375239798,-11.62882828858443,1359106.8106311597,"[0.0, 0.0]","[-3.201890032592231, -5.5005795762925]","[[188022.99736299482, 398429.54652470996], [1359106.8106311597, 462408.97445915913], [1359106.8106311597, 245533.53923536657], [188022.99736299482, 245533.53923536657]]",[0.0512536605660755],19.84826453625437,0.5
270.8177245530867,[2.391583894324628],[3.389809128152294],11115.79226686403,7842.432642389151,[3279.179401149052],22.750705563839205,1.9818561639123415,1e-06,1e-06,1.4647828546921535,1.1684816473691824,32.64662751218464,-5.318033754530207,-3.647211851556108,188022.9384685072,7.981624258209308,-11.628836109765416,1359107.1692453865,"[0.0, 0.0]","[-3.201892218320506, -5.500583327041029]","[[188022.9384685072, 398429.6394593228], [1359107.1692453865, 462409.124721897], [1359107.1692453865, 245533.5375603861], [188022.9384685072, 245533.5375603861]]",[0.051253607104034184],19.848240381348283,0.5
271.3177245530867,[2.3915709631841757],[3.389808122176012],11115.787342560407,7842.389092021092,[3279.1789216154434],22.750705706035752,1.9818561639123415,1e-06,1e-06,1.4647828546921535,1.1684816746816562,32.646626252997294,-5.318031356442136,-3.6470998667404615,188022.8795233373,7.9817440709384755,-11.628843937678937,1359107.5238373957,"[0.0, 0.0]","[-3.2018944061469456, -5.500587078316415]","[[188022.8795233373, 398429.73570985283], [1359107.5238373957, 462409.27948298806], [1359107.5238373957, 245533.53605206727], [188022.8795233373, 245533.53605206727]]",[0.05125355274380453],19.848216961981898,0.5
271.8177245530867,[2.3915581506360994],[3.389807122998099],11115.78246044739,7842.345944588322,[3279.1784479513653],22.750705845794823,1.9818561639123415,1e-06,1e-06,1.4647828546921535,1.1684817015008504,32.646625004509644,-5.31802899385015,-3.646993619198099,188022.8216169303,7.981858008448569,-11.628851627646668,1359107.8764268954,"[0.0, 0.0]","[-3.2018965552049683, -5.500590766138162]","[[188022.8216169303, 398429.8270841992], [1359107.8764268954, 462409.4272230561], [1359107.8764268954, 245533.5344051718], [188022.8216169303, 245533.5344051718]]",[0.051253500179186375],19.84819321260415,0.5
272.3177245530867,[2.3915454368663265],[3.38980613389867],11115.777618717828,7842.303126253096,[3279.177976450646],22.75070598560575,1.9818561639123415,1e-06,1e-06,1.4647828546921535,1.1684817283551112,32.64662376643548,-5.3180266359933555,-3.6468835144180503,188022.76366070245,7.981975809814401,-11.628859324232451,1359108.22506177,"[0.0, 0.0]","[-3.20189870632565, -5.5005944544773895]","[[188022.76366070245, 398429.92171885446], [1359108.22506177, 462409.57938603935], [1359108.22506177, 245533.5329221418], [188022.76366070245, 245533.5329221418]]",[0.05125344673144548],19.84817018642042,0.5
272.8177245530867,[2.3915328396950866],[3.3898051514827867],11115.772818472333,7842.260704081529,[3279.177510722117],22.750706123020073,1.9818561639123415,1e-06,1e-06,1.4647828546921535,1.1684817547243636,32.64662253888173,-5.318024313037684,-3.6467790506629854,188022.70672581042,7.982087834523725,-11.62886688518671,1359108.5717278183,"[0.0, 0.0]","[-3.2019008193282534, -5.500598080427338]","[[188022.70672581042, 398430.01155912894], [1359108.5717278183, 462409.72464578727], [1359108.5717278183, 245533.5313028608], [188022.70672581042, 245533.5313028608]]",[0.05125339504918882],19.848146835762904,0.5
273.3177245530867,[2.3915203396378293],[3.389804178977195],11115.768057933466,7842.21860546099,[3279.1770471199975],22.75070626048539,1.9818561639123415,1e-06,1e-06,1.4647828546921535,1.1684817811280925,32.646621321567125,-5.318021994737722,-3.6466707943562824,188022.64974194375,7.982203658290246,-11.628874452646528,1359108.914505695,"[0.0, 0.0]","[-3.2019029343585896, -5.5006017068856]","[[188022.64974194375, 398430.1046050364], [1359108.914505695, 462409.87425427756], [1359108.914505695, 245533.52984469623], [188022.64974194375, 245533.52984469623]]",[0.051253342498622206],19.848124196160835,0.5
273.8177245530867,[2.3915079542183344],[3.3898032130422746],11115.76333818393,7842.176896344776,[3279.176589194325],22.750706395594275,1.9818561639123415,1e-06,1e-06,1.4647828546921535,1.168481807054946,32.64662011459683,-5.318019710753906,-3.6465680844420945,188022.5937622787,7.982313802307999,-11.628881886750094,1359109.2553478698,"[0.0, 0.0]","[-3.2019050119102213, -5.500605272001082]","[[188022.5937622787, 398430.192936993], [1359109.2553478698, 462410.01707534236], [1359109.2553478698, 245533.52825256743], [188022.5937622787, 245533.52825256743]]",[0.05125329168391831],19.848101237529686,0.5
274.3177245530867,[2.3914956642768925],[3.3898022568524944],11115.758657476526,7842.135505327856,[3279.176133358809],22.7507065307533,1.9818561639123415,1e-06,1e-06,1.4647828546921535,1.1684818330156963,32.646618917694184,-5.318017431347626,-3.646461645577631,188022.53773447065,7.98242768167114,-11.628889327248771,1359109.592367213,"[0.0, 0.0]","[-3.201907091455313, -5.500608837615867]","[[188022.53773447065, 398430.2844208234], [1359109.592367213, 462410.1641722207], [1359109.592367213, 245533.52681885185], [188022.53773447065, 245533.52681885185]]",[0.051253240015468694],19.848078978019156,0.5
274.8177245530867,[2.3914834870454316],[3.389801307122372],11115.75401687505,7842.094497267817,[3279.175683105538],22.750706663595402,1.9818561639123415,1e-06,1e-06,1.4647828546921535,1.1684818585075682,32.64661773096259,-5.318015185682291,-3.646360660057951,188022.4826940168,7.982535976570375,-11.628896636628326,1359109.9274834155,"[0.0, 0.0]","[-3.2019091341503674, -5.50061234291686]","[[188022.4826940168, 398430.3712697859], [1359109.9274834155, 462410.3045955446], [1359109.9274834155, 245533.52525342043], [188022.4826940168, 245533.52525342043]]",[0.05125319005375653],19.8480564048329,0.5
275.3177245530867,[2.391471403683751],[3.3898003669746544],11115.749414661128,7842.05380194746,[3279.1752349067583],22.7507067964868,1.9818561639123415,1e-06,1e-06,1.4647828546921535,1.1684818840327673,32.64661655412999,-5.318012944517653,-3.6462560081250217,188022.42760623753,7.982647944169457,-11.628903952294479,1359110.2588410259,"[0.0, 0.0]","[-3.2019111788052066, -5.500615848708314]","[[188022.42760623753, 398430.4612177627], [1359110.2588410259, 462410.4492229733], [1359110.2588410259, 245533.52384374442], [188022.42760623753, 245533.52384374442]]",[0.05125313925261919],19.8480345190327,0.5
275.8177245530867,[2.391459431137079],[3.389799433177659],11115.744851881898,7842.013483147925,[3279.1747921976016],22.750706927100122,1.9818561639123415,1e-06,1e-06,1.4647828546921535,1.1684819090969503,32.64661538729814,-5.31801073652838,-3.646156718049781,188022.3734892475,7.982754420991455,-11.628911139041236,1359110.588327504,"[0.0, 0.0]","[-3.201913187228118, -5.5006192951976765]","[[188022.3734892475, 398430.54660862806], [1359110.588327504, 462410.58728880796], [1359110.588327504, 245533.52230456323], [188022.3734892475, 245533.52230456323]]",[0.05125309012958272],19.848012324820385,0.5
276.3177245530867,[2.3914475508787896],[3.3897985088031373],11115.740326846979,7841.973471818114,[3279.1743515079015],22.75070705776191,1.9818561639123415,1e-06,1e-06,1.4647828546921535,1.1684819341938997,32.646614230199475,-5.318008532964263,-3.646053823050636,188022.3193257355,7.982864508917146,-11.628918331967782,1359110.9141185493,"[0.0, 0.0]","[-3.2019151975776308, -5.500622742168808]","[[188022.3193257355, 398430.6350465342], [1359110.9141185493, 462410.7294882406], [1359110.9141185493, 245533.5209185243], [188022.3193257355, 245533.5209185243]]",[0.05125304018120142],19.847990806456455,0.5
276.8177245530867,[2.3914357795720096],[3.389797590672318],11115.735840586918,7841.933830679911,[3279.1739162167114],22.75070718618383,1.9818561639123415,1e-06,1e-06,1.4647828546921535,1.1684819588375643,32.646613082934095,-5.318006362019391,-3.645956199954526,188022.26611672566,7.9829691981831274,-11.628925398137653,1359111.2380699413,"[0.0, 0.0]","[-3.20191717230306, -5.500626130832676]","[[188022.26611672566, 398430.7190037823], [1359111.2380699413, 462410.86523616384], [1359111.2380699413, 245533.5194051538], [188022.26611672566, 245533.5194051538]]",[0.05125299188276435],19.84796898485571,0.5
277.3177245530867,[2.3914240989993605],[3.389796681806644],11115.731391438498,7841.894491831943,[3279.173482910544],22.75070731465339,1.9818561639123415,1e-06,1e-06,1.4647828546921535,1.168481983513445,32.64661194523893,-5.318004195425391,-3.645855032393115,188022.21286198345,7.9830774379894365,-11.628932470382551,1359111.558387994,"[0.0, 0.0]","[-3.201919148922508, -5.500629519969787]","[[188022.21286198345, 398430.8059569686], [1359111.558387994, 462411.00504836], [1359111.558387994, 245533.51804235595], [188022.21286198345, 245533.51804235595]]",[0.051252942772826826],19.847947827759306,0.5
277.8177245530867,[2.3914125255465186],[3.389795779078996],11115.726980414558,7841.8555169542215,[3279.173054913264],22.75070744092065,1.9818561639123415,1e-06,1e-06,1.4647828546921535,1.1684820077436417,32.64661081721226,-5.318002060903831,-3.6457590482896194,188022.16054572922,7.983180369707725,-11.628939417997344,1359111.8768973358,"[0.0, 0.0]","[-3.201921090515436, -5.500632851777702]","[[188022.16054572922, 398430.88850466826], [1359111.8768973358, 462411.1385172849], [1359111.8768973358, 245533.51655436374], [188022.16054572922, 245533.51655436374]]",[0.05125289528514913],19.847926372514618,0.5
278.3177245530867,[2.3914010412991864],[3.389794885462377],11115.722605882209,7841.816839272782,[3279.1726288671875],22.750707567234738,1.9818561639123415,1e-06,1e-06,1.4647828546921535,1.168482032005513,32.646609698595455,-5.317999930660102,-3.645659579167159,188022.10818451905,7.98328679241672,-11.62894637158388,1359112.191834394,"[0.0, 0.0]","[-3.201923033970379, -5.500636184050528]","[[188022.10818451905, 398430.9739980589], [1359112.191834394, 462411.27598231786], [1359112.191834394, 245533.51521441797], [188022.10818451905, 245533.51521441797]]",[0.051252846999583615],19.84790557062058,0.5
278.8177245530867,[2.391389662371056],[3.3897939978797886],11115.718268834415,7841.7785194457065,[3279.1722080418317],22.750707691383457,1.9818561639123415,1e-06,1e-06,1.4647828546921535,1.1684820558291746,32.64660858948531,-5.317997831951159,-3.6455652065385493,188022.056746051,7.983387996092858,-11.628953202631408,1359112.504993162,"[0.0, 0.0]","[-3.2019249429863685, -5.50063945995583]","[[188022.056746051, 398431.0551598749], [1359112.504993162, 462411.40721050417], [1359112.504993162, 245533.51375137904], [188022.056746051, 245533.51375137904]]",[0.05125280030905751],19.847884475581438,0.5
279.3177245530867,[2.3913783711458954],[3.389793119256209],11115.713967666896,7841.740491807817,[3279.17178913441],22.750707815578227,1.9818561639123415,1e-06,1e-06,1.4647828546921535,1.1684820796839783,32.6466074896274,-5.317995737448242,-3.645467407342494,188022.00526338993,7.983492632206776,-11.62896003954927,1359112.8146396668,"[0.0, 0.0]","[-3.2019268538328984, -5.5006427363178485]","[[188022.00526338993, 398431.1392179762], [1359112.8146396668, 462411.5423677752], [1359112.8146396668, 245533.51243390248], [188022.00526338993, 245533.51243390248]]",[0.05125275283402819],19.847864022926405,0.5
279.8177245530867,[2.3913671834688457],[3.389792246564762],11115.70970335597,7841.7028160087975,[3279.171375361043],22.750707937643927,1.9818561639123415,1e-06,1e-06,1.4647828546921535,1.1684821031079209,32.64660639911688,-5.317993673951468,-3.6453746191350547,188021.95468798955,7.983592136848813,-11.628966755983868,1359113.1225377955,"[0.0, 0.0]","[-3.201928730818217, -5.500645957257951]","[[188021.95468798955, 398431.219017175], [1359113.1225377955, 462411.6713928397], [1359113.1225377955, 245533.51099539874], [188021.95468798955, 245533.51099539874]]",[0.0512527069272746],19.847843282045496,0.5
280.3177245530867,[2.391356082018043],[3.3897913826827],11115.70547432385,7841.665427477946,[3279.1709634729255],22.750708059754906,1.9818561639123415,1e-06,1e-06,1.4647828546921535,1.1684821265624827,32.64660531770369,-5.317991614590102,-3.645278461828809,188021.90406914533,7.983695016360514,-11.628973478189323,1359113.4269826773,"[0.0, 0.0]","[-3.2019306096031475, -5.500649178646709]","[[188021.90406914533, 398431.3016640835], [1359113.4269826773, 462411.80428109126], [1359113.4269826773, 245533.50970001516], [188021.90406914533, 245533.50970001516]]",[0.05125266024917711],19.847823172766223,0.5
280.8177245530867,[2.391345082374609],[3.3897905246330353],11115.701281532132,7841.628384873312,[3279.170556633576],22.750708179772516,1.9818561639123415,1e-06,1e-06,1.4647828546921535,1.1684821495934095,32.64660424548123,-5.317989585715085,-3.6451872314422076,188021.85434234014,7.983792850490715,-11.628980081932923,1359113.7297085843,"[0.0, 0.0]","[-3.201932455094893, -5.500652345543258]","[[188021.85434234014, 398431.38012354146], [1359113.7297085843, 462411.93114001886], [1359113.7297085843, 245533.50828563562], [188021.85434234014, 245533.50828563562]]",[0.05125261511304118],19.847802780097823,0.5
281.3177245530867,[2.3913341675050246],[3.3897896752454004],11115.697123427111,7841.591624696963,[3279.170151647359],22.750708299834645,1.9818561639123415,1e-06,1e-06,1.4647828546921535,1.1684821726544394,32.64660318220365,-5.31798756090605,-3.645092688464274,188021.80457282817,7.983894002885108,-11.628986691349382,1359114.029039271,"[0.0, 0.0]","[-3.201934302355813, -5.500655512880579]","[[188021.80457282817, 398431.4613829463], [1359114.029039271, 462412.0617973395], [1359114.029039271, 245533.5070119748], [188021.80457282817, 245533.5070119748]]",[0.051252569218500646],19.847783008429516,0.5
281.8177245530867,[2.391323352731513],[3.389788831591821],11115.693000955664,7841.555204634136,[3279.1697516260365],22.750708417838513,1.9818561639123415,1e-06,1e-06,1.4647828546921535,1.1684821952989402,32.64660212796292,-5.317985566072256,-3.645002989742295,188021.75568038807,7.983990194549278,-11.628993184291573,1359114.326679893,"[0.0, 0.0]","[-3.2019361168821034, -5.500658626639838]","[[188021.75568038807, 398431.53852515755], [1359114.326679893, 462412.1865264975], [1359114.326679893, 245533.50562131545], [188021.75568038807, 245533.50562131545]]",[0.05125252484004763],19.847762958127728,0.5
282.3177245530867,[2.391312621304152],[3.389787996455755],11115.688912590023,7841.519062242067,[3279.1693534262918],22.75070853588615,1.9818561639123415,1e-06,1e-06,1.4647828546921535,1.168482217973038,32.64660108251729,-5.317983575236195,-3.644910033991721,188021.70674596576,7.98408964881861,-11.628999682810331,1359114.620982338,"[0.0, 0.0]","[-3.201937933147661, -5.500661740832083]","[[188021.70674596576, 398431.6184203515], [1359114.620982338, 462412.31499033706], [1359114.620982338, 245533.50436901374], [188021.70674596576, 245533.50436901374]]",[0.051252479715913055],19.847743518402346,0.5
282.8177245530867,[2.3913019882902558],[3.389787166956859],11115.684859260584,7841.483254248219,[3279.168960108949],22.750708651910042,1.9818561639123415,1e-06,1e-06,1.4647828546921535,1.168482240237592,32.64660004595697,-5.317981613872821,-3.644821841219823,188021.65867389907,7.984184225589274,-11.629006066809097,1359114.9136231462,"[0.0, 0.0]","[-3.2019397172277437, -5.5006648023451215]","[[188021.65867389907, 398431.6942674306], [1359114.9136231462, 462412.43762547936], [1359114.9136231462, 245533.5030016771], [188021.65867389907, 245533.5030016771]]",[0.05125243608242587],19.847723804719365,0.5
283.3177245530867,[2.391291437218952],[3.3897863458333855],11115.680839465864,7841.447719248083,[3279.168568582175],22.75070876797696,1.9818561639123415,1e-06,1e-06,1.4647828546921535,1.1684822625312459,32.64659901804447,-5.317979656440084,-3.6447304460498344,188021.6105605625,7.984282010240008,-11.629012456289843,1359115.2029818662,"[0.0, 0.0]","[-3.2019415030177134, -5.500667864283527]","[[188021.6105605625, 398431.772821316], [1359115.2029818662, 462412.56393266114], [1359115.2029818662, 245533.5017703765], [188021.6105605625, 245533.5017703765]]",[0.05125239171576667],19.847704691364054,0.5
283.8177245530867,[2.39128098290658],[3.3897855302517534],11115.676854119654,7841.4125130261755,[3279.1681818566594],22.750708882054077,1.9818561639123415,1e-06,1e-06,1.4647828546921535,1.1684822844222247,32.646597998868515,-5.3179777279859,-3.644643733945202,188021.56329511225,7.984374999226702,-11.629018733171904,1359115.4907068894,"[0.0, 0.0]","[-3.201943257162157, -5.500670874426473]","[[188021.56329511225, 398431.8473950063], [1359115.4907068894, 462412.6845089419], [1359115.4907068894, 245533.50042597187], [188021.56329511225, 245533.50042597187]]",[0.05125234881474177],19.847685308648533,0.5
284.3177245530867,[2.391270609156931],[3.389784722905705],11115.67290174625,7841.377575199884,[3279.16779689123],22.7507089961735,1.9818561639123415,1e-06,1e-06,1.4647828546921535,1.1684823063418142,32.64659698819537,-5.31797580339636,-3.6445538731564966,188021.51598909163,7.984471142286452,-11.629025015442949,1359115.7752049735,"[0.0, 0.0]","[-3.201945012987617, -5.500673884987327]","[[188021.51598909163, 398431.9246301013], [1359115.7752049735, 462412.80869567074], [1359115.7752049735, 245533.49921532074], [188021.51598909163, 245533.49921532074]]",[0.05125230519284414],19.847666516184,0.5
284.8177245530867,[2.391260330539819],[3.389783921008041],11115.668983244295,7841.3429606272875,[3279.1674166472417],22.75070910833649,1.9818561639123415,1e-06,1e-06,1.4647828546921535,1.168482327865482,32.6465959861124,-5.31797390729953,-3.6444686168620706,188021.46951673136,7.984562570142543,-11.629031187004614,1359116.0580968328,"[0.0, 0.0]","[-3.2019467376984525, -5.500676844621668]","[[188021.46951673136, 398431.99795177975], [1359116.0580968328, 462412.92724765156], [1359116.0580968328, 245533.49789346394], [188021.46951673136, 245533.49789346394]]",[0.05125226301198815],19.847647458879546,0.5
285.3177245530867,[2.391250131129137],[3.389783127208634],11115.665097163259,7841.3086099308,[3279.1670381333847],22.75070922054107,1.9818561639123415,1e-06,1e-06,1.4647828546921535,1.1684823494172796,32.64659499238985,-5.317972015002459,-3.6443802646953145,188021.42300448802,7.984657099168658,-11.629037363863972,1359116.3378159725,"[0.0, 0.0]","[-3.201948464061857, -5.500679804666544]","[[188021.42300448802, 398432.07389022387], [1359116.3378159725, 462413.0493495235], [1359116.3378159725, 245533.4967031163], [188021.42300448802, 245533.4967031163]]",[0.05125222012235204],19.84762898191844,0.5
285.8177245530867,[2.3912400252515575],[3.389782338765613],11115.661244386003,7841.274577055147,[3279.166664262509],22.750709330822037,1.9818561639123415,1e-06,1e-06,1.4647828546921535,1.168482370579796,32.64659400711355,-5.317970150720378,-3.644296439766663,188021.37731191708,7.984746992104704,-11.629043431871366,1359116.6159558988,"[0.0, 0.0]","[-3.2019501598326823, -5.500682714639277]","[[188021.37731191708, 398432.14598091296], [1359116.6159558988, 462413.1659111922], [1359116.6159558988, 245533.49540342952], [188021.37731191708, 245533.49540342952]]",[0.05125217864957629],19.847610244561913,0.5
286.3177245530867,[2.3912299972468904],[3.389781558285509],11115.657423485962,7841.240803611974,[3279.166292092303],22.75070944114388,1.9818561639123415,1e-06,1e-06,1.4647828546921535,1.1684823917699694,32.6465930300576,-5.317968290174263,-3.6442095708959528,188021.33158013909,7.984839934190688,-11.629049505086641,1359116.8909764036,"[0.0, 0.0]","[-3.201951857228158, -5.5006856250153575]","[[188021.33158013909, 398432.22064447356], [1359116.8909764036, 462413.285963206], [1359116.8909764036, 245533.49423304514], [188021.33158013909, 245533.49423304514]]",[0.05125213647991151],19.847592077807402,0.5
286.8177245530867,[2.391220061203069],[3.3897807830714113],11115.65363533161,7841.207342648924,[3279.165924487879],22.750709549574378,1.9818561639123415,1e-06,1e-06,1.4647828546921535,1.1684824125773914,32.646592061306364,-5.317966457173421,-3.6441271533036,188021.28665428024,7.984928317972731,-11.629055471276331,1359117.1644442556,"[0.0, 0.0]","[-3.2019535245442987, -5.50068848615939]","[[188021.28665428024, 398432.29152483837], [1359117.1644442556, 462413.40056797356], [1359117.1644442556, 245533.49295515698], [188021.28665428024, 245533.49295515698]]",[0.05125209570333177],19.84757365502736,0.5
287.3177245530867,[2.3912102017210244],[3.3897800156873483],11115.649878520677,7841.174136749428,[3279.1655585552053],22.75070965804507,1.9818561639123415,1e-06,1e-06,1.4647828546921535,1.1684824334120048,32.64659110063775,-5.317964627845827,-3.644041742828392,188021.24168987895,7.985019699757231,-11.629061442585623,1359117.434845102,"[0.0, 0.0]","[-3.201955193457664, -5.500691347699646]","[[188021.24168987895, 398432.3649349173], [1359117.434845102, 462413.51860453945], [1359117.434845102, 245533.49180440156], [188021.24168987895, 245533.49180440156]]",[0.051252054241554316],19.847555793271454,0.5
287.8177245530867,[2.3912004326542666],[3.3897792534803024],11115.64615390614,7841.1412380799,[3279.1651971123647],22.750709764656136,1.9818561639123415,1e-06,1e-06,1.4647828546921535,1.1684824538702867,32.646590148134635,-5.3179628256016445,-3.6439607089434958,188021.19751787363,7.985106599721689,-11.629067308665185,1359117.703719401,"[0.0, 0.0]","[-3.20195683279633, -5.500694160833801]","[[188021.19751787363, 398432.4346252789], [1359117.703719401, 462413.6312852604], [1359117.703719401, 245533.49054794663], [188021.19751787363, 245533.49054794663]]",[0.05125201414948475],19.847537679786665,0.5
288.3177245530867,[2.3911907388601334],[3.3897784989725492],11115.642460109957,7841.108590178312,[3279.164837312862],22.750709871306718,1.9818561639123415,1e-06,1e-06,1.4647828546921535,1.1684824743553035,32.64658920357874,-5.317961026969046,-3.643876732379681,188021.15330797917,7.985196447397811,-11.629073179777492,1359117.9695782186,"[0.0, 0.0]","[-3.2019584737052345, -5.500696974357269]","[[188021.15330797917, 398432.50680291984], [1359117.9695782186, 462413.74734021287], [1359117.9695782186, 245533.48941649133], [188021.15330797917, 245533.48941649133]]",[0.051251973383713074],19.84752011790887,0.5
288.8177245530867,[2.3911811339616715],[3.3897777495545305],11115.63879797079,7841.076244344664,[3279.164481928515],22.750709976128853,1.9818561639123415,1e-06,1e-06,1.4647828546921535,1.1684824944703005,32.64658826705164,-5.317959254965731,-3.643797058971927,188021.1098771848,7.985281888453869,-11.629078947425796,1359118.233936161,"[0.0, 0.0]","[-3.201960085535644, -5.500699740286753]","[[188021.1098771848, 398432.57532325626], [1359118.233936161, 462413.85812918696], [1359118.233936161, 245533.48818111056], [188021.1098771848, 245533.48818111056]]",[0.05125193396466468],19.847502308526717,0.5
289.3177245530867,[2.3911716030685986],[3.3897770077070546],11115.635166132999,7841.044145056319,[3279.164128159552],22.750710080989855,1.9818561639123415,1e-06,1e-06,1.4647828546921535,1.1684825146115825,32.64658733833852,-5.3179574865133805,-3.643714492246545,188021.06640914292,7.985370227774979,-11.629084720021524,1359118.495329286,"[0.0, 0.0]","[-3.201961698909782, -5.500702506598746]","[[188021.06640914292, 398432.64628914953], [1359118.495329286, 462413.9722357925], [1359118.495329286, 245533.4870686319], [188021.06640914292, 245533.4870686319]]",[0.05125189388321654],19.84748504149247,0.5
289.8177245530867,[2.391162159576669],[3.389776270863935],11115.631565423222,7841.012342759086,[3279.163778732287],22.750710184053073,1.9818561639123415,1e-06,1e-06,1.4647828546921535,1.1684825343890526,32.64658641751964,-5.317955744243798,-3.6436361564749973,188021.02370712833,7.985454234414135,-11.629090390889132,1359118.7552467722,"[0.0, 0.0]","[-3.201963283693249, -5.500705226115228]","[[188021.02370712833, 398432.71365910413], [1359118.7552467722, 462414.08116477926], [1359118.7552467722, 245533.48585397215], [188021.02370712833, 245533.48585397215]]",[0.05125185512589273],19.847467531107533,0.5
290.3177245530867,[2.3911527888446873],[3.3897755414646698],11115.627994506365,7840.980782857241,[3279.163430892971],22.750710287154494,1.9818561639123415,1e-06,1e-06,1.4647828546921535,1.1684825541923654,32.646585504383836,-5.317954005465557,-3.6435549759201535,188020.98096849714,7.9855410907003375,-11.629096066620491,1359119.0122492502,"[0.0, 0.0]","[-3.2019648699943914, -5.500707946007522]","[[188020.98096849714, 398432.78343359195], [1359119.0122492502, 462414.1933557446], [1359119.0122492502, 245533.4847601522], [188020.98096849714, 245533.4847601522]]",[0.051251815717282316],19.847450553966805,0.5
290.8177245530867,[2.391143504044772],[3.38977481698503],11115.624454194744,7840.949514956042,[3279.1630873231047],22.750710388488294,1.9818561639123415,1e-06,1e-06,1.4647828546921535,1.1684825736379678,32.646584599009884,-5.317952292431053,-3.64347795532683,188020.9389830393,7.9856236870038515,-11.629101642330681,1359119.2678009009,"[0.0, 0.0]","[-3.20196642818459, -5.500710619889441]","[[188020.9389830393, 398432.84967247857], [1359119.2678009009, 462414.3004559697], [1359119.2678009009, 245533.48356586637], [188020.9389830393, 245533.48356586637]]",[0.05125177761057602],19.847433337559394,0.25
291.0677245530867,[2.391139096232971],[3.389774457058496],11115.62269361138,7840.9346516619735,[3279.162916124234],22.750710436075014,1.9818561639123415,1e-06,1e-06,1.4647828546921535,1.1684825827050571,32.64658414832297,-5.317951473319281,-3.643450365015042,188020.9192752417,7.985653894530856,-11.629104259545898,1359119.3939531804,"[0.0, 0.0]","[-3.2019671602035866, -5.500711885126597]","[[188020.9192752417, 398432.8735301107], [1359119.3939531804, 462414.34087242815], [1359119.3939531804, 245533.4827633344], [188020.9192752417, 245533.4827633344]]",[0.05125176167613493],19.847425093626978,0.125
291.1927245530867,[2.3911369959706925],[3.389774262589016],11115.621807133244,7840.927589070376,[3279.1628427326127],22.750710458744685,1.9818561639123415,1e-06,1e-06,1.4647828546921535,1.168482586963734,32.646583923905155,-5.317951069132499,-3.6434320199193735,188020.91023153023,7.985673440640596,-11.62910546055997,1359119.4493465968,"[0.0, 0.0]","[-3.20196749514722, -5.50071246840196]","[[188020.91023153023, 398432.8892806255], [1359119.4493465968, 462414.3660025844], [1359119.4493465968, 245533.48264520348], [188020.91023153023, 245533.48264520348]]",[0.0512517530457481],19.847425093626978,0.1
291.2927245530867,[2.391135226795899],[3.3897741140728064],11115.621107160718,7840.921637434262,[3279.162779907279],22.75071047567484,1.9818561639123415,1e-06,1e-06,1.4647828546921535,1.1684825901647855,32.646583744002726,-5.317950772224571,-3.6434256572769073,188020.90312881957,7.9856807465302495,-11.629106403807157,1359119.500730216,"[0.0, 0.0]","[-3.2019677541119536, -5.5007129189212955]","[[188020.90312881957, 398432.8948534568], [1359119.500730216, 462414.3765310903], [1359119.500730216, 245533.48214949374], [188020.90312881957, 245533.48214949374]]",[0.05125174807430578],19.84741742763959,0.1
291.39272455308674,[2.3911334799584973],[3.389773960594983],11115.620403302539,7840.915767782127,[3279.162720735365],22.75071049319765,1.9818561639123415,1e-06,1e-06,1.4647828546921535,1.1684825934875067,32.64658356426952,-5.317950467003041,-3.643413569790482,188020.89587428753,7.985693797425938,-11.62910736721642,1359119.5488169258,"[0.0, 0.0]","[-3.2019680185501067, -5.500713376620161]","[[188020.89587428753, 398432.9052673459], [1359119.5488169258, 462414.3937086259], [1359119.5488169258, 245533.48190408028], [188020.89587428753, 245533.48190408028]]",[0.05125174172687652],19.84741742763959,0.1
291.49272455308676,[2.391131714625174],[3.3897738179498593],11115.619706483028,7840.909817386902,[3279.162653160668],22.75071051015793,1.9818561639123415,1e-06,1e-06,1.4647828546921535,1.1684825967372996,32.64658338421583,-5.317950179469956,-3.64340891338378,188020.88857760243,7.9856994228399,-11.62910833622368,1359119.6033027447,"[0.0, 0.0]","[-3.2019682839848222, -5.500713834133522]","[[188020.88857760243, 398432.90940398455], [1359119.6033027447, 462414.4023693092], [1359119.6033027447, 245533.48136620666], [188020.88857760243, 245533.48136620666]]",[0.05125173704378097],19.84741049931844,0.1
291.5927245530868,[2.3911296559993604],[3.3897736631723414],11115.619010425096,7840.902933838861,[3279.1625975471393],22.75071052822235,1.9818561639123415,1e-06,1e-06,1.4647828546921535,1.1684826001982855,32.6465832038906,-5.317949872936608,-3.643385627480143,188020.88041164403,7.985723793191198,-11.629109420671341,1359119.651999347,"[0.0, 0.0]","[-3.2019685613545414, -5.500714310750345]","[[188020.88041164403, 398432.9293045617], [1359119.651999347, 462414.4328863295], [1359119.651999347, 245533.481063071], [188020.88041164403, 245533.481063071]]",[0.05125172767007702],19.84741049931844,0.1
291.6927245530868,[2.3911280240009796],[3.389773531327544],11115.618318452112,7840.897399107472,[3279.162520954277],22.75071054556341,1.9818561639123415,1e-06,1e-06,1.4647828546921535,1.1684826035591012,32.646583023053495,-5.317949587588418,-3.643383064375314,188020.87267855782,7.985727383257824,-11.629110447633138,1359119.7066980472,"[0.0, 0.0]","[-3.201968842917122, -5.500714794005481]","[[188020.87267855782, 398432.9316847087], [1359119.7066980472, 462414.4392146545], [1359119.7066980472, 245533.48050965677], [188020.87267855782, 245533.48050965677]]",[0.05125172331255376],19.847403685086434,0.1
291.7927245530868,[2.391125926502516],[3.389773380313006],11115.617625163219,7840.890381339254,[3279.162462517427],22.750710564008283,1.9818561639123415,1e-06,1e-06,1.4647828546921535,1.1684826071247947,32.64658284193746,-5.317949281804825,-3.6433584793255704,188020.86414699772,7.98575310130758,-11.62911158063315,1359119.7554973366,"[0.0, 0.0]","[-3.2019691359404527, -5.5007152963437695]","[[188020.86414699772, 398432.9526930631], [1359119.7554973366, 462414.47134550294], [1359119.7554973366, 245533.48021907487], [188020.86414699772, 245533.48021907487]]",[0.05125171348639892],19.847403685086434,0.1
291.89272455308685,[2.3911242682633613],[3.3897732518433106],11115.616934292251,7840.884753530992,[3279.162382984684],22.750710581724274,1.9818561639123415,1e-06,1e-06,1.4647828546921535,1.1684826105833377,32.6465826604188,-5.317948995947562,-3.643354917580325,188020.85609494953,7.985757732373202,-11.629112649953527,1359119.8101812457,"[0.0, 0.0]","[-3.2019694318710705, -5.500715803607619]","[[188020.85609494953, 398432.9559258], [1359119.8101812457, 462414.478921551], [1359119.8101812457, 245533.47969415033], [188020.85609494953, 245533.47969415033]]",[0.051251708767624395],19.847396880463414,0.1
291.9927245530869,[2.3911221476650124],[3.3897731034797],11115.616240780275,7840.877653725767,[3279.1623219175863],22.750710600524148,1.9818561639123415,1e-06,1e-06,1.4647828546921535,1.1684826142378504,32.64658247879953,-5.317948688838073,-3.643329670305434,188020.84729965933,7.985784147671836,-11.62911381797727,1359119.8588688115,"[0.0, 0.0]","[-3.201969737642946, -5.500716327486608]","[[188020.84729965933, 398432.9775009788], [1359119.8588688115, 462414.51189038047], [1359119.8588688115, 245533.479438204], [188020.84729965933, 245533.479438204]]",[0.051251698683019827],19.847396880463414,0.1
292.0927245530869,[2.3911204654539495],[3.389772976986131],11115.61554865763,7840.87194185634,[3279.1622401039363],22.75071061857929,1.9818561639123415,1e-06,1e-06,1.4647828546921535,1.1684826177775547,32.64658229699165,-5.317948400877016,-3.64332557530696,188020.83902771986,7.9857893411925716,-11.629114916499532,1359119.913328023,"[0.0, 0.0]","[-3.2019700446641686, -5.500716853637887]","[[188020.83902771986, 398432.9811903567], [1359119.913328023, 462414.52013969945], [1359119.913328023, 245533.47895105067], [188020.83902771986, 245533.47895105067]]",[0.05125169375504015],19.847390097360616,0.1
292.1927245530869,[2.3911183243694847],[3.3897728301659455],11115.614853179368,7840.864769917236,[3279.162176963701],22.750710637695477,1.9818561639123415,1e-06,1e-06,1.4647828546921535,1.1684826215049775,32.64658211530599,-5.317948091177038,-3.64330002432564,188020.83005412316,7.985816083877012,-11.629116108202652,1359119.9617385443,"[0.0, 0.0]","[-3.2019703599024196, -5.500717393733291]","[[188020.83005412316, 398433.0030270811], [1359119.9617385443, 462414.5535015853], [1359119.9617385443, 245533.47873152353], [188020.83005412316, 245533.47873152353]]",[0.05125168353270205],19.847390097360616,0.1
292.29272455308694,[2.391116623720652],[3.389772704710749],11115.614158634204,7840.858993477224,[3279.162093430894],22.75071065604978,1.9818561639123415,1e-06,1e-06,1.4647828546921535,1.16848262511084,32.64658193364744,-5.31794780013373,-3.6432956634806715,188020.82163671913,7.985821562562137,-11.629117226042808,1359120.0158432361,"[0.0, 0.0]","[-3.2019706749004206, -5.500717933611158]","[[188020.82163671913, 398433.00694510597], [1359120.0158432361, 462414.5620894578], [1359120.0158432361, 245533.47827987833], [188020.82163671913, 245533.47827987833]]",[0.05125167848980463],19.84738334148921,0.1
292.39272455308696,[2.3911144710086245],[3.389772558642177],11115.613460538672,7840.8517798252415,[3279.162028791452],22.750710675439286,1.9818561639123415,1e-06,1e-06,1.4647828546921535,1.1684826288966685,32.64658175230795,-5.317947487156809,-3.643270015850419,188020.8125523036,7.985848416612441,-11.62911843246286,1359120.0638917966,"[0.0, 0.0]","[-3.201970996707267, -5.500718485054241]","[[188020.8125523036, 398433.02886656305], [1359120.0638917966, 462414.59558313416], [1359120.0638917966, 245533.47809230658], [188020.8125523036, 245533.47809230658]]",[0.05125166820635774],19.84738334148921,0.1
292.492724553087,[2.391112762749615],[3.389772433522742],11115.61276337828,7840.845975809369,[3279.161944162322],22.75071069404777,1.9818561639123415,1e-06,1e-06,1.4647828546921535,1.1684826325546989,32.64658157117054,-5.3179471925785915,-3.6432655166603354,188020.80405093223,7.985854044793712,-11.629119561454047,1359120.1175964598,"[0.0, 0.0]","[-3.2019713170075117, -5.5007190341247085]","[[188020.80405093223, 398433.0329038042], [1359120.1175964598, 462414.6043438242], [1359120.1175964598, 245533.47767124246], [188020.80405093223, 245533.47767124246]]",[0.051251663103379],19.847376614969672,0.1
292.592724553087,[2.391110610523925],[3.3897722875975353],11115.612062870852,7840.838761719764,[3279.1618786726594],22.75071071366374,1.9818561639123415,1e-06,1e-06,1.4647828546921535,1.1684826363853333,32.646581390502945,-5.317946876073289,-3.643239847181917,188020.79491240846,7.985880927877929,-11.629120775059846,1359120.1652754683,"[0.0, 0.0]","[-3.201971642917601, -5.500719592711599]","[[188020.79491240846, 398433.0548452218], [1359120.1652754683, 462414.63786734245], [1359120.1652754683, 245533.4775110535], [188020.79491240846, 245533.4775110535]]",[0.05125165279874798],19.847376614969672,0.1
292.69272455308703,[2.3911089065974354],[3.3897721622911674],11115.611363630367,7840.832970876595,[3279.1617936107123],22.750710732478854,1.9818561639123415,1e-06,1e-06,1.4647828546921535,1.1684826400824262,32.64658121016731,-5.3179465778594075,-3.643235236721921,188020.78637891402,7.98588667159521,-11.629121908317131,1359120.2186010128,"[0.0, 0.0]","[-3.201971966253143, -5.500720147093885]","[[188020.78637891402, 398433.05897736485], [1359120.2186010128, 462414.6467566547], [1359120.2186010128, 245533.4771168802], [188020.78637891402, 245533.4771168802]]",[0.05125164766198129],19.84736991897034,0.1
292.79272455308706,[2.3911067657593343],[3.3897720160885925],11115.610661510194,7840.825793633248,[3279.1617279135876],22.75071075227373,1.9818561639123415,1e-06,1e-06,1.4647828546921535,1.1684826439453055,32.64658103041131,-5.317946257845617,-3.643209548244897,188020.77723334037,7.985913574614301,-11.629123122859198,1359120.2659530141,"[0.0, 0.0]","[-3.2019722941899276, -5.5007207092601575]","[[188020.77723334037, 398433.08093502966], [1359120.2659530141, 462414.68029589986], [1359120.2659530141, 245533.4769812362], [188020.77723334037, 245533.4769812362]]",[0.051251637354543154],19.84736991897034,0.1
292.8927245530871,[2.3911050751582152],[3.3897718902751586],11115.609961184238,7840.820046893885,[3279.1616430219287],22.75071077124923,1.9818561639123415,1e-06,1e-06,1.4647828546921535,1.1684826476696182,32.646580851082035,-5.31794595609954,-3.6432048112915254,188020.76870957256,7.985919443533305,-11.62912425482483,1359120.3189523055,"[0.0, 0.0]","[-3.2019726186744073, -5.500721265710045]","[[188020.76870957256, 398433.085173775], [1359120.3189523055, 462414.6893224244], [1359120.3189523055, 245533.47661188623], [188020.76870957256, 245533.47661188623]]",[0.0512516321959028],19.847363254837735,0.1
292.9927245530871,[2.3911029526563774],[3.3897717435856483],11115.609258581886,7840.812930564852,[3279.161577653593],22.75071079117846,1.9818561639123415,1e-06,1e-06,1.4647828546921535,1.168482651553658,32.64658067241248,-5.317945632751028,-3.64317908949846,188020.75959374552,7.985946375918218,-11.629125465416678,1359120.3660349804,"[0.0, 0.0]","[-3.2019729469408498, -5.500721828532431]","[[188020.75959374552, 398433.10715876217], [1359120.3660349804, 462414.7228863229], [1359120.3660349804, 245533.4764991073], [188020.75959374552, 245533.4764991073]]",[0.051251621895759186],19.847363254837735,0.1
293.0927245530871,[2.391101280143932],[3.3897716171500876],11115.608558376543,7840.807244665826,[3279.16149339933],22.750710810272373,1.9818561639123415,1e-06,1e-06,1.4647828546921535,1.168482655294999,32.64658049423912,-5.317945327692863,-3.643174210135953,188020.75111128113,7.985952381761308,-11.629126591897261,1359120.4187617328,"[0.0, 0.0]","[-3.2019732710676285, -5.5007223844509125]","[[188020.75111128113, 398433.11151668057], [1359120.4187617328, 462414.7320620705], [1359120.4187617328, 245533.4761531273], [188020.75111128113, 245533.4761531273]]",[0.05125161672299305],19.847356624151846,0.1
293.19272455308715,[2.3910991790368334],[3.3897714699495713],11115.607856523655,7840.800200204791,[3279.16142874641],22.750710830296377,1.9818561639123415,1e-06,1e-06,1.4647828546921535,1.168482659190849,32.646580316783854,-5.317945001275676,-3.64314845061557,188020.74205213727,7.985979344345935,-11.629127794961505,1359120.4656236584,"[0.0, 0.0]","[-3.20197359834154, -5.50072294564566]","[[188020.74205213727, 398433.13353196986], [1359120.4656236584, 462414.76565022045], [1359120.4656236584, 245533.47606165646], [188020.74205213727, 245533.47606165646]]",[0.05125160643889604],19.847356624151846,0.1
293.29272455308717,[2.3910975261464436],[3.3897713429334164],11115.607157655526,7840.794580936398,[3279.1613454482685],22.750710849472018,1.9818561639123415,1e-06,1e-06,1.4647828546921535,1.1684826629407605,32.64658013987486,-5.317944693201374,-3.6431434270117506,188020.73363340696,7.9859854859664665,-11.629128912978217,1359120.5181166963,"[0.0, 0.0]","[-3.2019739209667333, -5.500723499054194]","[[188020.73363340696, 398433.138009987], [1359120.5181166963, 462414.77497266314], [1359120.5181166963, 245533.4757373673], [188020.73363340696, 245533.4757373673]]",[0.05125160125975233],19.84735002839952,0.1
293.3927245530872,[2.3910954470362946],[3.3897711953205056],11115.606457720849,7840.787610914412,[3279.161281760157],22.75071086955653,1.9818561639123415,1e-06,1e-06,1.4647828546921535,1.1684826668407458,32.646579963724264,-5.317944364044752,-3.6431176391579925,188020.72464962487,7.9860124668765025,-11.629130106034495,1359120.5647889443,"[0.0, 0.0]","[-3.2019742462692062, -5.5007240569258595]","[[188020.72464962487, 398433.1600471228], [1359120.5647889443, 462414.80857015745], [1359120.5647889443, 245533.4756652457], [188020.72464962487, 245533.4756652457]]",[0.05125159100076904],19.84735002839952,0.1
293.4927245530872,[2.391093813588721],[3.389771067856251],11115.605761290122,7840.782058158466,[3279.1611996145275],22.750710888782187,1.9818561639123415,1e-06,1e-06,1.4647828546921535,1.1684826705923306,32.64657978815296,-5.317944053304725,-3.6431124822811967,188020.71630979466,7.98601873129212,-11.629131213573316,1359120.6170700095,"[0.0, 0.0]","[-3.2019745665660713, -5.500724606390667]","[[188020.71630979466, 398433.16463555064], [1359120.6170700095, 462414.81802319695], [1359120.6170700095, 245533.4753604994], [188020.71630979466, 245533.4753604994]]",[0.05125158582345191],19.84734346871093,0.1
293.59272455308724,[2.3910917559368685],[3.389770919990381],11115.605064288246,7840.775161156066,[3279.1611370363007],22.750710908897624,1.9818561639123415,1e-06,1e-06,1.4647828546921535,1.1684826744902161,32.646579613363826,-5.317943721782181,-3.643086684369962,188020.70741368333,7.98604571061685,-11.629132394986812,1359120.6635677975,"[0.0, 0.0]","[-3.2019748892062974, -5.500725159739548]","[[188020.70741368333, 398433.1866787507], [1359120.6635677975, 462414.8516059492], [1359120.6635677975, 245533.47530535122], [188020.70741368333, 245533.47530535122]]",[0.05125157559850371],19.84734346871093,0.1
293.69272455308726,[2.391090141080356],[3.3897707922477847],11115.604371213634,7840.7696723748895,[3279.16105614999],22.750710928145878,1.9818561639123415,1e-06,1e-06,1.4647828546921535,1.168482678237872,32.64657943917115,-5.317943408763879,-3.6430814127897406,188020.69916243208,7.986052077972602,-11.629133490762342,1359120.7156454918,"[0.0, 0.0]","[-3.2019752066057863, -5.500725704270885]","[[188020.69916243208, 398433.1913616315], [1359120.7156454918, 462414.8611656504], [1359120.7156454918, 245533.4750176491], [188020.69916243208, 245533.4750176491]]",[0.051251570431072965],19.847336945750275,0.1
293.7927245530873,[2.391088103945212],[3.389770644306441],11115.603677966788,7840.762845473891,[3279.1609947525167],22.75071094826665,1.9818561639123415,1e-06,1e-06,1.4647828546921535,1.1684826821286027,32.64657926576922,-5.317943075276112,-3.643055626967339,188020.69036150398,7.9860790325681705,-11.62913465953551,1359120.7619729326,"[0.0, 0.0]","[-3.2019755261215885, -5.5007262522917895]","[[188020.69036150398, 398433.2133919762], [1359120.7619729326, 462414.89470597525], [1359120.7619729326, 245533.47497686505], [188020.69036150398, 245533.47497686505]]",[0.05125156024829016],19.847336945750275,0.1
293.8927245530873,[2.3910865066449616],[3.389770516461568],11115.602988971648,7840.757417377179,[3279.1609151685984],22.750710967513733,1.9818561639123415,1e-06,1e-06,1.4647828546921535,1.1684826858677844,32.646579092966306,-5.317942760387462,-3.6430502628718955,188020.6822043855,7.986085479938197,-11.629135742810092,1359120.8138474612,"[0.0, 0.0]","[-3.201975840255738, -5.500726791247262]","[[188020.6822043855, 398433.2181504093], [1359120.8138474612, 462414.90434499923], [1359120.8138474612, 245533.47470355374], [188020.6822043855, 245533.47470355374]]",[0.051251555098178476],19.847330459705876,0.1
293.9927245530873,[2.3910844889821505],[3.389770368616057],11115.602300103543,7840.750657196596,[3279.1608549701596],22.75071098761772,1.9818561639123415,1e-06,1e-06,1.4647828546921535,1.1684826897472718,32.64657892094925,-5.3179424253466605,-3.643024512103125,188020.67350251527,7.98611238632526,-11.629136898428385,1359120.8600018665,"[0.0, 0.0]","[-3.2019761563615727, -5.50072733344047]","[[188020.67350251527, 398433.24014838785], [1359120.8600018665, 462414.93781499844], [1359120.8600018665, 245533.47467447043], [188020.67350251527, 245533.47467447043]]",[0.05125154496456578],19.847330459705876,0.1
294.09272455308735,[2.391082908193891],[3.3897702408336223],11115.60161571857,7840.745286353347,[3279.1607766858524],22.750711006842998,1.9818561639123415,1e-06,1e-06,1.4647828546921535,1.1684826934743016,32.64657874952138,-5.317942109001509,-3.643019078958048,188020.66544193917,7.986118889924114,-11.629137968882162,1359120.9116686815,"[0.0, 0.0]","[-3.201976467016995, -5.500727866445211]","[[188020.66544193917, 398433.24496248085], [1359120.9116686815, 462414.9475051847], [1359120.9116686815, 245533.47441289367], [188020.66544193917, 245533.47441289367]]",[0.05125153983835304],19.84732401032466,0.1
294.1927245530874,[2.391080908950975],[3.3897700932385515],11115.600931670158,7840.738589395469,[3279.1607176669695],22.75071102691111,1.9818561639123415,1e-06,1e-06,1.4647828546921535,1.1684826973392597,32.646578578863,-5.317941772818317,-3.6429933854183787,188020.6568402071,7.986145725783729,-11.629139111202107,1359120.9576436148,"[0.0, 0.0]","[-3.201976779563144, -5.500728402545973]","[[188020.6568402071, 398433.26690932823], [1359120.9576436148, 462414.98087849456], [1359120.9576436148, 245533.4743929123], [188020.6568402071, 245533.4743929123]]",[0.05125152975969262],19.84732401032466,0.1
294.2927245530874,[2.3910793436626196],[3.389769965664398],11115.60025225167,7840.733272400862,[3279.1606406463047],22.750711046096818,1.9818561639123415,1e-06,1e-06,1.4647828546921535,1.1684827010511891,32.64657840877345,-5.317941455424712,-3.642987906619908,188020.64887616312,7.986152262216422,-11.62914016883633,1359121.009095868,"[0.0, 0.0]","[-3.201977086645362, -5.500728929430962]","[[188020.64887616312, 398433.2717593138], [1359121.009095868, 462414.99059231434], [1359121.009095868, 245533.47414050446], [188020.64887616312, 245533.47414050446]]",[0.05125152466303379],19.847317596964622,0.1
294.3927245530874,[2.391077361797898],[3.3897698184526583],11115.599573300371,7840.726635138068,[3279.1605827602634],22.750711066112707,1.9818561639123415,1e-06,1e-06,1.4647828546921535,1.168482704899012,32.64657823942758,-5.317941118498178,-3.642962290800142,188020.6403734905,7.986179007200917,-11.62914129800106,1359121.0548831802,"[0.0, 0.0]","[-3.201977395586568, -5.500729459355562]","[[188020.6403734905, 398433.2936377472], [1359121.0548831802, 462415.02384504053], [1359121.0548831802, 245533.47412716062], [188020.6403734905, 245533.47412716062]]",[0.051251514643892125],19.847317596964622,0.1
294.49272455308744,[2.391075811032739],[3.3897696912109385],11115.598899052467,7840.7213686461,[3279.160506943351],22.750711085243637,1.9818561639123415,1e-06,1e-06,1.4647828546921535,1.1684827085935148,32.64657807062201,-5.317940800449428,-3.6429567888014844,188020.63250410144,7.9861855542636135,-11.629142343065098,1359121.1061133277,"[0.0, 0.0]","[-3.201977699092536, -5.500729980110232]","[[188020.63250410144, 398433.29850470735], [1359121.1061133277, 462415.03355652204], [1359121.1061133277, 245533.4738815019], [188020.63250410144, 245533.4738815019]]",[0.05125150958150195],19.84731121865528,0.1
294.59272455308746,[2.391073845516018],[3.3897695444931695],11115.5982253377,7840.71478754263,[3279.1604501242514],22.750711105193467,1.9818561639123415,1e-06,1e-06,1.4647828546921535,1.1684827124221815,32.64657790252721,-5.31794046315939,-3.642931268977179,188020.62409774621,7.986212190461686,-11.629143459438865,1359121.1517045193,"[0.0, 0.0]","[-3.2019780044640926, -5.500730503914383]","[[188020.62409774621, 398433.32029936236], [1359121.1517045193, 462415.06666777143], [1359121.1517045193, 245533.47387250615], [188020.62409774621, 245533.47387250615]]",[0.051251499625277044],19.84731121865528,0.1
294.6927245530875,[2.391072308325343],[3.3897694176863786],11115.597556336683,7840.709568259048,[3279.16037543445],22.7507111242568,1.9818561639123415,1e-06,1e-06,1.4647828546921535,1.1684827160974713,32.646577734938035,-5.317940144827412,-3.6429257646776136,188020.61631970637,7.986218727694109,-11.629144492371722,1359121.2027053847,"[0.0, 0.0]","[-3.2019783044613197, -5.500731018650334]","[[188020.61631970637, 398433.3251657311], [1359121.2027053847, 462415.0763531279], [1359121.2027053847, 245533.4736313563], [188020.61631970637, 245533.4736313563]]",[0.05125149460094088],19.84730487416137,0.1
294.7927245530875,[2.3910703581350155],[3.389769271550037],11115.596887877482,7840.703039776007,[3279.160319603305],22.750711144129056,1.9818561639123415,1e-06,1e-06,1.4647828546921535,1.1684827199054686,32.64657756802154,-5.317939807529009,-3.6429003565934863,188020.60800566233,7.986245239893094,-11.62914559648658,1359121.2480925207,"[0.0, 0.0]","[-3.2019786063601527, -5.500731536496612]","[[188020.60800566233, 398433.34686341626], [1359121.2480925207, 462415.1093052983], [1359121.2480925207, 245533.4736246187], [188020.60800566233, 245533.4736246187]]",[0.05125148470993011],19.84730487416137,0.1
294.89272455308753,[2.3910688335929375],[3.389769145260602],11115.596224096123,7840.697864454802,[3279.160245952846],22.750711163114165,1.9818561639123415,1e-06,1e-06,1.4647828546921535,1.1684827235602273,32.64657740157162,-5.317939489259432,-3.6428948689105596,188020.60031459184,7.986251748959205,-11.629146617869765,1359121.2988579846,"[0.0, 0.0]","[-3.201978902969785, -5.500732045418465]","[[188020.60031459184, 398433.351713332], [1359121.2988579846, 462415.1189433591], [1359121.2988579846, 245533.47338593897], [188020.60031459184, 245533.47338593897]]",[0.05125147972653025],19.847298562046717,0.1
294.99272455308756,[2.3910668977158505],[3.389768999773117],11115.595560817803,7840.691385061231,[3279.160191022394],22.750711182899458,1.9818561639123415,1e-06,1e-06,1.4647828546921535,1.1684827273464857,32.646577235752886,-5.3179391522792265,-3.6428695856344575,188020.59208791662,7.986278124747571,-11.629147710382028,1359121.3440342897,"[0.0, 0.0]","[-3.2019792015395896, -5.5007325575505135]","[[188020.59208791662, 398433.3733031437], [1359121.3440342897, 462415.1517222447], [1359121.3440342897, 245533.47337958467], [188020.59208791662, 245533.47337958467]]",[0.051251469902014714],19.847298562046717,0.1
295.0927245530876,[2.391065384917048],[3.3897688740634497],11115.594902140909,7840.6862505080735,[3279.160118316918],22.750711201797753,1.9818561639123415,1e-06,1e-06,1.4647828546921535,1.1684827309798087,32.64657707035906,-5.31793883438804,-3.6428641312198238,188020.5844786539,7.986284589681361,-11.629148720901185,1359121.394559701,"[0.0, 0.0]","[-3.2019794949230156, -5.500733060932606]","[[188020.5844786539, 398433.37812268094], [1359121.394559701, 462415.1612947222], [1359121.394559701, 245533.4731415521], [188020.5844786539, 245533.4731415521]]",[0.051251464961570806],19.847292280735697,0.1
295.1927245530876,[2.391063462351941],[3.38976872927393],11115.594243893747,7840.6798167014695,[3279.160064195485],22.750711221488675,1.9818561639123415,1e-06,1e-06,1.4647828546921535,1.1684827347436462,32.64657690555316,-5.317938498021357,-3.6428389831156096,188020.57633374087,7.98631081943978,-11.62914980255539,1359121.439519919,"[0.0, 0.0]","[-3.201979790341956, -5.500733567653868]","[[188020.57633374087, 398433.3995960182], [1359121.439519919, 462415.1938894844], [1359121.439519919, 245533.47313393003], [188020.57633374087, 245533.47313393003]]",[0.051251455203909835],19.847292280735697,0.1
295.2927245530876,[2.3910619604108696],[3.389768604189206],11115.593590139018,7840.674719779426,[3279.159992337513],22.750711240293434,1.9818561639123415,1e-06,1e-06,1.4647828546921535,1.1684827383549876,32.646576741129195,-5.317938180792644,-3.642833576213093,188020.56880058802,7.986317226753954,-11.629150802967047,1359121.489802316,"[0.0, 0.0]","[-3.201980080689732, -5.500734065821221]","[[188020.56880058802, 398433.4043733011], [1359121.489802316, 462415.2033810841], [1359121.489802316, 245533.4728949455], [188020.56880058802, 245533.4728949455]]",[0.05125145030763733],19.847286028570707,0.1
295.39272455308765,[2.3910600501729253],[3.389768460130273],11115.592936714706,7840.668328108006,[3279.159938932088],22.750711259884362,1.9818561639123415,1e-06,1e-06,1.4647828546921535,1.1684827420960595,32.64657657724922,-5.317937845302041,-3.6428085710143137,188020.56073139585,7.986343303551166,-11.62915187456548,1359121.534542893,"[0.0, 0.0]","[-3.2019803731603522, -5.50073456747753]","[[188020.56073139585, 398433.42572379764], [1359121.534542893, 462415.2357841121], [1359121.534542893, 245533.4728846323], [188020.56073139585, 245533.4728846323]]",[0.05125144061637239],19.847286028570707,0.1
295.49272455308767,[2.391058558227611],[3.389768335700936],11115.59228765087,7840.663265756961,[3279.1598678239434],22.750711278590593,1.9818561639123415,1e-06,1e-06,1.4647828546921535,1.1684827456851872,32.64657641370832,-5.317937528986716,-3.6428032234038596,188020.55326832336,7.986349642266703,-11.629152865670562,1359121.584581061,"[0.0, 0.0]","[-3.2019806606829793, -5.500735060789903]","[[188020.55326832336, 398433.4304490404], [1359121.584581061, 462415.2451825485], [1359121.584581061, 245533.47264332388], [188020.55326832336, 245533.47264332388]]",[0.05125143576474829],19.84727980386405,0.1
295.5927245530877,[2.391056659355737],[3.389768192390526],11115.591638796288,7840.656912849112,[3279.1598150425066],22.75071129807757,1.9818561639123415,1e-06,1e-06,1.4647828546921535,1.1684827494034393,32.64657625066809,-5.317937194601275,-3.642778366369953,188020.5452685698,7.986375561677562,-11.629153928047515,1359121.6291001842,"[0.0, 0.0]","[-3.2019809504237378, -5.500735557754803]","[[188020.5452685698, 398433.4516724272], [1359121.6291001842, 462415.2773892308], [1359121.6291001842, 245533.4726291228], [188020.5452685698, 245533.4726291228]]",[0.051251426138715056],19.84727980386405,0.1
295.6927245530877,[2.3910551765704895],[3.3897680686344733],11115.590994157834,7840.651882100012,[3279.1597445885477],22.750711316681834,1.9818561639123415,1e-06,1e-06,1.4647828546921535,1.1684827529703923,32.646576087924984,-5.3179368794166555,-3.6427730874072495,188020.5378693921,7.9863818232600465,-11.629154910667296,1359121.6788946195,"[0.0, 0.0]","[-3.2019812353439696, -5.500736046593404]","[[188020.5378693921, 398433.4563378968], [1359121.6788946195, 462415.2866851346], [1359121.6788946195, 245533.4723843444], [188020.5378693921, 245533.4723843444]]",[0.05125142133155564],19.84727360494344,0.1
295.79272455308774,[2.3910532881348154],[3.389767926078574],11115.590349590473,7840.645564693403,[3279.159692341964],22.750711336062366,1.9818561639123415,1e-06,1e-06,1.4647828546921535,1.16848275666602,32.646575925640946,-5.317936546332024,-3.6427483815226083,188020.52993271907,7.986407583144569,-11.629155964667177,1359121.7231921675,"[0.0, 0.0]","[-3.2019815225821966, -5.50073653925605]","[[188020.52993271907, 398433.4774318288], [1359121.7231921675, 462415.31869358], [1359121.7231921675, 245533.47236528047], [188020.52993271907, 245533.47236528047]]",[0.051251411768996114],19.84727360494344,0.1
295.89272455308776,[2.3910518137069268],[3.389767803001571],11115.5897090851,7840.6405626945125,[3279.159622450384],22.750711354562664,1.9818561639123415,1e-06,1e-06,1.4647828546921535,1.1684827602110672,32.64657576361384,-5.31793623246208,-3.6427431782369695,188020.52259124196,7.986413761387382,-11.629156939624352,1359121.7727449373,"[0.0, 0.0]","[-3.2019818051284537, -5.50073702401215]","[[188020.52259124196, 398433.4820317586], [1359121.7727449373, 462415.32788034633], [1359121.7727449373, 245533.47211610607], [188020.52259124196, 245533.47211610607]]",[0.051251407005539436],19.8472674301908,0.1
295.9927245530878,[2.3910499348171648],[3.3897676611972973],11115.589068508187,7840.634277667077,[3279.1595706538947],22.750711373835603,1.9818561639123415,1e-06,1e-06,1.4647828546921535,1.1684827638844768,32.64657560200612,-5.317935900841127,-3.6427186244423524,188020.51471135358,7.986439361640862,-11.629157986083214,1359121.8168223603,"[0.0, 0.0]","[-3.2019820900941722, -5.5007375127667295]","[[188020.51471135358, 398433.5029956157], [1359121.8168223603, 462415.3596910782], [1359121.8168223603, 245533.47209141785], [188020.51471135358, 245533.47209141785]]",[0.05125139750421226],19.8472674301908,0.1
296.0927245530878,[2.3910484679824706],[3.389767538795924],11115.588431831207,7840.629301705567,[3279.159501238119],22.75071139223117,1.9818561639123415,1e-06,1e-06,1.4647828546921535,1.1684827674080804,32.64657544061794,-5.317935588437292,-3.642713501677349,188020.50742149825,7.98644545250761,-11.629158954184959,1359121.8661369416,"[0.0, 0.0]","[-3.201982370495053, -5.5007379938322245]","[[188020.50742149825, 398433.507526082], [1359121.8661369416, 462415.36876466265], [1359121.8661369416, 245533.47183713314], [188020.50742149825, 245533.47183713314]]",[0.0512513927832022],19.84726127807439,0.1
296.1927245530878,[2.3910465977962643],[3.3897673977312097],11115.587794936513,7840.62304610557,[3279.1594498124673],22.75071141139653,1.9818561639123415,1e-06,1e-06,1.4647828546921535,1.1684827710598498,32.646575279612534,-5.317935258411337,-3.6426890991278924,188020.49959227844,7.986470894787146,-11.629159993915039,1359121.9099970777,"[0.0, 0.0]","[-3.201982653416033, -5.500738479069263]","[[188020.49959227844, 398433.52836074773], [1359121.9099970777, 462415.4003802818], [1359121.9099970777, 245533.47180626128], [188020.49959227844, 245533.47180626128]]",[0.05125138334049219],19.84726127807439,0.1
296.29272455308785,[2.391045137835261],[3.389767275994874],11115.587161781023,7840.618093630082,[3279.1593807922027],22.75071142968772,1.9818561639123415,1e-06,1e-06,1.4647828546921535,1.1684827745626296,32.64657511879193,-5.317934947593896,-3.6426840597198975,188020.4923481868,7.986476896219472,-11.62916095593937,1359121.9590781452,"[0.0, 0.0]","[-3.201982931895751, -5.500738956828736]","[[188020.4923481868, 398433.53281951643], [1359121.9590781452, 462415.4093389617], [1359121.9590781452, 245533.47154635232], [188020.4923481868, 245533.47154635232]]",[0.05125137866026456],19.847255147174092,0.1
296.3927245530879,[2.3910432755655493],[3.389767135651272],11115.586528260981,7840.6118647023395,[3279.159329664501],22.75071144874652,1.9818561639123415,1e-06,1e-06,1.4647828546921535,1.1684827781934755,32.646574958320684,-5.317934619264244,-3.6426598060383526,188020.484563796,7.986502183677828,-11.62916198971618,1359122.002725044,"[0.0, 0.0]","[-3.201983212993197, -5.500739438927782]","[[188020.484563796, 398433.55352716125], [1359122.002725044, 462415.440763822], [1359122.002725044, 245533.4715089262], [188020.484563796, 245533.4715089262]]",[0.05125136927328296],19.847255147174092,0.1
296.4927245530879,[2.3910418218093286],[3.389767014563056],11115.58589832312,7840.606933344207,[3279.159260966473],22.75071146693465,1.9818561639123415,1e-06,1e-06,1.4647828546921535,1.1684827816761767,32.64657479800326,-5.317934310124026,-3.642654851011514,188020.4773599153,7.986508095389013,-11.629162946400527,1359122.0515782582,"[0.0, 0.0]","[-3.2019834897676227, -5.500739913751739]","[[188020.4773599153, 398433.55791352154], [1359122.0515782582, 462415.44960794284], [1359122.0515782582, 245533.47124306508], [188020.4773599153, 245533.47124306508]]",[0.05125136463184758],19.847249036200697,0.1
296.5927245530879,[2.391039966731],[3.389766874917328],11115.585267877963,7840.600728553261,[3279.1592100707685],22.750711485888786,1.9818561639123415,1e-06,1e-06,1.4647828546921535,1.168482785286921,32.646574638005234,-5.317933983563958,-3.6426307425463733,188020.46961486837,7.9865332324061455,-11.629163974952519,1359122.0950169605,"[0.0, 0.0]","[-3.2019837692527227, -5.500740393075306]","[[188020.46961486837, 398433.57849738305], [1359122.0950169605, 462415.4808478234], [1359122.0950169605, 245533.47119888765], [188020.46961486837, 245533.47119888765]]",[0.05125135529752658],19.847249036200697,0.1
296.69272455308794,[2.3910385185658094],[3.389766754455592],11115.584640864114,7840.595816142836,[3279.159141629293],22.750711503975932,1.9818561639123415,1e-06,1e-06,1.4647828546921535,1.168482788750382,32.64657447813357,-5.317933676164419,-3.6426258713199786,188020.46244602,7.986539055664593,-11.629164926984572,1359122.1436487378,"[0.0, 0.0]","[-3.201984044526284, -5.500740865314797]","[[188020.46244602, 398433.58281196916], [1359122.1436487378, 462415.4895795312], [1359122.1436487378, 245533.47092691727], [188020.46244602, 245533.47092691727]]",[0.051251350692646525],19.847242944009285,0.1
296.79272455308796,[2.3910366700207035],[3.389766615480759],11115.584013206806,7840.589633190406,[3279.1590909070064],22.75071152282799,1.9818561639123415,1e-06,1e-06,1.4647828546921535,1.1684827923419236,32.646574318555224,-5.317933351421423,-3.6426019033924035,188020.45473524783,7.986564047592424,-11.629165950984827,1359122.1868850717,"[0.0, 0.0]","[-3.201984322597287, -5.500741342203474]","[[188020.45473524783, 398433.6032761407], [1359122.1868850717, 462415.52064132807], [1359122.1868850717, 245533.47087594811], [188020.45473524783, 245533.47087594811]]",[0.051251341407825016],19.847242944009285,0.1
296.892724553088,[2.3910352268923685],[3.3897664956197837],11115.583388836836,7840.584737772346,[3279.1590226643225],22.75071154081694,1.9818561639123415,1e-06,1e-06,1.4647828546921535,1.1684827957870483,32.64657415907959,-5.317933045800939,-3.6425971139995,188020.44759667973,7.98656978499622,-11.62916689899572,1359122.235302378,"[0.0, 0.0]","[-3.2019845965604348, -5.500741812185717]","[[188020.44759667973, 398433.60752074624], [1359122.235302378, 462415.529264296], [1359122.235302378, 245533.47059786494], [188020.44759667973, 245533.47059786494]]",[0.0512513368370919],19.847236869607432,0.1
296.992724553088,[2.3910333842936984],[3.3897663572865797],11115.582763698041,7840.578574611972,[3279.15897206431],22.750711559570078,1.9818561639123415,1e-06,1e-06,1.4647828546921535,1.168482799360333,32.6465739998751,-5.317932722899105,-3.6425732811385956,188020.4399155752,7.9865946379175625,-11.629167919056158,1359122.27834275,"[0.0, 0.0]","[-3.2019848734005207, -5.500742286954293]","[[188020.4399155752, 398433.62786997843], [1359122.27834275, 462415.56015572924], [1359122.27834275, 245533.4705402027], [188020.4399155752, 245533.4705402027]]",[0.05125132759859164],19.847236869607432,0.1
297.09272455308803,[2.391031945709663],[3.3897662379989155],11115.582141713245,7840.573694452114,[3279.1589039706523],22.750711577464106,1.9818561639123415,1e-06,1e-06,1.4647828546921535,1.1684828027880647,32.64657384075343,-5.317932419073442,-3.6425685704436432,188020.43280300137,7.986600293171364,-11.629168863615007,1359122.3265528986,"[0.0, 0.0]","[-3.2019851462277584, -5.500742754979345]","[[188020.43280300137, 398433.63204737165], [1359122.3265528986, 462415.568674889], [1359122.3265528986, 245533.47025613903], [188020.43280300137, 245533.47025613903]]",[0.051251323059495285],19.84723081215874,0.1
297.19272455308806,[2.3910301085438364],[3.389766100276144],11115.581518843212,7840.567549295634,[3279.158853449414],22.750711596121914,1.9818561639123415,1e-06,1e-06,1.4647828546921535,1.1684828063440633,32.64657368188449,-5.317932098016017,-3.642544866598655,188020.42514745027,7.986625013683351,-11.629169880282006,1359122.369404099,"[0.0, 0.0]","[-3.2019854220034034, -5.5007432279140325]","[[188020.42514745027, 398433.6522868907], [1359122.369404099, 462415.59940424236], [1359122.369404099, 245533.47019200327], [188020.42514745027, 245533.47019200327]]",[0.051251313864186535],19.84723081215874,0.1
297.2927245530881,[2.3910286740757805],[3.3897659815328676],11115.580899006956,7840.562682889435,[3279.1587854629543],22.750711613924693,1.9818561639123415,1e-06,1e-06,1.4647828546921535,1.1684828097553606,32.64657352308228,-5.317931795980938,-3.6425402304975023,188020.41805707276,7.986630591395681,-11.629170821893183,1359122.4174145563,"[0.0, 0.0]","[-3.2019856938519817, -5.500743694252311]","[[188020.41805707276, 398433.6564006443], [1359122.4174145563, 462415.6078255384], [1359122.4174145563, 245533.46990220886], [188020.41805707276, 245533.46990220886]]",[0.051251309354173935],19.847224770982397,0.1
297.3927245530881,[2.391026841903427],[3.3897658443888194],11115.580278179337,7840.556554209766,[3279.1587349843912],22.750711632491075,1.9818561639123415,1e-06,1e-06,1.4647828546921535,1.168482813295045,32.64657336451819,-5.317931476752961,-3.642516649250979,188020.4104234728,7.986655186394103,-11.629171835645082,1359122.4600835806,"[0.0, 0.0]","[-3.201985968711775, -5.5007441656087925]","[[188020.4104234728, 398433.6765359722], [1359122.4600835806, 462415.6384014001], [1359122.4600835806, 245533.46983192192], [188020.4104234728, 245533.46983192192]]",[0.05125130019903569],19.847224770982397,0.1
297.4927245530881,[2.391025411186899],[3.3897657261600256],11115.579660278221,7840.55170028077,[3279.1586670711035],22.750711650206547,1.9818561639123415,1e-06,1e-06,1.4647828546921535,1.1684828166908618,32.64657320600861,-5.317931176486852,-3.6425120828897093,188020.40335199787,7.986660691856343,-11.629172774746053,1359122.5079018068,"[0.0, 0.0]","[-3.2019862397207417, -5.500744630499656]","[[188020.40335199787, 398433.68059027905], [1359122.5079018068, 462415.6467315275], [1359122.5079018068, 245533.46953674575], [188020.40335199787, 245533.46953674575]]",[0.05125129571557121],19.847218745549018,0.1
297.59272455308815,[2.3910235836426046],[3.389765589563735],11115.57904129362,7840.545586810636,[3279.1586166063485],22.750711668685575,1.9818561639123415,1e-06,1e-06,1.4647828546921535,1.1684828202151851,32.64657304772595,-5.317930859057711,-3.6424886176276345,188020.39573726532,7.986685168364772,-11.629173785992407,1359122.5503956955,"[0.0, 0.0]","[-3.2019865137946506, -5.5007451005017005]","[[188020.39573726532, 398433.70062708936], [1359122.5503956955, 462415.6771625865], [1359122.5503956955, 245533.4694607144], [188020.39573726532, 245533.4694607144]]",[0.051251286597736596],19.847218745549018,0.1
297.69272455308817,[2.3910221563764034],[3.3897654718194667],11115.578425139469,7840.5407443077165,[3279.1585487397006],22.75071168631782,1.9818561639123415,1e-06,1e-06,1.4647828546921535,1.1684828235964515,32.64657288948899,-5.317930560524248,-3.6424841155820786,188020.38868190275,7.986690607371656,-11.629174722953735,1359122.598028997,"[0.0, 0.0]","[-3.201986784084466, -5.500745564152637]","[[188020.38868190275, 398433.7046266093], [1359122.598028997, 462415.68540877465], [1359122.598028997, 245533.46916058628], [188020.38868190275, 245533.46916058628]]",[0.05125128213834683],19.847212735473864,0.1
297.7927245530882,[2.391020333166385],[3.389765335740488],11115.577807823385,7840.534645031092,[3279.158498266727],22.750711704713677,1.9818561639123415,1e-06,1e-06,1.4647828546921535,1.1684828271063332,32.646572731471394,-5.317930244850357,-3.64246075965724,188020.3810834677,7.986714972378479,-11.62917573203572,1359122.640354686,"[0.0, 0.0]","[-3.2019870574838136, -5.500746032992006]","[[188020.3810834677, 398433.7245705898], [1359122.640354686, 462415.71570362686], [1359122.640354686, 245533.46907928435], [188020.3810834677, 245533.46907928435]]",[0.051251273055141905],19.847212735473864,0.1
297.8927245530882,[2.3910189091109535],[3.3897652184520455],11115.577193255865,7840.529813121989,[3279.158430427183],22.750711722266857,1.9818561639123415,1e-06,1e-06,1.4647828546921535,1.1684828304739403,32.646572573493756,-5.317929948001068,-3.6424563161191372,188020.37404192338,7.986720351042891,-11.629176667162028,1359122.6878100827,"[0.0, 0.0]","[-3.201987327156261, -5.500746495578512]","[[188020.37404192338, 398433.72852029395], [1359122.6878100827, 462415.72387342376], [1359122.6878100827, 245533.46877469742], [188020.37404192338, 245533.46877469742]]",[0.051251268617458524],19.84720674050759,0.1
297.99272455308824,[2.3910170900112346],[3.3897650828613926],11115.576577460462,7840.523727267181,[3279.1583799304176],22.75071174058369,1.9818561639123415,1e-06,1e-06,1.4647828546921535,1.1684828339702507,32.6465724157311,-5.317929634028338,-3.6424330629985207,188020.36645771778,7.9867446113559595,-11.62917767435448,1359122.7299742824,"[0.0, 0.0]","[-3.20198759997364, -5.50074696341498]","[[188020.36645771778, 398433.7483770212], [1359122.7299742824, 462415.7540403982], [1359122.7299742824, 245533.46868864878], [188020.36645771778, 245533.46868864878]]",[0.05125125956643472],19.84720674050759,0.1
298.09272455308826,[2.3910156689856596],[3.389764966000914],11115.575964344458,7840.518905327792,[3279.1583121050703],22.750711758061904,1.9818561639123415,1e-06,1e-06,1.4647828546921535,1.168482837325038,32.64657225800579,-5.317929338805104,-3.642428671935477,188020.35942817785,7.9867499359511385,-11.629178607886615,1359122.7772584087,"[0.0, 0.0]","[-3.201987869112195, -5.500747425081063]","[[188020.35942817785, 398433.7522820567], [1359122.7772584087, 462415.76214148215], [1359122.7772584087, 245533.46838014273], [188020.35942817785, 245533.46838014273]]",[0.05125125514822791],19.847200760525,0.1
298.1927245530883,[2.3910138538368306],[3.3897648308714787],11115.575349948233,7840.512832349069,[3279.158261574894],22.750711776303785,1.9818561639123415,1e-06,1e-06,1.4647828546921535,1.1684828408085879,32.646572100493586,-5.317929026471356,-3.6424055153102586,188020.35185661298,7.986774098090166,-11.629179613400424,1359122.8192674983,"[0.0, 0.0]","[-3.201988141422192, -5.500747892043361]","[[188020.35185661298, 398433.77205690544], [1359122.8192674983, 462415.79218851804], [1359122.8192674983, 245533.46828990564], [188020.35185661298, 245533.46828990564]]",[0.05125124612718047],19.847200760525,0.1
298.2927245530883,[2.3910124357156937],[3.3897647144126375],11115.574738173867,7840.508019951513,[3279.1581937567967],22.750711793711027,1.9818561639123415,1e-06,1e-06,1.4647828546921535,1.168482844151332,32.646571943018955,-5.317928732808818,-3.6424011706209853,188020.3448377202,7.986779374897708,-11.629180545518693,1359122.8663865202,"[0.0, 0.0]","[-3.2019884100925853, -5.500748352902684]","[[188020.3448377202, 398433.7759224648], [1359122.8663865202, 462415.8002285208], [1359122.8663865202, 245533.4679780508], [188020.3448377202, 245533.4679780508]]",[0.05125124172638776],19.84719479551275,0.1
298.3927245530883,[2.3910106244189935],[3.3897645797194866],11115.574125080664,7840.501959514868,[3279.158143188962],22.750711811881857,1.9818561639123415,1e-06,1e-06,1.4647828546921535,1.1684828476228626,32.64657178575834,-5.31792842204606,-3.6423781045084525,188020.33727765924,7.986803444996326,-11.629181549504779,1359122.9082464622,"[0.0, 0.0]","[-3.2019886819523586, -5.500748819089729]","[[188020.33727765924, 398433.79562052106], [1359122.9082464622, 462415.8301630508], [1359122.9082464622, 245533.46788420307], [188020.33727765924, 245533.46788420307]]",[0.051251232733370865],19.84719479551275,0.1
298.49272455308835,[2.391009209128018],[3.3897644636386457],11115.57351456528,7840.497156411948,[3279.1580753765957],22.750711829221938,1.9818561639123415,1e-06,1e-06,1.4647828546921535,1.168482850954271,32.646571628537686,-5.317928129873801,-3.642373800152882,188020.3302684835,7.98680868017982,-11.629182480332702,1359122.955206013,"[0.0, 0.0]","[-3.201988950203544, -5.500749279227045]","[[188020.3302684835, 398433.7994517331], [1359122.955206013, 462415.83814941195], [1359122.955206013, 245533.4675695863], [188020.3302684835, 245533.4675695863]]",[0.051251228348117524],19.847188845555944,0.1
298.5927245530884,[2.391007401639782],[3.3897643293589215],11115.572902702175,7840.491108375629,[3279.1580247717025],22.750711847325398,1.9818561639123415,1e-06,1e-06,1.4647828546921535,1.168482854414449,32.64657147153417,-5.317927820610318,-3.642350818982891,188020.3227192095,7.986832663903442,-11.629183482886333,1359122.9969222872,"[0.0, 0.0]","[-3.201989221653933, -5.500749744709697]","[[188020.3227192095, 398433.8190777232], [1359122.9969222872, 462415.86797826877], [1359122.9969222872, 245533.46747271204], [188020.3227192095, 245533.46747271204]]",[0.051251219381453],19.847188845555944,0.1
298.6927245530884,[2.3910059891507944],[3.3897642136341286],11115.57229338469,7840.486314482649,[3279.1579569682835],22.7507118646019,1.9818561639123415,1e-06,1e-06,1.4647828546921535,1.1684828577351534,32.646571314575056,-5.317927529854933,-3.6423465490888134,188020.3157192134,7.986837863406379,-11.629184412495192,1359123.0437274217,"[0.0, 0.0]","[-3.201989489519112, -5.500750204182794]","[[188020.3157192134, 398433.82287956437], [1359123.0437274217, 462415.87591811817], [1359123.0437274217, 245533.467155923], [188020.3157192134, 245533.467155923]]",[0.051251215010064556],19.847182910824127,0.1
298.7927245530884,[2.3910041854768305],[3.3897640797481277],11115.57168270332,7840.480278877158,[3279.1579063311237],22.75071188264141,1.9818561639123415,1e-06,1e-06,1.4647828546921535,1.1684828611845657,32.646571157838025,-5.31792722201718,-3.6423236477602927,188020.3081803905,7.986861765900699,-11.629185413660991,1359123.0853049804,"[0.0, 0.0]","[-3.201989760585835, -5.500750669005946]","[[188020.3081803905, 398433.842437807], [1359123.0853049804, 462415.90564747603], [1359123.0853049804, 245533.4670566005], [188020.3081803905, 245533.4670566005]]",[0.051251206068341194],19.847182910824127,0.1
298.89272455308844,[2.3910027758033014],[3.3897639643599238],11115.571074544783,7840.475494255826,[3279.1578385439866],22.75071189985764,1.9818561639123415,1e-06,1e-06,1.4647828546921535,1.168482864495118,32.64657100115164,-5.317926932604108,-3.642319406732156,188020.30118939234,7.986866935342789,-11.629186342074945,1359123.1319601443,"[0.0, 0.0]","[-3.2019900280837903, -5.500751127847713]","[[188020.30118939234, 398433.84621501], [1359123.1319601443, 462415.91354751436], [1359123.1319601443, 245533.46673821998], [188020.30118939234, 245533.46673821998]]",[0.05125120170935547],19.847176991557344,0.1
298.99272455308846,[2.3910009759926134],[3.389763830850265],11115.570465016553,7840.4694712618875,[3279.1577878829394],22.750711917836313,1.9818561639123415,1e-06,1e-06,1.4647828546921535,1.1684828679342707,32.64657084469383,-5.317926626118423,-3.642296580656705,188020.29366102582,7.986890761195468,-11.629187341852173,1359123.1734033758,"[0.0, 0.0]","[-3.201990298778748, -5.500751592032481]","[[188020.29366102582, 398433.8657093821], [1359123.1734033758, 462415.94318284816], [1359123.1734033758, 245533.46663701138], [188020.29366102582, 245533.46663701138]]",[0.05125119279142399],19.847176991557344,0.1
299.0927245530885,[2.3909995691841446],[3.3897637157818457],11115.569857998542,7840.4646961007265,[3279.1577201229043],22.750711934995252,1.9818561639123415,1e-06,1e-06,1.4647828546921535,1.1684828712351436,32.646570688294275,-5.31792633797361,-3.642292363252295,188020.2866791593,7.986895905801191,-11.629188269053486,1359123.2199123986,"[0.0, 0.0]","[-3.2019905659152523, -5.500752050253524]","[[188020.2866791593, 398433.86946637224], [1359123.2199123986, 462415.9510492688], [1359123.2199123986, 245533.46631760153], [188020.2866791593, 245533.46631760153]]",[0.05125118844359377],19.847171088052267,0.1
299.1927245530885,[2.3909977733225247],[3.38976358263393],11115.569249614102,7840.458686026836,[3279.1576694493338],22.750711952915868,1.9818561639123415,1e-06,1e-06,1.4647828546921535,1.1684828746644618,32.64657053213085,-5.317926032767708,-3.6422696083880624,188020.27916155467,7.986919659013495,-11.629189267401557,1359123.2612251148,"[0.0, 0.0]","[-3.201990836238057, -5.500752513799884]","[[188020.27916155467, 398433.8889002799], [1359123.2612251148, 462415.98059532355], [1359123.2612251148, 245533.46621504362], [188020.27916155467, 245533.46621504362]]",[0.05125117954855956],19.847171088052267,0.1
299.29272455308853,[2.3909963694594087],[3.3897634678711404],11115.56864373633,7840.453920621675,[3279.1576017300094],22.750711970020184,1.9818561639123415,1e-06,1e-06,1.4647828546921535,1.168482877956047,32.64657037603439,-5.31792574581903,-3.642265409775348,188020.27218922696,7.98692478356088,-11.629190193336228,1359123.307591215,"[0.0, 0.0]","[-3.2019911030072667, -5.500752971390787]","[[188020.27218922696, 398433.89264112845], [1359123.307591215, 462415.98843375535], [1359123.307591215, 245533.46589513886], [188020.27218922696, 245533.46589513886]]",[0.05125117521084971],19.847165200648607,0.1
299.39272455308856,[2.3909945776634953],[3.389763335073028],11115.568036503202,7840.447923883232,[3279.1575510576854],22.750711987885182,1.9818561639123415,1e-06,1e-06,1.4647828546921535,1.1684828813758743,32.64657022018275,-5.317925441823328,-3.642242722639935,188020.2646829455,7.986948467540742,-11.629191190180677,1359123.3487766462,"[0.0, 0.0]","[-3.201991372946705, -5.500753434280115]","[[188020.2646829455, 398433.9120174986], [1359123.3487766462, 462416.0178945436], [1359123.3487766462, 245533.46579173589], [188020.2646829455, 245533.46579173589]]",[0.051251166338058325],19.847165200648607,0.1
299.4927245530886,[2.390993176850895],[3.38976322060394],11115.567431780011,7840.443168616622,[3279.1574833948425],22.750712004937178,1.9818561639123415,1e-06,1e-06,1.4647828546921535,1.1684828846584858,32.646570064407456,-5.317925156001813,-3.6422385384540803,188020.25772079622,7.986953576309475,-11.629192114763555,1359123.3950024382,"[0.0, 0.0]","[-3.201991639332883, -5.500753891214372]","[[188020.25772079622, 398433.91574587533], [1359123.3950024382, 462416.02570999495], [1359123.3950024382, 245533.46547183543], [188020.25772079622, 245533.46547183543]]",[0.05125116200964344],19.847159329716398,0.1
299.5927245530886,[2.390991389261855],[3.389763088145707],11115.566825718553,7840.437185713843,[3279.1574327393696],22.750712022748647,1.9818561639123415,1e-06,1e-06,1.4647828546921535,1.1684828880690907,32.646569908886306,-5.317924853150427,-3.642215916121927,188020.25022661258,7.986977193879568,-11.629193110001495,1359123.4360632426,"[0.0, 0.0]","[-3.201991908868482, -5.5007543534120344]","[[188020.25022661258, 398433.9350671582], [1359123.4360632426, 462416.0550888097], [1359123.4360632426, 245533.46536805292], [188020.25022661258, 245533.46536805292]]",[0.05125115315866364],19.847159329716398,0.1
299.6927245530886,[2.390989991625872],[3.389762973961019],11115.56622217854,7840.432441040971,[3279.157365150442],22.7507120397503,1.9818561639123415,1e-06,1e-06,1.4647828546921535,1.1684828913429681,32.64656975345133,-5.3179245683912395,-3.6422117424949647,188020.24327547153,7.986982290627623,-11.629194033122587,1359123.4821507651,"[0.0, 0.0]","[-3.201992174847318, -5.500754809648466]","[[188020.24327547153, 398433.93878630846], [1359123.4821507651, 462416.0628856463], [1359123.4821507651, 245533.4650486157], [188020.24327547153, 245533.4650486157]]",[0.05125114883891805],19.847153475644028,0.1
299.79272455308865,[2.3909882084032765],[3.3897628418362236],11115.565617324666,7840.426472537349,[3279.157314528647],22.75071205750998,1.9818561639123415,1e-06,1e-06,1.4647828546921535,1.1684828947445445,32.64656959827994,-5.31792426662294,-3.6421891825877992,188020.23579433127,7.9870058440405955,-11.629195026628395,1359123.523089054,"[0.0, 0.0]","[-3.201992443951001, -5.500755271106697]","[[188020.23579433127, 398433.95805448707], [1359123.523089054, 462416.0921850832], [1359123.523089054, 245533.46494487597], [188020.23579433127, 245533.46494487597]]",[0.05125114000952263],19.847153475644028,0.1
299.89272455308867,[2.3909868140843664],[3.38976272792886],11115.565015007227,7840.421738962947,[3279.1572470321016],22.7507120744629,1.9818561639123415,1e-06,1e-06,1.4647828546921535,1.1684828980098563,32.64656944320495,-5.317923982866242,-3.642185016168412,188020.2288551784,7.987010931989062,-11.629195948157474,1359123.5690398084,"[0.0, 0.0]","[-3.2019927094913716, -5.500755726592256]","[[188020.2288551784, 398433.96176721476], [1359123.5690398084, 462416.09996701404], [1359123.5690398084, 245533.46462631595], [188020.2288551784, 245533.46462631595]]",[0.05125113569800941],19.847147638827284,0.1
299.9927245530887,[2.3909850354007287],[3.389762596132606],11115.564411404752,7840.415785466406,[3279.1571964616473],22.750712092172183,1.9818561639123415,1e-06,1e-06,1.4647828546921535,1.1684829014025309,32.6465692884031,-5.317923682125058,-3.6421625168437117,188020.22138815882,7.987034422944362,-11.629196939788073,1359123.6098571676,"[0.0, 0.0]","[-3.2019929781287932, -5.500756187252562]","[[188020.22138815882, 398433.9809838162], [1359123.6098571676, 462416.12918899703], [1359123.6098571676, 245533.46452299485], [188020.22138815882, 245533.46452299485]]",[0.05125112689015686],19.847147638827284,0.1
300.0927245530887,[2.3909836445500248],[3.38976248249764],11115.563810358079,7840.411063531447,[3279.1571290764673],22.750712109077657,1.9818561639123415,1e-06,1e-06,1.4647828546921535,1.168482904659381,32.64656913370783,-5.317923399316524,-3.6421583548005856,188020.2144620856,7.987039504779716,-11.629197859580302,1359123.6556721525,"[0.0, 0.0]","[-3.2019932431940665, -5.50075664192473]","[[188020.2144620856, 398433.98469248315], [1359123.6556721525, 462416.136959083], [1359123.6556721525, 245533.46420567835], [188020.2144620856, 245533.46420567835]]",[0.05125112258661281],19.847141819659317,0.1
300.19272455308874,[2.3909818705854327],[3.3897623510270876],11115.563208058564,7840.405125675461,[3279.1570785753115],22.750712126737618,1.9818561639123415,1e-06,1e-06,1.4647828546921535,1.1684829080432182,32.64656897929535,-5.317923099552271,-3.642135914710707,188020.20701035563,7.987062934469691,-11.629198849180398,1359123.696369684,"[0.0, 0.0]","[-3.201993511326236, -5.500757101720505]","[[188020.20701035563, 398434.0038586134], [1359123.696369684, 462416.1661049205], [1359123.696369684, 245533.4641031032], [188020.20701035563, 245533.4641031032]]",[0.051251113800421605],19.847141819659317,0.1
300.29272455308876,[2.3909804833594595],[3.389762237661803],11115.562608338481,7840.400415938871,[3279.1570113205926],22.750712143596598,1.9818561639123415,1e-06,1e-06,1.4647828546921535,1.168482911291651,32.64656882499935,-5.317922817643576,-3.6421317547337253,188020.2000985288,7.987068012346981,-11.629199767080706,1359123.742049447,"[0.0, 0.0]","[-3.20199377587573, -5.500757555509815]","[[188020.2000985288, 398434.00756513944], [1359123.742049447, 462416.1738655832], [1359123.742049447, 245533.463787347], [188020.2000985288, 245533.463787347]]",[0.05125110950474278],19.847136018522125,0.1
300.3927245530888,[2.3909787142972827],[3.3897621065167503],11115.56200740191,7840.39449436751,[3279.156960906626],22.750712161207993,1.9818561639123415,1e-06,1e-06,1.4647828546921535,1.1684829146666602,32.64656867099524,-5.317922518812123,-3.6421093729986183,188020.19266331402,7.987091381488995,-11.629200754487613,1359123.7826278114,"[0.0, 0.0]","[-3.2019940434603282, -5.500758014368686]","[[188020.19266331402, 398434.02668150776], [1359123.7826278114, 462416.2029360118], [1359123.7826278114, 245533.4636857962], [188020.19266331402, 245533.4636857962]]",[0.05125110074047068],19.847136018522125,0.1
300.4927245530888,[2.3909773308548137],[3.3897619934199166],11115.56140906778,7840.389797394646,[3279.1568938010705],22.75071217802115,1.9818561639123415,1e-06,1e-06,1.4647828546921535,1.1684829179066676,32.64656851711709,-5.317922237761168,-3.642105213281468,188020.18576694172,7.987096457054179,-11.629201670335647,1359123.8281724951,"[0.0, 0.0]","[-3.2019943074508626, -5.500758467201128]","[[188020.18576694172, 398434.0303873854], [1359123.8281724951, 462416.2106890623], [1359123.8281724951, 245533.46337186717], [188020.18576694172, 245533.46337186717]]",[0.05125109645269473],19.847130235778923,0.1
300.59272455308883,[2.390975566876871],[3.3897618626007753],11115.560809554621,7840.38389274582,[3279.1568434917344],22.75071219558445,1.9818561639123415,1e-06,1e-06,1.4647828546921535,1.1684829212728094,32.6465683635397,-5.317921939824613,-3.642082889450137,188020.1783494925,7.987119765933244,-11.62920265538338,1359123.8686319538,"[0.0, 0.0]","[-3.20199457444353, -5.500758925047159]","[[188020.1783494925, 398434.0494543386], [1359123.8686319538, 462416.23968430195], [1359123.8686319538, 245533.46327157013], [188020.1783494925, 245533.46327157013]]",[0.05125108771071639],19.847130235778923,0.1
300.69272455308885,[2.390974187374016],[3.3897617497730983],11115.560212670243,7840.379209091958,[3279.156776553482],22.75071221235217,1.9818561639123415,1e-06,1e-06,1.4647828546921535,1.1684829245043367,32.64656821009714,-5.317921659595617,-3.642078728667741,188020.1714697946,7.9871248403492245,-11.629203569016966,1359123.9140413536,"[0.0, 0.0]","[-3.2019948378303034, -5.500759376846104]","[[188020.1714697946, 398434.0531606533], [1359123.9140413536, 462416.2474309767], [1359123.9140413536, 245533.4629596857], [188020.1714697946, 245533.4629596857]]",[0.051251083431004756],19.847124471767845,0.1
300.7927245530889,[2.3909724286568736],[3.389761619282328],11115.559614645068,7840.373321984511,[3279.1567263654447],22.750712229867588,1.9818561639123415,1e-06,1e-06,1.4647828546921535,1.1684829278615285,32.64656805696342,-5.317921362522267,-3.6420564626632768,188020.16407135504,7.987148088877063,-11.62920455154034,1359123.9543818203,"[0.0, 0.0]","[-3.201995104185852, -5.500759833601894]","[[188020.16407135504, 398434.07217822154], [1359123.9543818203, 462416.2763508009], [1359123.9543818203, 245533.46286082407], [188020.16407135504, 245533.46286082407]]",[0.051251074711786346],19.847124471767845,0.1
300.8927245530889,[2.3909710532456003],[3.389761506725907],11115.559019275226,7840.368652188813,[3279.1566596115754],22.75071224659001,1.9818561639123415,1e-06,1e-06,1.4647828546921535,1.1684829310844838,32.64656790397299,-5.317921083085711,-3.6420522999457603,188020.1572095353,7.987153162853986,-11.629205462799746,1359123.9996554328,"[0.0, 0.0]","[-3.2019953669238532, -5.500760284290138]","[[188020.1572095353, 398434.07588567486], [1359123.9996554328, 462416.2840918014], [1359123.9996554328, 245533.46255115373], [188020.1572095353, 245533.46255115373]]",[0.05125107044040648],19.847118726796996,0.1
300.9927245530889,[2.390969299956909],[3.3897613765668235],11115.558422802038,7840.362783209968,[3279.1566095605117],22.750712264057533,1.9818561639123415,1e-06,1e-06,1.4647828546921535,1.1684829344326095,32.646567751298846,-5.317920786849991,-3.6420300920315754,188020.1498313191,7.987176350605864,-11.62920644263744,1359124.0398765209,"[0.0, 0.0]","[-3.2019956325972876, -5.500760739878488]","[[188020.1498313191, 398434.094853602], [1359124.0398765209, 462416.3129355864], [1359124.0398765209, 245533.46245386338], [188020.1498313191, 245533.46245386338]]",[0.05125106174448731],19.847118726796996,0.1
301.09272455308894,[2.3909679287810177],[3.389761264284882],11115.557829011137,7840.358127781947,[3279.156543006907],22.750712280734568,1.9818561639123415,1e-06,1e-06,1.4647828546921535,1.1684829376468673,32.64656759877539,-5.317920508182461,-3.6420259269211215,188020.14298854122,7.987181424446931,-11.629207351368052,1359124.0850136008,"[0.0, 0.0]","[-3.2019958946421028, -5.50076118937993]","[[188020.14298854122, 398434.0985625488], [1359124.0850136008, 462416.320671136], [1359124.0850136008, 245533.46214653077], [188020.14298854122, 245533.46214653077]]",[0.05125105748179231],19.84711300114038,0.1
301.19272455308896,[2.3909661810776908],[3.389761134462325],11115.55723415479,7840.352277480796,[3279.1564931072676],22.750712298153978,1.9818561639123415,1e-06,1e-06,1.4647828546921535,1.1684829409857829,32.64656744657481,-5.3179202127646485,-3.642003777645982,188020.13563170837,7.987204550720094,-11.629208328366076,1359124.1251146768,"[0.0, 0.0]","[-3.2019961595895743, -5.500761643725657]","[[188020.13563170837, 398434.1174803389], [1359124.1251146768, 462416.3494379317], [1359124.1251146768, 245533.46205090435], [188020.13563170837, 245533.46205090435]]",[0.05125104880976214],19.84711300114038,0.1
301.292724553089,[2.390964814271318],[3.389761022458796],11115.55664200479,7840.3476368949105,[3279.156426768402],22.750712314785346,1.9818561639123415,1e-06,1e-06,1.4647828546921535,1.1684829441911921,32.64656729453185,-5.317919934848546,-3.641999610066989,188020.12880907682,7.987209624354364,-11.629209234421353,1359124.1701142886,"[0.0, 0.0]","[-3.2019964208983915, -5.500762091966768]","[[188020.12880907682, 398434.121190812], [1359124.1701142886, 462416.3571678168], [1359124.1701142886, 245533.46174599024], [188020.12880907682, 245533.46174599024]]",[0.05125104455617586],19.84710729503521,0.1
301.392724553089,[2.390963072296825],[3.3897608929779244],11115.556048826476,7840.34180577314,[3279.1563770332477],22.75071233215626,1.9818561639123415,1e-06,1e-06,1.4647828546921535,1.1684829475207326,32.64656714281733,-5.31791964023447,-3.641977520215164,188020.12147471504,7.987232688220104,-11.629210208435268,1359124.210094522,"[0.0, 0.0]","[-3.201996685077969, -5.500762544997908]","[[188020.12147471504, 398434.1400577724], [1359124.210094522, 462416.3858564115], [1359124.210094522, 245533.46165208067], [188020.12147471504, 245533.46165208067]]",[0.05125103590865495],19.84710729503521,0.1
301.49272455308903,[2.3909617099818923],[3.3897607812577215],11115.555458377255,7840.337180460056,[3279.156310922032],22.750712348741533,1.9818561639123415,1e-06,1e-06,1.4647828546921535,1.1684829507171246,32.646566991266354,-5.317919363057658,-3.6419733504284864,188020.11467325795,7.987237761250071,-11.629211111678558,1359124.2549555893,"[0.0, 0.0]","[-3.201996945610195, -5.500762991909005]","[[188020.11467325795, 398434.14376952284], [1359124.2549555893, 462416.3935800403], [1359124.2549555893, 245533.461349626], [188020.11467325795, 245533.461349626]]",[0.05125103166465342],19.847101608680187,0.1
301.59272455308906,[2.390959973864248],[3.38976065212444],11115.554866935616,7840.331368965144,[3279.1562613629503],22.750712366063414,1.9818561639123415,1e-06,1e-06,1.4647828546921535,1.1684829540371091,32.646566840048706,-5.317919069238277,-3.641951320980354,188020.10736236884,7.987260761594939,-11.629212082575293,1359124.2948139952,"[0.0, 0.0]","[-3.201997208982622, -5.5007634435580695]","[[188020.10736236884, 398434.1625847976], [1359124.2948139952, 462416.4221890101], [1359124.2948139952, 245533.46125744976], [188020.10736236884, 245533.46125744976]]",[0.051251023042277376],19.847101608680187,0.1
301.6927245530891,[2.3909586161499883],[3.3897605406934113],11115.554278244534,7840.326759309984,[3279.1561954906497],22.75071238260201,1.9818561639123415,1e-06,1e-06,1.4647828546921535,1.168482957224302,32.64656668899954,-5.317918792793653,-3.6419471495345306,188020.10058302438,7.987265833347578,-11.629212982882109,1359124.3395353493,"[0.0, 0.0]","[-3.201997468700587, -5.500763889074415]","[[188020.10058302438, 398434.1662973362], [1359124.3395353493, 462416.4299054758], [1359124.3395353493, 245533.46095745979], [188020.10058302438, 245533.46095745979]]",[0.05125101880837128],19.847095942234564,0.1
301.7927245530891,[2.3909568860013164],[3.389760411913561],11115.55368859258,7840.320967833484,[3279.1561461176293],22.750712399874235,1.9818561639123415,1e-06,1e-06,1.4647828546921535,1.1684829605345413,32.646566538287686,-5.317918499764601,-3.6419251816122937,188020.09329651017,7.987288768929545,-11.629213950541839,1359124.379270842,"[0.0, 0.0]","[-3.2019977312296883, -5.500764339279319]","[[188020.09329651017, 398434.1850599518], [1359124.379270842, 462416.4584332538], [1359124.379270842, 245533.46086700074], [188020.09329651017, 245533.46086700074]]",[0.05125101021177235],19.847095942234564,0.1
301.8927245530891,[2.390955532982333],[3.389760300777366],11115.553101710817,7840.31637416947,[3279.1560804938663],22.750712416365502,1.9818561639123415,1e-06,1e-06,1.4647828546921535,1.1684829637123462,32.64656638774852,-5.317918224049658,-3.641921009305804,188020.08654011722,7.987293838494907,-11.62921484780071,1359124.4238512632,"[0.0, 0.0]","[-3.2019979900990467, -5.500764783341832]","[[188020.08654011722, 398434.18877258047], [1359124.4238512632, 462416.46614138], [1359124.4238512632, 245533.4605694487], [188020.08654011722, 245533.4605694487]]",[0.051251005988494136],19.847090295818372,0.1
301.99272455308915,[2.390953808897701],[3.3897601723576103],11115.552513898947,7840.310603043255,[3279.156031315329],22.750712433587335,1.9818561639123415,1e-06,1e-06,1.4647828546921535,1.1684829670126482,32.64656623754962,-5.317917931810763,-3.641899104134552,188020.07927877357,7.987316707983268,-11.62921581211782,1359124.4634626918,"[0.0, 0.0]","[-3.201998251752275, -5.500765232046545]","[[188020.07927877357, 398434.2074814798], [1359124.4634626918, 462416.4945863037], [1359124.4634626918, 245533.4604806625], [188020.07927877357, 245533.4604806625]]",[0.051250997418288424],19.847090295818372,0.1
302.09272455308917,[2.3909524606541397],[3.3897600615221637],11115.551928872323,7840.306025651833,[3279.1559659479],22.75071245003053,1.9818561639123415,1e-06,1e-06,1.4647828546921535,1.168482970180874,32.64656608752665,-5.317917656826978,-3.6418949319673857,188020.0725460647,7.9873217742639895,-11.629216706231375,1359124.5079009524,"[0.0, 0.0]","[-3.2019985097424155, -5.50076567460257]","[[188020.0725460647, 398434.2111933334], [1359124.5079009524, 462416.5022847057], [1359124.5079009524, 245533.46018549384], [188020.0725460647, 245533.46018549384]]",[0.05125099320617718],19.84708466951321,0.1
302.1927245530892,[2.3909507427112664],[3.389759933468782],11115.55134294425,7840.30027514706,[3279.155916970667],22.75071246720119,1.9818561639123415,1e-06,1e-06,1.4647828546921535,1.1684829734710476,32.64656593784633,-5.317917365381737,-3.641873090832746,188020.065310575,7.987344576282396,-11.629217667115142,1359124.5473871431,"[0.0, 0.0]","[-3.201998770491023, -5.500766121757658]","[[188020.065310575, 398434.22984741157], [1359124.5473871431, 462416.5306450709], [1359124.5473871431, 245533.46009831177], [188020.065310575, 245533.46009831177]]",[0.05125098466295181],19.84708466951321,0.1
302.2927245530892,[2.390949399309051],[3.3897598229405665],11115.550759815085,7840.295714259259,[3279.155851865785],22.750712483595528,1.9818561639123415,1e-06,1e-06,1.4647828546921535,1.1684829766295066,32.64656578834416,-5.317917091134074,-3.641868919963656,188020.05860217247,7.987349638037301,-11.629218558000957,1359124.5916820406,"[0.0, 0.0]","[-3.20199902757524, -5.500766562761224]","[[188020.05860217247, 398434.2335574937], [1359124.5916820406, 462416.5383322067], [1359124.5916820406, 245533.45980544869], [188020.05860217247, 245533.45980544869]]",[0.05125098046254126],19.847079063363775,0.1
302.39272455308924,[2.3909476875679703],[3.3897596952597393],11115.550175808923,7840.28998458537,[3279.155803095121],22.75071250071423,1.9818561639123415,1e-06,1e-06,1.4647828546921535,1.1684829799093661,32.64656563918601,-5.317916800489087,-3.6418471441774614,188020.05139310603,7.987372371198205,-11.629219515375667,1359124.63104183,"[0.0, 0.0]","[-3.201999287394654, -5.500767008324243]","[[188020.05139310603, 398434.25215562637], [1359124.63104183, 462416.56660630566], [1359124.63104183, 245533.4597197821], [188020.05139310603, 245533.4597197821]]",[0.05125097194684531],19.847079063363775,0.1
302.49272455308926,[2.3909463490571605],[3.389759585044379],11115.549594611022,7840.285440376174,[3279.1557382573187],22.75071251705889,1.9818561639123415,1e-06,1e-06,1.4647828546921535,1.168482983057877,32.64656549020765,-5.317916526985529,-3.641842975883094,188020.04470952068,7.987377427082606,-11.6292204029657,1359124.675192218,"[0.0, 0.0]","[-3.2019995435503987, -5.500767447736483]","[[188020.04470952068, 398434.2558628444], [1359124.675192218, 462416.5742805244], [1359124.675192218, 245533.45942912725], [188020.04470952068, 245533.45942912725]]",[0.05125096775865311],19.84707347737987,0.1
302.5927245530893,[2.390944643561678],[3.3897594577422248],11115.549012559588,7840.27973168581,[3279.1556896969864],22.75071253412481,1.9818561639123415,1e-06,1e-06,1.4647828546921535,1.1684829863272463,32.64656534157393,-5.317916237149949,-3.641821266746433,188020.0375273322,7.987400090024607,-11.62922135677104,1359124.7144244853,"[0.0, 0.0]","[-3.2019998024200387, -5.500767891672066]","[[188020.0375273322, 398434.27440391947], [1359124.7144244853, 462416.60246669274], [1359124.7144244853, 245533.4593448715], [188020.0375273322, 245533.4593448715]]",[0.051250959270988015],19.84707347737987,0.1
302.6927245530893,[2.3909433099787534],[3.389759347845995],11115.548433323658,7840.275204281981,[3279.155625129252],22.75071255041899,1.9818561639123415,1e-06,1e-06,1.4647828546921535,1.1684829894656386,32.64656519312092,-5.317915964400831,-3.641817102379548,188020.0308689644,7.98740513863271,-11.629222241012258,1359124.7584293012,"[0.0, 0.0]","[-3.202000057628828, -5.50076832946108]","[[188020.0308689644, 398434.27810711943], [1359124.7584293012, 462416.61012628523], [1359124.7584293012, 245533.45905631248], [188020.0308689644, 245533.45905631248]]",[0.0512509550955059],19.847067911538975,0.1
302.79272455308933,[2.390941610756162],[3.3897592209279512],11115.547853252783,7840.269516670278,[3279.1555767816117],22.75071256743133,1.9818561639123415,1e-06,1e-06,1.4647828546921535,1.1684829927243547,32.646565045012494,-5.317915675385878,-3.64179546115696,188020.02371399666,7.987427730045738,-11.629223191202698,1359124.7975329924,"[0.0, 0.0]","[-3.202000315532342, -5.500768771740921]","[[188020.02371399666, 398434.2965900593], [1359124.7975329924, 462416.63822293194], [1359124.7975329924, 245533.4589733507], [188020.02371399666, 245533.4589733507]]",[0.05125094663631983],19.847067911538975,0.1
302.89272455308935,[2.390940282123479],[3.389759111356367],11115.547276002175,7840.2650061488375,[3279.155512485498],22.75071258367423,1.9818561639123415,1e-06,1e-06,1.4647828546921535,1.168482995852471,32.646564897084886,-5.317915403403423,-3.641791302112722,188020.01708113935,7.987432769943382,-11.629224072056104,1359124.8413912796,"[0.0, 0.0]","[-3.2020005697798104, -5.500769207881864]","[[188020.01708113935, 398434.3002880541], [1359124.8413912796, 462416.6458661688], [1359124.8413912796, 245533.45868676403], [188020.01708113935, 245533.45868676403]]",[0.05125094247400654],19.847062365789107,0.1
302.9927245530894,[2.3909385891856867],[3.389758984827819],11115.546697933103,7840.25933965737,[3279.1554643516083],22.750712600632227,1.9818561639123415,1e-06,1e-06,1.4647828546921535,1.1684829991003842,32.64656474950118,-5.3179151152218616,-3.6417697300036593,188020.0099536277,7.9874552885967205,-11.62922501860038,1359124.8803654334,"[0.0, 0.0]","[-3.202000826704858, -5.500769648484647]","[[188020.0099536277, 398434.3187118389], [1359124.8803654334, 462416.6738718075], [1359124.8803654334, 245533.45860497124], [188020.0099536277, 245533.45860497124]]",[0.05125093404368932],19.847062365789107,0.1
303.0927245530894,[2.3909372655128283],[3.389758875585662],11115.546122684249,7840.254846050269,[3279.155400327338],22.750712616823094,1.9818561639123415,1e-06,1e-06,1.4647828546921535,1.168483002218082,32.64656460209795,-5.3179148440196355,-3.64176557768576,188020.0033464717,7.98746031835492,-11.62922589604068,1359124.924076356,"[0.0, 0.0]","[-3.2020010799805845, -5.500770082959476]","[[188020.0033464717, 398434.3224034373], [1359124.924076356, 462416.68149697804], [1359124.924076356, 245533.45832022582], [188020.0033464717, 245533.45832022582]]",[0.05125092989496425],19.847056840051977,0.1
303.1927245530894,[2.3909355788579014],[3.3897587494511274],11115.545546631263,7840.249200672315,[3279.1553524070414],22.75071263372602,1.9818561639123415,1e-06,1e-06,1.4647828546921535,1.1684830054550623,32.646564455037264,-5.317914556685261,-3.6417440758056614,188019.99624654953,7.987482763115452,-11.629226838921113,1359124.9629201177,"[0.0, 0.0]","[-3.202001335918751, -5.500770521870492]","[[188019.99624654953, 398434.3407671207], [1359124.9629201177, 462416.7094102492], [1359124.9629201177, 245533.45823947195], [188019.99624654953, 245533.45823947195]]",[0.05125092149384467],19.847056840051977,0.1
303.29272455308944,[2.390934260142518],[3.3897586405436235],11115.544973397884,7840.244723969436,[3279.155288653607],22.75071264986415,1.9818561639123415,1e-06,1e-06,1.4647828546921535,1.1684830085622167,32.646564308156144,-5.317914286277735,-3.6417399315969874,188019.98966518953,7.987487781338757,-11.629227712935744,1359125.0064829718,"[0.0, 0.0]","[-3.2020015882161172, -5.500770954667638]","[[188019.98966518953, 398434.3444511519], [1359125.0064829718, 462416.7170156947], [1359125.0064829718, 245533.45795643248], [188019.98966518953, 245533.45795643248]]",[0.051250917359083076],19.84705133422624,0.1
303.39272455308947,[2.390932579755349],[3.389758514807217],11115.544399370381,7840.239099652565,[3279.1552409456954],22.750712666711348,1.9818561639123415,1e-06,1e-06,1.4647828546921535,1.16848301178815,32.64656416161591,-5.317913999804928,-3.6417185009599393,188019.98259289633,7.9875101511870525,-11.629228652146992,1359125.0451956082,"[0.0, 0.0]","[-3.2020018431625625, -5.500771391878475]","[[188019.98259289633, 398434.3627538761], [1359125.0451956082, 462416.7448353841], [1359125.0451956082, 245533.45787658586], [188019.98259289633, 245533.45787658586]]",[0.051250908987427686],19.84705133422624,0.1
303.4927245530895,[2.3909312659840745],[3.3897584062384807],11115.543828159227,7840.234639805318,[3279.1551774611075],22.750712682796085,1.9818561639123415,1e-06,1e-06,1.4647828546921535,1.1684830148846541,32.64656401525377,-5.31791373020701,-3.6417143661946056,188019.97603733835,7.987515156540496,-11.629229522735102,1359125.088609838,"[0.0, 0.0]","[-3.202002094478416, -5.500771822992384]","[[188019.97603733835, 398434.3664292123], [1359125.088609838, 462416.7524195286], [1359125.088609838, 245533.45759511626], [188019.97603733835, 245533.45759511626]]",[0.05125090486695696],19.847045848190884,0.1
303.5927245530895,[2.3909295918382854],[3.389758280903708],11115.543256161476,7840.229036457929,[3279.1551299634493],22.75071269958697,1.9818561639123415,1e-06,1e-06,1.4647828546921535,1.1684830180994463,32.646563869230306,-5.317913444610364,-3.6416930077011216,188019.96899262758,7.987537450582295,-11.629230458283416,1359125.1271907454,"[0.0, 0.0]","[-3.2020023484318028, -5.500772258500536]","[[188019.96899262758, 398434.3846702177], [1359125.1271907454, 462416.7801445795], [1359125.1271907454, 245533.4575160462], [188019.96899262758, 245533.4575160462]]",[0.05125089652497008],19.847045848190884,0.1
303.69272455308953,[2.390928282988239],[3.389758172677221],11115.54268697387,7840.224593384162,[3279.155066744731],22.750712715617745,1.9818561639123415,1e-06,1e-06,1.4647828546921535,1.1684830211852133,32.64656372338328,-5.317913175837015,-3.641688883651341,188019.9624627987,7.9875424418033845,-11.629231325454725,1359125.1704559384,"[0.0, 0.0]","[-3.202002598766304, -5.500772687931298]","[[188019.9624627987, 398434.38833578664], [1359125.1704559384, 462416.78770594444], [1359125.1704559384, 245533.457236012], [188019.9624627987, 245533.457236012]]",[0.05125089241907001],19.847040381808636,0.1
303.79272455308956,[2.390926615047351],[3.389758047747217],11115.5421170062,7840.219010879617,[3279.15501945439],22.75071273235179,1.9818561639123415,1e-06,1e-06,1.4647828546921535,1.1684830243887898,32.646563577872314,-5.31791289113092,-3.6416675980722744,188019.95544554663,7.987564659284317,-11.629232257356591,1359125.2089046552,"[0.0, 0.0]","[-3.2020028517283374, -5.500773121739561]","[[188019.95544554663, 398434.40651442553], [1359125.2089046552, 462416.81533547526], [1359125.2089046552, 245533.45715759142], [188019.95544554663, 245533.45715759142]]",[0.05125088410689322],19.847040381808636,0.1
303.8927245530896,[2.390925311087294],[3.3897579398662936],11115.54154984043,7840.214584468017,[3279.1549564978304],22.750712748328105,1.9818561639123415,1e-06,1e-06,1.4647828546921535,1.168483027463751,32.6465634325358,-5.317912623196769,-3.641663485914023,188019.94894130126,7.987569635216346,-11.629233121130369,1359125.2520205495,"[0.0, 0.0]","[-3.2020031010845655, -5.500773549492284]","[[188019.94894130126, 398434.4101692371], [1359125.2520205495, 462416.8228727144], [1359125.2520205495, 245533.45687886258], [188019.94894130126, 245533.45687886258]]",[0.05125088001579066],19.847034934929308,0.1
303.9927245530896,[2.390923649306217],[3.3897578153431667],11115.540981897584,7840.209022649862,[3279.154909411216],22.750712765004884,1.9818561639123415,1e-06,1e-06,1.4647828546921535,1.168483030656057,32.64656328753267,-5.317912339395126,-3.64164227389864,188019.94195131736,7.987591775512385,-11.629234049411025,1359125.2903367514,"[0.0, 0.0]","[-3.202003353059772, -5.500773981608223]","[[188019.94195131736, 398434.4282849662], [1359125.2903367514, 462416.85040600575], [1359125.2903367514, 245533.45680097013], [188019.94195131736, 245533.45680097013]]",[0.051250871733508806],19.847034934929308,0.1
304.0927245530896,[2.3909223501977346],[3.389757707810461],11115.540416747785,7840.204612764183,[3279.154846712517],22.750712780926328,1.9818561639123415,1e-06,1e-06,1.4647828546921535,1.1684830337201633,32.64656314270161,-5.317912072314174,-3.6416381747167748,188019.9354724503,7.987596735097782,-11.629234909814556,1359125.3333032378,"[0.0, 0.0]","[-3.202003601443325, -5.500774407692446]","[[188019.9354724503, 398434.4319281099], [1359125.3333032378, 462416.85791790014], [1359125.3333032378, 245533.4565234228], [188019.9354724503, 245533.4565234228]]",[0.05125086765738356],19.847029507392907,0.1
304.19272455308965,[2.390920694524302],[3.3897575836960647],11115.539850821962,7840.199071451569,[3279.154799825536],22.750712797545475,1.9818561639123415,1e-06,1e-06,1.4647828546921535,1.1684830369011618,32.64656299820115,-5.317911789430091,-3.6416170367712652,188019.92850948597,7.98761879773582,-11.629235834507085,1359125.3714867416,"[0.0, 0.0]","[-3.202003852438604, -5.500774838127808]","[[188019.92850948597, 398434.44998050836], [1359125.3714867416, 462416.8853544183], [1359125.3714867416, 245533.4564459446], [188019.92850948597, 245533.4564459446]]",[0.05125085940502299],19.847029507392907,0.1
304.29272455308967,[2.3909194002234195],[3.389757476513475],11115.539287678006,7840.1946779360715,[3279.1547373798735],22.750712813411717,1.9818561639123415,1e-06,1e-06,1.4647828546921535,1.1684830399543829,32.64656285387019,-5.317911523215489,-3.6416129515329203,188019.92205573857,7.98762374004184,-11.62923669157476,1359125.4143038476,"[0.0, 0.0]","[-3.2020040998574566, -5.500775262557015]","[[188019.92205573857, 398434.4536111742], [1359125.4143038476, 462416.89283990295], [1359125.4143038476, 245533.45616946297], [188019.92205573857, 245533.45616946297]]",[0.051250855344004274],19.847024099032843,0.1
304.3927245530897,[2.3909177505997596],[3.3897573528091285],11115.53872375825,7840.189156928445,[3279.1546906880176],22.750712829972976,1.9818561639123415,1e-06,1e-06,1.4647828546921535,1.168483043124057,32.646562709866714,-5.317911241261053,-3.641591888041262,188019.91511949827,7.987645724677009,-11.62923761271827,1359125.4523546004,"[0.0, 0.0]","[-3.202004349881803, -5.500775691327101]","[[188019.91511949827, 398434.4715999258], [1359125.4523546004, 462416.9201792716], [1359125.4523546004, 245533.45609229399], [188019.91511949827, 245533.45609229399]]",[0.05125084712154226],19.847024099032843,0.1
304.4927245530897,[2.390916461057395],[3.389757245977926],11115.538162606868,7840.184779609879,[3279.154628490247],22.750712845783767,1.9818561639123415,1e-06,1e-06,1.4647828546921535,1.1684830461663798,32.64656256603041,-5.3179109759248275,-3.6415878175964167,188019.90869057045,7.987650648893464,-11.62923846648988,1359125.495022491,"[0.0, 0.0]","[-3.2020045963457258, -5.500776114117981]","[[188019.90869057045, 398434.47521740396], [1359125.495022491, 462416.92763743247], [1359125.495022491, 245533.45581677151], [188019.90869057045, 245533.45581677151]]",[0.05125084307571343],19.847018709678544,0.1
304.59272455308974,[2.390914817421728],[3.3897571226843497],11115.537600679405,7840.179278693269,[3279.1545819887556],22.750712862286957,1.9818561639123415,1e-06,1e-06,1.4647828546921535,1.168483049324729,32.64656242251846,-5.317910694910936,-3.6415668288075835,188019.90178072033,7.9876725553212395,-11.629239384128823,1359125.5329405772,"[0.0, 0.0]","[-3.2020048454098435, -5.5007765412410485]","[[188019.90178072033, 398434.4931423076], [1359125.5329405772, 462416.95487944735], [1359125.5329405772, 245533.45573981668], [188019.90178072033, 245533.45573981668]]",[0.05125083488307838],19.847018709678544,0.1
304.69272455308976,[2.39091353258594],[3.389757016205739],11115.537041506424,7840.174917388524,[3279.1545200335313],22.750712878042137,1.9818561639123415,1e-06,1e-06,1.4647828546921535,1.1684830523561571,32.646562279171064,-5.317910430463833,-3.641562773886676,188019.89537627896,7.987677460762029,-11.629240234648705,1359125.5754595487,"[0.0, 0.0]","[-3.2020050909301547, -5.500776962412959]","[[188019.89537627896, 398434.49674599007], [1359125.5754595487, 462416.9623095214], [1359125.5754595487, 245533.4554651574], [188019.89537627896, 245533.4554651574]]",[0.05125083085247985],19.84701333915821,0.1
304.7927245530898,[2.3909118948733794],[3.389756893322987],11115.536481554655,7840.169436338319,[3279.154473717455],22.750712894487158,1.9818561639123415,1e-06,1e-06,1.4647828546921535,1.1684830555031969,32.64656213614495,-5.317910150400029,-3.641541859924587,188019.88849245675,7.987699288906583,-11.62924114883117,1359125.6132451708,"[0.0, 0.0]","[-3.2020053390461185, -5.500777387909639]","[[188019.88849245675, 398434.51460695104], [1359125.6132451708, 462416.9894541331], [1359125.6132451708, 245533.4553883325], [188019.88849245675, 245533.4553883325]]",[0.05125082268955776],19.84701333915821,0.1
304.8927245530898,[2.390910614689516],[3.389756787197371],11115.535924342928,7840.165090855153,[3279.1544119993287],22.750712910186643,1.9818561639123415,1e-06,1e-06,1.4647828546921535,1.1684830585237496,32.6465619932809,-5.317909886851413,-3.6415378211278835,188019.8821121437,7.987704175018905,-11.629241996146789,1359125.6556156334,"[0.0, 0.0]","[-3.202005583635351, -5.5007778074839475]","[[188019.8821121437, 398434.5181963409], [1359125.6556156334, 462416.9968555197], [1359125.6556156334, 245533.45511445138], [188019.8821121437, 245533.45511445138]]",[0.05125081867418755],19.847007987301083,0.1
304.99272455308983,[2.390908982833398],[3.38975666472515],11115.535366349088,7840.159629440903,[3279.1543658637115],22.75071292657347,1.9818561639123415,1e-06,1e-06,1.4647828546921535,1.1684830616595099,32.646561850735054,-5.31790960774585,-3.6415169820053848,188019.87525396742,7.987725924918038,-11.629242906923423,1359125.693269111,"[0.0, 0.0]","[-3.202005830816294, -5.500778231376698]","[[188019.87525396742, 398434.53599335905], [1359125.693269111, 462417.02390281827], [1359125.693269111, 245533.45503768328], [188019.87525396742, 245533.45503768328]]",[0.05125081054082874],19.847007987301083,0.1
305.09272455308985,[2.3909077072458675],[3.389756558952639],11115.534811080408,7840.15529958392,[3279.1543043772044],22.75071294221727,1.9818561639123415,1e-06,1e-06,1.4647828546921535,1.1684830646692206,32.64656170834894,-5.317909345103593,-3.6415129598154863,188019.86889740956,7.987730791268916,-11.629243751084402,1359125.7354915796,"[0.0, 0.0]","[-3.202006074487828, -5.500778649376331]","[[188019.86889740956, 398434.5395680586], [1359125.7354915796, 462417.0312750597], [1359125.7354915796, 245533.45476450675], [188019.86889740956, 245533.45476450675]]",[0.05125080654064978],19.84700265393942,0.1
305.1927245530899,[2.390906081179336],[3.389756436890491],11115.534255026356,7840.149857574648,[3279.154258417137],22.750712958545968,1.9818561639123415,1e-06,1e-06,1.4647828546921535,1.1684830677937446,32.64656156627791,-5.317909066962871,-3.6414921954286115,188019.8620644855,7.987752463078948,-11.62924465850756,1359125.7730133361,"[0.0, 0.0]","[-3.2020063207474805, -5.500779071688687]","[[188019.8620644855, 398434.55730123277], [1359125.7730133361, 462417.0582252766], [1359125.7730133361, 245533.45468773379], [188019.8620644855, 245533.45468773379]]",[0.05125079843667078],19.84700265393942,0.1
305.2927245530899,[2.390904810131945],[3.389756331470488],11115.533701680759,7840.145543146882,[3279.154197156939],22.750712974134125,1.9818561639123415,1e-06,1e-06,1.4647828546921535,1.1684830707926586,32.64656142436422,-5.317908805233336,-3.641488190207099,188019.85573130124,7.9877573093573915,-11.62924549956449,1359125.8150884218,"[0.0, 0.0]","[-3.2020065635153094, -5.500779488137619]","[[188019.85573130124, 398434.5608609473], [1359125.8150884218, 462417.0655680615], [1359125.8150884218, 245533.4544152], [188019.85573130124, 245533.4544152]]",[0.051250794451612534],19.846997338910406,0.1
305.3927245530899,[2.390903189788483],[3.3897562098172096],11115.53314754613,7840.140120312888,[3279.154151367578],22.7507129904048,1.9818561639123415,1e-06,1e-06,1.4647828546921535,1.168483073906001,32.646561282763116,-5.317908528062561,-3.641467500359113,188019.8489232319,7.987778903327808,-11.62924640368692,1359125.8524789691,"[0.0, 0.0]","[-3.2020068088679126, -5.500779908893917]","[[188019.8489232319, 398434.57853045454], [1359125.8524789691, 462417.09242153965], [1359125.8524789691, 245533.45433837178], [188019.8489232319, 245533.45433837178]]",[0.05125078637680527],19.846997338910406,0.1
305.49272455308994,[2.390901923225815],[3.3897561047493627],11115.532596104793,7840.13582112015,[3279.1540903284754],22.750713005937463,1.9818561639123415,1e-06,1e-06,1.4647828546921535,1.1684830768941743,32.64656114131702,-5.317908267250566,-3.641463512355756,188019.842613039,7.987783729334865,-11.62924724169062,1359125.8944073631,"[0.0, 0.0]","[-3.202007050746242, -5.500780323816445]","[[188019.842613039, 398434.5820749835], [1359125.8944073631, 462417.09973469016], [1359125.8944073631, 245533.45406643022], [188019.842613039, 245533.45406643022]]",[0.05125078240676927],19.846992042057455,0.1
305.59272455308997,[2.390900308540418],[3.3897559835036675],11115.532043869836,7840.130417237315,[3279.154044705239],22.750713022150315,1.9818561639123415,1e-06,1e-06,1.4647828546921535,1.1684830799963994,32.646561000180725,-5.3179079910533495,-3.641442896756473,188019.8358294295,7.987805245808374,-11.629248142564848,1359125.9316672978,"[0.0, 0.0]","[-3.2020072952061778, -5.500780743041351]","[[188019.8358294295, 398434.5996810801], [1359125.9316672978, 462417.1264918835], [1359125.9316672978, 245533.4539895075], [188019.8358294295, 245533.4539895075]]",[0.05125077436090315],19.846992042057455,0.1
305.69272455309,[2.3908990464085726],[3.3897558787868056],11115.531494312296,7840.12613309113,[3279.1539838823282],22.75071303762767,1.9818561639123415,1e-06,1e-06,1.4647828546921535,1.1684830829738968,32.646560859197564,-5.317907731162196,-3.6414389261120164,188019.8295418501,7.9878100514534935,-11.62924897756551,1359125.9734497564,"[0.0, 0.0]","[-3.20200753620925, -5.500781156461937]","[[188019.8295418501, 398434.603210315], [1359125.9734497564, 462417.13377534866], [1359125.9734497564, 245533.45371811884], [188019.8295418501, 245533.45371811884]]",[0.05125077040576588],19.846986763231502,0.1
305.79272455309,[2.390897437317936],[3.3897557579473347],11115.53094395776,7840.120747941429,[3279.153938420851],22.75071305378292,1.9818561639123415,1e-06,1e-06,1.4647828546921535,1.1684830860650772,32.6465607185217,-5.31790745594069,-3.6414183843982073,188019.82278231453,7.987831490844485,-11.629249875242692,1359126.0105797409,"[0.0, 0.0]","[-3.2020077797907422, -5.500781574179877]","[[188019.82278231453, 398434.6207533186], [1359126.0105797409, 462417.1604367963], [1359126.0105797409, 245533.453641073], [188019.82278231453, 245533.453641073]]",[0.051250762388595536],19.846986763231502,0.1
305.89272455309003,[2.3908961795644745],[3.3897556535802207],11115.530396264265,7840.116478658771,[3279.1538778095023],22.750713069205197,1.9818561639123415,1e-06,1e-06,1.4647828546921535,1.168483089031972,32.646560577997036,-5.317907196972213,-3.6414144311576706,188019.816516982,7.987836276131247,-11.629250707288918,1359126.0522170775,"[0.0, 0.0]","[-3.202008019932604, -5.50078198612262]","[[188019.816516982, 398434.62426723173], [1359126.0522170775, 462417.1676906372], [1359126.0522170775, 245533.45337020862], [188019.816516982, 245533.45337020862]]",[0.051250758448214175],19.846981502291822,0.1
305.99272455309006,[2.3908945760088267],[3.3897555331448617],11115.529847769509,7840.111112036529,[3279.1538325057395],22.750713085303154,1.9818561639123415,1e-06,1e-06,1.4647828546921535,1.168483092112186,32.64656043777762,-5.317906922727113,-3.6413939628968137,188019.80978114795,7.98785763892181,-11.629251601818623,1359126.0892178302,"[0.0, 0.0]","[-3.2020082626495765, -5.500782402357424]","[[188019.80978114795, 398434.6417475181], [1359126.0892178302, 462417.19425695663], [1359126.0892178302, 245533.45329302095], [188019.80978114795, 245533.45329302095]]",[0.05125075045948232],19.846981502291822,0.1
306.0927245530901,[2.3908933225841884],[3.3897554291262475],11115.529301921457,7840.106857444642,[3279.153772101672],22.75071310067066,1.9818561639123415,1e-06,1e-06,1.4647828546921535,1.1684830950685563,32.64656029770765,-5.317906664681765,-3.641390027015234,188019.80353771066,7.987862403941961,-11.629252430957195,1359126.1307109008,"[0.0, 0.0]","[-3.202008501943836, -5.50078281284565]","[[188019.80353771066, 398434.64524615725], [1359126.1307109008, 462417.2014813358], [1359126.1307109008, 245533.4530226622], [188019.80353771066, 245533.4530226622]]",[0.05125074653369791],19.846976259106746,0.1
306.1927245530901,[2.39089172450631],[3.389755309093117],11115.528755267675,7840.101509153315,[3279.153726951897],22.75071311671161,1.9818561639123415,1e-06,1e-06,1.4647828546921535,1.1684830981378878,32.64656015794088,-5.317906391412507,-3.641369631724899,188019.79682522445,7.98788369066142,-11.629253322386319,1359126.1675831855,"[0.0, 0.0]","[-3.2020087438097375, -5.500783227620459]","[[188019.79682522445, 398434.6626641437], [1359126.1675831855, 462417.22795319965], [1359126.1675831855, 245533.45294532334], [188019.79682522445, 245533.45294532334]]",[0.051250738573142024],19.846976259106746,0.1
306.2927245530901,[2.390890475363392],[3.3897552054212357],11115.528211246155,7840.097269088487,[3279.1536667512423],22.750713132024664,1.9818561639123415,1e-06,1e-06,1.4647828546921535,1.1684831010838164,32.64656001832225,-5.317906134289433,-3.6413657130768797,188019.79060334974,7.987888435584466,-11.629254148661346,1359126.2089328752,"[0.0, 0.0]","[-3.2020089822694384, -5.5007836366765686]","[[188019.79060334974, 398434.6661476237], [1359126.2089328752, 462417.23514836957], [1359126.2089328752, 245533.4526754607], [188019.79060334974, 245533.4526754607]]",[0.05125073466178361],19.84697103355395,0.1
306.39272455309015,[2.390888882710028],[3.3897550857887397],11115.527666416743,7840.0919389454175,[3279.153621752099],22.75071314800899,1.9818561639123415,1e-06,1e-06,1.4647828546921535,1.168483104142352,32.646559879004826,-5.31790586199419,-3.64134539022632,188019.7839138784,7.987909646807736,-11.629255037034056,1359126.2456774896,"[0.0, 0.0]","[-3.202009223297014, -5.500784050013227]","[[188019.7839138784, 398434.683503768], [1359126.2456774896, 462417.2615265023], [1359126.2456774896, 245533.45259796965], [188019.7839138784, 245533.45259796965]]",[0.051250726729137226],19.84697103355395,0.1
306.49272455309017,[2.3908876378055406],[3.38975498246148],11115.52712420289,7840.08771325727,[3279.153561751333],22.75071316326794,1.9818561639123415,1e-06,1e-06,1.4647828546921535,1.168483107077924,32.646559739834515,-5.31790560579134,-3.6413414886233113,188019.77771325584,7.987914371863553,-11.629255860486865,1359126.2868847013,"[0.0, 0.0]","[-3.2020094609345136, -5.5007844576584635]","[[188019.77771325584, 398434.6869722573], [1359126.2868847013, 462417.2686927853], [1359126.2868847013, 245533.45232860185], [188019.77771325584, 245533.45232860185]]",[0.05125072283202692],19.846965825520765,0.1
306.5927245530902,[2.3908860505273117],[3.3897548632271968],11115.526581179816,7840.082401093416,[3279.1535168998453],22.750713179196023,1.9818561639123415,1e-06,1e-06,1.4647828546921535,1.1684831101257527,32.646559600963826,-5.317905334467197,-3.6413212376517095,188019.771046491,7.987935508192379,-11.629256745844089,1359126.3235024624,"[0.0, 0.0]","[-3.2020097011357698, -5.500784869577557]","[[188019.771046491, 398434.7042670415], [1359126.3235024624, 462417.2949779411], [1359126.3235024624, 245533.45225096514], [188019.771046491, 245533.45225096514]]",[0.051250714927025806],19.846965825520765,0.1
306.6927245530902,[2.390884809820903],[3.3897547602434073],11115.52604075946,7840.078189642292,[3279.153457095902],22.75071319440125,1.9818561639123415,1e-06,1e-06,1.4647828546921535,1.1684831130510556,32.646559462239054,-5.317905079181449,-3.641317352843771,188019.76486683436,7.987940213668935,-11.629257566512706,1359126.3645681085,"[0.0, 0.0]","[-3.2020099379625457, -5.50078527583165]","[[188019.76486683436, 398434.707720759], [1359126.3645681085, 462417.30211572384], [1359126.3645681085, 245533.4519820985], [188019.76486683436, 245533.4519820985]]",[0.051250711043980636],19.84696063490402,0.1
306.79272455309024,[2.390883227872872],[3.3897546414053434],11115.525499527337,7840.072895304052,[3279.1534123894585],22.75071321027348,1.9818561639123415,1e-06,1e-06,1.4647828546921535,1.1684831160882665,32.64655932381271,-5.31790480882449,-3.64129717316564,188019.75822249326,7.987961275726434,-11.629258448892074,1359126.4010598464,"[0.0, 0.0]","[-3.2020101773485887, -5.500785686352338]","[[188019.75822249326, 398434.72495468595], [1359126.4010598464, 462417.3283086794], [1359126.4010598464, 245533.4519043291], [188019.75822249326, 245533.4519043291]]",[0.051250703166364285],19.84696063490402,0.1
306.89272455309026,[2.3908819913276322],[3.3897545387627357],11115.52496088388,7840.068697962505,[3279.153352779656],22.750713225425386,1.9818561639123415,1e-06,1e-06,1.4647828546921535,1.1684831190033873,32.64655918553149,-5.317904554451767,-3.6412933048606533,188019.75206354228,7.9879659619502945,-11.629259266810948,1359126.4419848395,"[0.0, 0.0]","[-3.2020104133752554, -5.500786091233485]","[[188019.75206354228, 398434.72839388566], [1359126.4419848395, 462417.335418393], [1359126.4419848395, 245533.45163597615], [188019.75206354228, 245533.45163597615]]",[0.051250699297201247],19.846955461609916,0.1
306.9927245530903,[2.3908804146688283],[3.389754420318904],11115.52442142866,7840.063421310211,[3279.153308216034],22.75071324124218,1.9818561639123415,1e-06,1e-06,1.4647828546921535,1.1684831220300693,32.64655904754744,-5.317904285057244,-3.641273195879137,188019.74544136954,7.987986950367315,-11.629260146246452,1359126.478351385,"[0.0, 0.0]","[-3.2020106519562788, -5.500786500373257]","[[188019.74544136954, 398434.7455674666], [1359126.478351385, 462417.36151993164], [1359126.478351385, 245533.45155809273], [188019.74544136954, 245533.45155809273]]",[0.051250691446717234],19.846955461609916,0.1
307.0927245530903,[2.3908791822516045],[3.3897543180161147],11115.52388454982,7840.059237964016,[3279.1532487980676],22.750713256341168,1.9818561639123415,1e-06,1e-06,1.4647828546921535,1.1684831249350942,32.646558909708006,-5.317904031592653,-3.6412693437407597,188019.7393028899,7.987991617705916,-11.629260961446676,1359126.5191366281,"[0.0, 0.0]","[-3.202010887192466, -5.5007869038980655]","[[188019.7393028899, 398434.7489924389], [1359126.5191366281, 462417.36860205035], [1359126.5191366281, 245533.4512902715], [188019.7393028899, 245533.4512902715]]",[0.05125068759125309],19.84695030555359,0.1
307.19272455309033,[2.39087761084515],[3.3897541999644862],11115.523346858721,7840.05397887242,[3279.1532043754605],22.750713272102942,1.9818561639123415,1e-06,1e-06,1.4647828546921535,1.168483127951335,32.646558772164724,-5.3179037631550585,-3.6412493048591728,188019.73270265808,7.98801253310927,-11.629261837968443,1359126.5553788114,"[0.0, 0.0]","[-3.20201112497764, -5.500787311672723]","[[188019.73270265808, 398434.7661061845], [1359126.5553788114, 462417.39461294864], [1359126.5553788114, 245533.45121229728], [188019.73270265808, 245533.45121229728]]",[0.051250679767659735],19.84695030555359,0.1
307.29272455309035,[2.390876382526453],[3.3897540979994747],11115.522811731556,7840.049809420462,[3279.1531451474857],22.75071328714942,1.9818561639123415,1e-06,1e-06,1.4647828546921535,1.1684831308463492,32.64655863476577,-5.317903510593011,-3.6412454685307125,188019.72658444315,7.988017181946816,-11.629262650477528,1359126.5960251908,"[0.0, 0.0]","[-3.2020113594320265, -5.500787713856085]","[[188019.72658444315, 398434.76951723685], [1359126.5960251908, 462417.4016679642], [1359126.5960251908, 245533.45094503026], [188019.72658444315, 245533.45094503026]]",[0.0512506759257172],19.846945166658575,0.1
307.3927245530904,[2.3908748163393843],[3.389753980337724],11115.522275791851,7840.044567777866,[3279.1531008643883],22.750713302856592,1.9818561639123415,1e-06,1e-06,1.4647828546921535,1.168483133852233,32.64655849766217,-5.317903243106265,-3.6412254991483906,188019.7200059516,7.988038024963771,-11.629263524112162,1359126.6321438244,"[0.0, 0.0]","[-3.2020115964295193, -5.500788120279698]","[[188019.7200059516, 398434.78657165996], [1359126.6321438244, 462417.4275889948], [1359126.6321438244, 245533.45086699203], [188019.7200059516, 245533.45086699203]]",[0.05125066812878272],19.846945166658575,0.1
307.4927245530904,[2.390873592093142],[3.3897538787092736],11115.521742407065,7840.040412130909,[3279.1530418248403],22.750713317850966,1.9818561639123415,1e-06,1e-06,1.4647828546921535,1.1684831367373174,32.64655836070256,-5.317902991440633,-3.6412216782529754,188019.71390782067,7.988042655701179,-11.629264333954154,1359126.6726522024,"[0.0, 0.0]","[-3.2020118301097615, -5.500788521134789]","[[188019.71390782067, 398434.78996911563], [1359126.6726522024, 462417.4346174155], [1359126.6726522024, 245533.45060030496], [188019.71390782067, 245533.45060030496]]",[0.05125066430019028],19.846940044856364,0.1
307.5927245530904,[2.390872031096727],[3.389753761435662],11115.52120820918,7840.035187840365,[3279.1529976801103],22.750713333503956,1.9818561639123415,1e-06,1e-06,1.4647828546921535,1.1684831397329272,32.64655822403779,-5.317902724898172,-3.6412017777853407,188019.707350896,7.988063426939391,-11.629265204724732,1359126.7086480814,"[0.0, 0.0]","[-3.202012066326862, -5.500788926219826]","[[188019.707350896, 398434.80696471495], [1359126.7086480814, 462417.4604493263], [1359126.7086480814, 245533.45052223236], [188019.707350896, 245533.45052223236]]",[0.0512506565296974],19.846940044856364,0.1
307.69272455309044,[2.3908708108999845],[3.389753660141577],11115.520676555703,7840.031045920401,[3279.152938827847],22.750713348446634,1.9818561639123415,1e-06,1e-06,1.4647828546921535,1.1684831426081608,32.64655808751701,-5.317902474122379,-3.6411979719396186,188019.7012726945,7.988068039980476,-11.629266011920095,1359126.7490192924,"[0.0, 0.0]","[-3.2020122992395788, -5.500789325758144]","[[188019.7012726945, 398434.8103489025], [1359126.7490192924, 462417.46745166066], [1359126.7490192924, 245533.45025615365], [188019.7012726945, 245533.45025615365]]",[0.05125065271429237],19.846934940085546,0.1
307.79272455309047,[2.3908692550688326],[3.389753543254502],11115.52014409151,7840.025838896621,[3279.1528948206364],22.750713364045854,1.9818561639123415,1e-06,1e-06,1.4647828546921535,1.1684831455935734,32.64655795129045,-5.317902208517295,-3.6411781398136327,188019.69473718875,7.988088740032538,-11.62926687984617,1359126.7848931884,"[0.0, 0.0]","[-3.2020125346824826, -5.500789729515291]","[[188019.69473718875, 398434.8272861662], [1359126.7848931884, 462417.4931951781], [1359126.7848931884, 245533.45017807806], [188019.69473718875, 245533.45017807806]]",[0.05125064497003683],19.846934940085546,0.1
307.8927245530905,[2.3908680389018415],[3.3897534422935625],11115.519614162373,7840.021710636797,[3279.1528361547826],22.75071337893722,1.9818561639123415,1e-06,1e-06,1.4647828546921535,1.1684831484590315,32.64655781520804,-5.317901958624467,-3.641174348631921,188019.6886787864,7.988093335780263,-11.629267684412184,1359126.8251280359,"[0.0, 0.0]","[-3.2020127668335014, -5.500790127746749]","[[188019.6886787864, 398434.8306574147], [1359126.8251280359, 462417.50017193006], [1359126.8251280359, 245533.44991263782], [188019.6886787864, 245533.44991263782]]",[0.05125064116766601],19.846929852291183,0.1
307.9927245530905,[2.390866488214284],[3.3897533257912413],11115.519083424128,7840.016520807383,[3279.152792284532],22.750713394483064,1.9818561639123415,1e-06,1e-06,1.4647828546921535,1.1684831514343217,32.64655767941957,-5.317901693949608,-3.6411545843006365,188019.6821645765,7.988113965209607,-11.629268549510243,1359126.8608806909,"[0.0, 0.0]","[-3.2020130015075066, -5.500790530185184]","[[188019.6821645765, 398434.8475368086], [1359126.8608806909, 462417.5258277436], [1359126.8608806909, 245533.44983459168], [188019.6821645765, 245533.44983459168]]",[0.051250633449459716],19.846929852291183,0.1
308.09272455309053,[2.3908652760602753],[3.3897532251619884],11115.51855521269,7840.012406151398,[3279.15273380454],22.750713409323506,1.9818561639123415,1e-06,1e-06,1.4647828546921535,1.1684831542900747,32.64655754377543,-5.3179014449326765,-3.641150807398162,188019.6761258654,7.988118544063127,-11.62926935146129,1359126.9009799447,"[0.0, 0.0]","[-3.2020132329015807, -5.500790927118041]","[[188019.6761258654, 398434.850895446], [1359126.9009799447, 462417.5327794091], [1359126.9009799447, 245533.44956982086], [188019.6761258654, 245533.44956982086]]",[0.051250629659979244],19.846924781423922,0.1
308.19272455309056,[2.3908637304976534],[3.389753109042911],11115.51802619441,7840.007233454435,[3279.1526900709446],22.750713424816347,1.9818561639123415,1e-06,1e-06,1.4647828546921535,1.1684831572553114,32.64655740842494,-5.317901181180804,-3.641131110339245,188019.66963285024,7.988139103405501,-11.629270213744746,1359126.9366120687,"[0.0, 0.0]","[-3.202013466811106, -5.5007913282453975]","[[188019.66963285024, 398434.8677174141], [1359126.9366120687, 462417.55834817345], [1359126.9366120687, 245533.4494918369], [188019.66963285024, 245533.4494918369]]",[0.05125062196764903],19.846924781423922,0.1
308.2927245530906,[2.3908625223422484],[3.389753008744157],11115.517499695528,7840.003132354254,[3279.1526317764456],22.750713439606237,1.9818561639123415,1e-06,1e-06,1.4647828546921535,1.1684831601014245,32.646557273219116,-5.317900933032595,-3.6411273473499364,188019.66361374452,7.988143665742257,-11.629271013092193,1359126.9765764598,"[0.0, 0.0]","[-3.2020136974522653, -5.500791723886634]","[[188019.66361374452, 398434.87106375233], [1359126.9765764598, 462417.5652752208], [1359126.9765764598, 245533.4492277666], [188019.66361374452, 245533.4492277666]]",[0.05125061819092843],19.846919727439257,0.1
308.3927245530906,[2.3908609818882636],[3.3897528930070027],11115.51697239257,7839.9979767360755,[3279.152588179414],22.75071345504644,1.9818561639123415,1e-06,1e-06,1.4647828546921535,1.1684831630566732,32.64655713830683,-5.317900670196392,-3.641107717067257,188019.6571418439,7.9881641555043075,-11.629271872571564,1359127.0120887284,"[0.0, 0.0]","[-3.2020139306009208, -5.5007921237090756]","[[188019.6571418439, 398434.887828716], [1359127.0120887284, 462417.59075755294], [1359127.0120887284, 245533.4491498772], [188019.6571418439, 245533.4491498772]]",[0.05125061052431594],19.846919727439257,0.1
308.4927245530906,[2.390859777719507],[3.3897527930376423],11115.516447602424,7839.993889152358,[3279.152530070351],22.750713469786128,1.9818561639123415,1e-06,1e-06,1.4647828546921535,1.1684831658932093,32.64655700353961,-5.317900422909764,-3.6411039676385144,188019.6511422764,7.988168701685879,-11.629272669324394,1359127.0519189504,"[0.0, 0.0]","[-3.2020141604923698, -5.500792518064178]","[[188019.6511422764, 398434.8911630549], [1359127.0519189504, 462417.5976604298], [1359127.0519189504, 245533.44888653795], [188019.6511422764, 245533.44888653795]]",[0.0512506067602358],19.84691469029674,0.1
308.59272455309065,[2.3908582423608684],[3.3897526776812823],11115.515922011467,7839.988750569644,[3279.1524866099953],22.75071348517404,1.9818561639123415,1e-06,1e-06,1.4647828546921535,1.168483168838529,32.64655686906582,-5.317900160981995,-3.641084403667776,188019.64469142817,7.988189122340259,-11.629273526008035,1359127.0873120083,"[0.0, 0.0]","[-3.2020143928830405, -5.500792916586744]","[[188019.64469142817, 398434.90787140804], [1359127.0873120083, 462417.62305690406], [1359127.0873120083, 245533.4488087746], [188019.64469142817, 245533.4488087746]]",[0.051250599119197694],19.84691469029674,0.1
308.69272455309067,[2.3908570421689017],[3.3897525780398903],11115.515398925527,7839.984676470162,[3279.1524286864105],22.750713499863842,1.9818561639123415,1e-06,1e-06,1.4647828546921535,1.1684831716655444,32.646556734737544,-5.31789991454986,-3.641080667465701,188019.63871134803,7.988193652707253,-11.629274320172954,1359127.1270087147,"[0.0, 0.0]","[-3.202014622027279, -5.500793309660052]","[[188019.63871134803, 398434.9111940311], [1359127.1270087147, 462417.6299360297], [1359127.1270087147, 245533.4485461958], [188019.63871134803, 245533.4485461958]]",[0.05125059536764996],19.846909669959146,0.1
308.7927245530907,[2.3908555118941046],[3.3897524630630778],11115.51487504325,7839.979554885727,[3279.1523853629574],22.750713515199784,1.9818561639123415,1e-06,1e-06,1.4647828546921535,1.1684831746009912,32.64655660070281,-5.317899653523424,-3.6410611693748365,188019.63228150617,7.988214004692111,-11.629275174066947,1359127.1622831642,"[0.0, 0.0]","[-3.2020148536621673, -5.500793706886526]","[[188019.63228150617, 398434.9278461401], [1359127.1622831642, 462417.6552471791], [1359127.1622831642, 245533.4484685886], [188019.63228150617, 245533.4484685886]]",[0.051250587752057326],19.846909669959146,0.1
308.8927245530907,[2.3908543156704285],[3.3897523637491154],11115.514353660514,7839.975494243143,[3279.1523276250755],22.750713529840034,1.9818561639123415,1e-06,1e-06,1.4647828546921535,1.1684831774185376,32.64655646681399,-5.317899407938901,-3.6410574460959992,188019.62632087836,7.988218519552561,-11.62927596564856,1359127.2018469737,"[0.0, 0.0]","[-3.202015082061113, -5.500794098681382]","[[188019.62632087836, 398434.9311573045], [1359127.2018469737, 462417.66210293217], [1359127.2018469737, 245533.44820679817], [188019.62632087836, 245533.44820679817]]",[0.05125058401294781],19.84690466639176,0.1
308.99272455309074,[2.3908527904696184],[3.3897522491511833],11115.513831486147,7839.970389625671,[3279.152284438943],22.750713545124302,1.9818561639123415,1e-06,1e-06,1.4647828546921535,1.168483180344162,32.646556333218655,-5.317899147806916,-3.6410380134835236,188019.61991201076,7.988238803273703,-11.629276816757226,1359127.2370033893,"[0.0, 0.0]","[-3.202015312941872, -5.500794494614633]","[[188019.61991201076, 398434.94775350956], [1359127.2370033893, 462417.6873292483], [1359127.2370033893, 245533.44812937538], [188019.61991201076, 245533.44812937538]]",[0.05125057642268484],19.84690466639176,0.1
309.09272455309076,[2.390851598207458],[3.389752150163564],11115.51331180412,7839.96634241852,[3279.1522268870804],22.75071355971527,1.9818561639123415,1e-06,1e-06,1.4647828546921535,1.168483183152288,32.64655619976992,-5.317898903063306,-3.641034302844389,188019.6139708116,7.98824330291427,-11.62927760575866,1359127.2764348832,"[0.0, 0.0]","[-3.202015540596847, -5.500794885133311]","[[188019.6139708116, 398434.9510534557], [1359127.2764348832, 462417.69416198175], [1359127.2764348832, 245533.44786839932], [188019.6139708116, 245533.44786839932]]",[0.051250572695928934],19.846899679561645,0.1
309.1927245530908,[2.3908500780724347],[3.3897520359434896],11115.512791335781,7839.961254742155,[3279.152183838702],22.75071357494817,1.9818561639123415,1e-06,1e-06,1.4647828546921535,1.1684831860681357,32.64655606661461,-5.317898643819098,-3.641014935342241,188019.60758289712,7.988263518742542,-11.629278454084783,1359127.311473798,"[0.0, 0.0]","[-3.202015770724621, -5.5007952797753275]","[[188019.60758289712, 398434.9675940683], [1359127.311473798, 462417.7193039139], [1359127.311473798, 245533.4477911869], [188019.60758289712, 245533.4477911869]]",[0.051250565130892614],19.846899679561645,0.1
309.2927245530908,[2.3908488897660782],[3.3897519372816576],11115.512273354141,7839.957220952767,[3279.1521264733015],22.750713589490125,1.9818561639123415,1e-06,1e-06,1.4647828546921535,1.168483188866884,32.64655593360652,-5.3178983999100105,-3.6410112370933803,188019.6016611139,7.988268003414419,-11.629279240507799,1359127.3507735217,"[0.0, 0.0]","[-3.2020159976365568, -5.50079566901944]","[[188019.6016611139, 398434.9708830069], [1359127.3507735217, 462417.7261139358], [1359127.3507735217, 245533.44753104885], [188019.6016611139, 245533.44753104885]]",[0.051250561416418726],19.846894709436963,0.1
309.39272455309083,[2.390847374689308],[3.3897518234387585],11115.511754591385,7839.952150194069,[3279.1520835632073],22.750713604671905,1.9818561639123415,1e-06,1e-06,1.4647828546921535,1.1684831917729979,32.64655580089186,-5.3178981415472375,-3.640991934363342,188019.59529414066,7.988288151689574,-11.629280086052916,1359127.385695437,"[0.0, 0.0]","[-3.202016227012016, -5.500796062371453]","[[188019.59529414066, 398434.9873683134], [1359127.385695437, 462417.7511718952], [1359127.385695437, 245533.44745407044], [188019.59529414066, 245533.44745407044]]",[0.05125055387651709],19.846894709436963,0.1
309.49272455309085,[2.390846190334018],[3.3897517251021765],11115.511238309851,7839.948129807948,[3279.152026384705],22.750713619165094,1.9818561639123415,1e-06,1e-06,1.4647828546921535,1.1684831945624077,32.646555668324936,-5.31789789846656,-3.640988248280337,188019.58939176775,7.988292621617916,-11.629280869898253,1359127.4248639036,"[0.0, 0.0]","[-3.202016453181423, -5.50079645034193]","[[188019.58939176775, 398434.9906464345], [1359127.4248639036, 462417.7579594827], [1359127.4248639036, 245533.44719479172], [188019.58939176775, 245533.44719479172]]",[0.05125055017426261],19.846889755986417,0.1
309.5927245530909,[2.390844680308808],[3.3897516116358184],11115.510721252569,7839.943075946353,[3279.1519836134753],22.750713634296,1.9818561639123415,1e-06,1e-06,1.4647828546921535,1.1684831974588252,32.64655553605155,-5.317897640979221,-3.6409690100193757,188019.5830457313,7.988312702643611,-11.629281712662987,1359127.4596692887,"[0.0, 0.0]","[-3.2020166818050595, -5.5007968424046805]","[[188019.5830457313, 398435.0070766908], [1359127.4596692887, 462417.7829338365], [1359127.4596692887, 245533.4471180683], [188019.5830457313, 245533.4471180683]]",[0.05125054265941551],19.846889755986417,0.1
309.6927245530909,[2.390843499900267],[3.389751513624442],11115.510206672689,7839.9390689505335,[3279.1519266223713],22.75071364874066,1.9818561639123415,1e-06,1e-06,1.4647828546921535,1.1684832002389327,32.6465554039263,-5.317897398721209,-3.640965335907879,188019.57716276927,7.98831715802271,-11.629282493930589,1359127.498706982,"[0.0, 0.0]","[-3.2020169072322204, -5.5007972291019795]","[[188019.57716276927, 398435.01034415874], [1359127.498706982, 462417.78969922935], [1359127.498706982, 245533.44685966737], [188019.57716276927, 245533.44685966737]]",[0.05125053896932775],19.846884819178573,0.1
309.7927245530909,[2.3908419949204736],[3.3897514005340548],11115.509691320935,7839.934031967255,[3279.151883990575],22.750713663820914,1.9818561639123415,1e-06,1e-06,1.4647828546921535,1.1684832031256887,32.6465552720947,-5.317897142103612,-3.6409461618347336,188019.57083766902,7.988337172080207,-11.629283333914941,1359127.5333962794,"[0.0, 0.0]","[-3.202017135104122, -5.500797619875735]","[[188019.57083766902, 398435.0267196021], [1359127.5333962794, 462417.8145903174], [1359127.5333962794, 245533.4467832173], [188019.57083766902, 245533.4467832173]]",[0.05125053147946212],19.846884819178573,0.1
309.89272455309094,[2.3908408184547083],[3.389751302847007],11115.509178441382,7839.930038349798,[3279.151827187326],22.75071367821725,1.9818561639123415,1e-06,1e-06,1.4647828546921535,1.1684832058965258,32.64655514041175,-5.3178969006628805,-3.6409424995311497,188019.5649741223,7.988341613073089,-11.629284112604239,1359127.5723036523,"[0.0, 0.0]","[-3.2020173597890538, -5.500798005299956]","[[188019.5649741223, 398435.0299765548], [1359127.5723036523, 462417.8213337167], [1359127.5723036523, 245533.44652570997], [188019.5649741223, 245533.44652570997]]",[0.051250527801497796],19.846879898981594,0.1
309.99272455309097,[2.390839318514297],[3.389751190132256],11115.508664796094,7839.925018226479,[3279.1517846955626],22.750713693247054,1.9818561639123415,1e-06,1e-06,1.4647828546921535,1.1684832087736516,32.64655500902245,-5.317896644909743,-3.640923389398381,188019.55866996147,7.988361560409487,-11.629284949807868,1359127.6068772748,"[0.0, 0.0]","[-3.2020175869092027, -5.500798394784686]","[[188019.55866996147, 398435.04629739485], [1359127.6068772748, 462417.8461418383], [1359127.6068772748, 245533.4464495489], [188019.55866996147, 245533.4464495489]]",[0.051250520336550226],19.846879898981594,0.1
310.092724553091,[2.39083814598724],[3.389751092769179],11115.508153617257,7839.921037975148,[3279.1517280806297],22.750713707595263,1.9818561639123415,1e-06,1e-06,1.4647828546921535,1.1684832115352475,32.646554877782194,-5.317896404281265,-3.640919738765149,188019.5528258366,7.988365987152747,-11.629285725917896,1359127.6456547575,"[0.0, 0.0]","[-3.2020178108518356, -5.500798778935657]","[[188019.5528258366, 398435.04954394826], [1359127.6456547575, 462417.8528634142], [1359127.6456547575, 245533.44619294812], [188019.5528258366, 245533.44619294812]]",[0.05125051667067332],19.846874995362608,0.1
310.192724553091,[2.3908366510801766],[3.3897509804298664],11115.507641679551,7839.916034693242,[3279.15168572942],22.750713722574815,1.9818561639123415,1e-06,1e-06,1.4647828546921535,1.168483214402772,32.64655474683548,-5.317896149387652,-3.6409006923409493,188019.54654261828,7.988385867999398,-11.629286560340347,1359127.6801130942,"[0.0, 0.0]","[-3.202018037220144, -5.5007991671311975]","[[188019.54654261828, 398435.06581038056], [1359127.6801130942, 462417.87758884986], [1359127.6801130942, 245533.44611708896], [188019.54654261828, 245533.44611708896]]",[0.05125050923058462],19.846874995362608,0.15000000000000002
310.342724553091,[2.390834747967501],[3.389750831833466],11115.50687846421,7839.909599470412,[3279.1516043236716],22.750713744708833,1.9818561639123415,1e-06,1e-06,1.4647828546921535,1.1684832186744885,32.6465545507798,-5.317895780792536,-3.6408890620206193,188019.5374050196,7.988398711808998,-11.629287773829617,1359127.7376603317,"[0.0, 0.0]","[-3.202018381895877, -5.500799756544105]","[[188019.5374050196, 398435.07589026133], [1359127.7376603317, 462417.894945502], [1359127.7376603317, 245533.44578770016], [188019.5374050196, 245533.44578770016]]",[0.05125050213190123],19.846868935609848,0.22500000000000003
310.567724553091,[2.3908319161681852],[3.38975059504171],11115.50573107182,7839.900051959392,[3279.1514949007765],22.75071377924536,1.9818561639123415,1e-06,1e-06,1.4647828546921535,1.1684832253109376,32.646554259262246,-5.317895198778748,-3.640859234878576,188019.52359541447,7.9884303728910595,-11.629289607769635,1359127.8155036552,"[0.0, 0.0]","[-3.2020189049817445, -5.5008006504809295]","[[188019.52359541447, 398435.1014740429], [1359127.8155036552, 462417.93527015264], [1359127.8155036552, 245533.44579287816], [188019.52359541447, 245533.44579287816]]",[0.0512504886137151],19.846863519109124,0.3375
310.905224553091,[2.390827282161013],[3.3897502490722853],11115.504036024986,7839.8844609783755,[3279.151329531461],22.750713831840976,1.9818561639123415,1e-06,1e-06,1.4647828546921535,1.1684832354370953,32.646553827323544,-5.317894317022101,-3.640811583060099,188019.50222692703,7.988480862482788,-11.629292445542887,1359127.9402633621,"[0.0, 0.0]","[-3.2020197039822182, -5.500802013697002]","[[188019.50222692703, 398435.14232741954], [1359127.9402633621, 462417.99952800124], [1359127.9402633621, 245533.44544894257], [188019.50222692703, 245533.44544894257]]",[0.051250467281119226],19.846855465855686,0.5
311.405224553091,[2.390820648223148],[3.3897497463959487],11115.501547419724,7839.86211465395,[3279.1510816507775],22.750713912277604,1.9818561639123415,1e-06,1e-06,1.4647828546921535,1.1684832508945484,32.64655319529891,-5.317892961729113,-3.6407395913901723,188019.47038654087,7.98855708261317,-11.629296674003342,1359128.1193573468,"[0.0, 0.0]","[-3.202020909953231, -5.5008040700019665]","[[188019.47038654087, 398435.2040358129], [1359128.1193573468, 462418.09625886026], [1359128.1193573468, 245533.44512170364], [188019.47038654087, 245533.44512170364]]",[0.05125043535190878],19.846843543932728,0.5
311.905224553091,[2.3908144842317234],[3.389749228719527],11115.499084374871,7839.841362078163,[3279.1508558211945],22.750713988631382,1.9818561639123415,1e-06,1e-06,1.4647828546921535,1.1684832653386101,32.646552574139605,-5.31789162314889,-3.640682315628169,188019.44196282676,7.988618133095883,-11.629300448724052,1359128.291606711,"[0.0, 0.0]","[-3.202022001197875, -5.500805944174507]","[[188019.44196282676, 398435.2532161183], [1359128.291606711, 462418.1747483175], [1359128.291606711, 245533.44473765185], [188019.44196282676, 245533.44473765185]]",[0.051250408343571474],19.846831918599076,0.5
312.405224553091,[2.3908084520764303],[3.3897487096249685],11115.49666572189,7839.821076405235,[3279.150644459328],22.750714061170843,1.9818561639123415,1e-06,1e-06,1.4647828546921535,1.1684832789904651,32.64655195841459,-5.3178903355736145,-3.640629007827613,188019.41506735413,7.988675012664373,-11.629304020491986,1359128.4634523606,"[0.0, 0.0]","[-3.2020230130152236, -5.500807682559784]","[[188019.41506735413, 398435.2990015355], [1359128.4634523606, 462418.24820269115], [1359128.4634523606, 245533.44407449148], [188019.41506735413, 245533.44407449148]]",[0.05125038287822974],19.84682035537308,0.5
312.905224553091,[2.3908024053426638],[3.389748200594099],11115.494285006711,7839.8007464120965,[3279.1504345539797],22.75071413094212,1.9818561639123415,1e-06,1e-06,1.4647828546921535,1.1684832921619743,32.64655134289001,-5.317889106511211,-3.640577145754264,188019.38840440277,7.988730415626833,-11.629307561381097,1359128.635905583,"[0.0, 0.0]","[-3.202024000930667, -5.5008093781041]","[[188019.38840440277, 398435.3435590238], [1359128.635905583, 462418.3199233307], [1359128.635905583, 245533.44317389975], [188019.38840440277, 245533.44317389975]]",[0.05125035783885862],19.846808713609818,0.5
313.405224553091,[2.390796280638381],[3.3897477032918353],11115.491921692277,7839.780145891272,[3279.1502184359783],22.750714199409202,1.9818561639123415,1e-06,1e-06,1.4647828546921535,1.1684833051722685,32.646550725874874,-5.317887919832581,-3.6405249697974114,188019.36127496063,7.988786194423938,-11.629311164221349,1359128.8076735127,"[0.0, 0.0]","[-3.202025000854467, -5.500811092503246]","[[188019.36127496063, 398435.38839465263], [1359128.8076735127, 462418.39211123367], [1359128.8076735127, 245533.44218624537], [188019.36127496063, 245533.44218624537]]",[0.05125033255296242],19.846797176582147,0.5
313.905224553091,[2.3907900990571416],[3.3897472139281954],11115.489560596812,7839.759342069572,[3279.1499952929144],22.750714266865945,1.9818561639123415,1e-06,1e-06,1.4647828546921535,1.1684833180615493,32.64655010800516,-5.317886766897524,-3.640473955525067,188019.33376697474,7.988840861808285,-11.629314817333352,1359128.9783558918,"[0.0, 0.0]","[-3.2020260144717607, -5.5008128304100365]","[[188019.33376697474, 398435.43225929444], [1359128.9783558918, 462418.4630087313], [1359128.9783558918, 245533.44113338715], [188019.33376697474, 245533.44113338715]]",[0.05125030741116022],19.84678561742972,0.5
314.405224553091,[2.390783896610339],[3.3897467294939845],11115.487196174006,7839.738456081718,[3279.1497663995997],22.750714333983105,1.9818561639123415,1e-06,1e-06,1.4647828546921535,1.1684833309435811,32.64654949070973,-5.3178856329071404,-3.640422705261642,188019.30585781534,7.988895818460833,-11.629318523722475,1359129.1476419717,"[0.0, 0.0]","[-3.202027044373959, -5.500814595923001]","[[188019.30585781534, 398435.4763344536], [1359129.1476419717, 462418.534247981], [1359129.1476419717, 245533.44009667667], [188019.30585781534, 245533.44009667667]]",[0.05125028207640507],19.846774185933356,0.5
314.905224553091,[2.3907777045908034],[3.3897462475246023],11115.484830436504,7839.717597661271,[3279.149534733965],22.750714400587768,1.9818561639123415,1e-06,1e-06,1.4647828546921535,1.168483343757737,32.64654887565882,-5.317884514536493,-3.6403722829215894,188019.2778495607,7.988949960350396,-11.629322243271986,1359129.315959889,"[0.0, 0.0]","[-3.2020280796167406, -5.500816371205684]","[[188019.2778495607, 398435.5197128608], [1359129.315959889, 462418.60451963916], [1359129.315959889, 245533.4390656957], [188019.2778495607, 245533.4390656957]]",[0.05125025691328969],19.846762753713772,0.5
315.405224553091,[2.3907715382577677],[3.3897457678050436],11115.482468432896,7839.69682090358,[3279.1493019933723],22.75071446708186,1.9818561639123415,1e-06,1e-06,1.4647828546921535,1.168483356571076,32.646548264389935,-5.3178834026515585,-3.640321257635037,188019.24974208695,7.98900471836339,-11.629325975998427,1359129.4831717748,"[0.0, 0.0]","[-3.202029120115663, -5.500818155314294]","[[188019.24974208695, 398435.56360344164], [1359129.4831717748, 462418.6754933744], [1359129.4831717748, 245533.43810027555], [188019.24974208695, 245533.43810027555]]",[0.05125023158326024],19.84675147505806,0.5
315.905224553091,[2.390765412793648],[3.3897452899384475],11115.480116310518,7839.676180847575,[3279.149070375243],22.75071453314091,1.9818561639123415,1e-06,1e-06,1.4647828546921535,1.1684833693021117,32.64654765823997,-5.317882298382523,-3.640270866800165,188019.22180187143,7.989058819712909,-11.629329686513074,1359129.6495725734,"[0.0, 0.0]","[-3.2020301556465776, -5.500819931500821]","[[188019.22180187143, 398435.6069533403], [1359129.6495725734, 462418.745662593], [1359129.6495725734, 245533.43716965432], [188019.22180187143, 245533.43716965432]]",[0.05125020648016276],19.846740220771082,0.5
316.405224553091,[2.390759334830924],[3.3897448148513956],11115.477779329201,7839.655700808855,[3279.1488405349173],22.75071459906631,1.9818561639123415,1e-06,1e-06,1.4647828546921535,1.168483382007366,32.64654705814087,-5.317881196305525,-3.640219860592083,188019.1939750087,7.989113521382592,-11.629333381974675,1359129.8148536205,"[0.0, 0.0]","[-3.2020311879965786, -5.5008217019724155]","[[188019.1939750087, 398435.65082001244], [1359129.8148536205, 462418.81649450364], [1359129.8148536205, 245533.4363154812], [188019.1939750087, 245533.4363154812]]",[0.05125018128994583],19.84672914005032,0.5
316.905224553091,[2.3907533137848094],[3.389744342621272],11115.475462017728,7839.635414676377,[3279.148613733562],22.750714664475243,1.9818561639123415,1e-06,1e-06,1.4647828546921535,1.1684833946015274,32.64654646473332,-5.317880100223768,-3.640169592348286,188019.16647398353,7.989167441816562,-11.629337034164848,1359129.97919544,"[0.0, 0.0]","[-3.20203220892313, -5.500823453372689]","[[188019.16647398353, 398435.6940541453], [1359129.97919544, 462418.88635765755], [1359129.97919544, 245533.43549348557], [188019.16647398353, 245533.43549348557]]",[0.051250156414620864],19.84671809744637,0.5
317.405224553091,[2.3907473510709174],[3.3897438742652906],11115.473167239581,7839.6153267590835,[3279.148389831902],22.75071472963685,1.9818561639123415,1e-06,1e-06,1.4647828546921535,1.1684834071410528,32.64654587826095,-5.317879006658265,-3.64011887976568,188019.13919370086,7.989221777274679,-11.629340657040359,1359130.14224216,"[0.0, 0.0]","[-3.2020332221397534, -5.500825191217468]","[[188019.13919370086, 398435.73765756737], [1359130.14224216, 462418.95665201807], [1359130.14224216, 245533.4347359317], [188019.13919370086, 245533.4347359317]]",[0.05125013153695873],19.846707234164178,0.5
317.905224553091,[2.3907414511431524],[3.389743409770992],11115.470897038835,7839.595453132374,[3279.14816944501],22.750714794165795,1.9818561639123415,1e-06,1e-06,1.4647828546921535,1.1684834195449345,32.64654529877811,-5.3178779205479065,-3.6400690800114717,188019.11229930253,7.989275148658635,-11.629344228670107,1359130.3041652027,"[0.0, 0.0]","[-3.2020342212241713, -5.500826905269885]","[[188019.11229930253, 398435.7804790433], [1359130.3041652027, 462419.02575335844], [1359130.3041652027, 245533.43399394205], [188019.11229930253, 245533.43399394205]]",[0.051250107041617414],19.8466964104746,0.5
318.405224553091,[2.390735611186981],[3.389742949939485],11115.468651984036,7839.575783115117,[3279.1479519656423],22.750714858338835,1.9818561639123415,1e-06,1e-06,1.4647828546921535,1.168483431874328,32.646544726072875,-5.3178768390221425,-3.640019013085066,188019.085649664,7.989328754710584,-11.62934776779565,1359130.4646369019,"[0.0, 0.0]","[-3.2020352113055175, -5.500828603496728]","[[188019.085649664, 398435.82351945614], [1359130.4646369019, 462419.0950687406], [1359130.4646369019, 245533.4332976062], [188019.085649664, 245533.4332976062]]",[0.05125008259753782],19.846685761209507,0.5
318.905224553091,[2.3907298323380575],[3.389742494530766],11115.466432225736,7839.556321092445,[3279.147737670387],22.750714921796927,1.9818561639123415,1e-06,1e-06,1.4647828546921535,1.1684834440555274,32.64654415988866,-5.317875767088642,-3.6399699872566202,188019.05937876226,7.989381269367982,-11.629351256624602,1359130.623861077,"[0.0, 0.0]","[-3.2020361872224603, -5.500830277820717]","[[188019.05937876226, 398435.8656697481], [1359130.623861077, 462419.1630397872], [1359130.623861077, 245533.43259941385], [188019.05937876226, 245533.43259941385]]",[0.051250058565200526],19.846675146109135,0.5
319.405224553091,[2.3907241096046845],[3.389742044092663],11115.464236911223,7839.537048827384,[3279.1475257777365],22.750714984837934,1.9818561639123415,1e-06,1e-06,1.4647828546921535,1.168483456154613,32.64654359983791,-5.317874701718545,-3.639920806513885,188019.03332885832,7.989433909591014,-11.6293547161049,1359130.7815586526,"[0.0, 0.0]","[-3.202037154812654, -5.50083193745441]","[[188019.03332885832, 398435.9079447914], [1359130.7815586526, 462419.2310976987], [1359130.7815586526, 245533.43193119374], [188019.03332885832, 245533.43193119374]]",[0.05125003460262348],19.846664696064256,0.5
319.905224553091,[2.3907184428652446],[3.3897415981857213],11115.462065239077,7839.5179663721665,[3279.147316476384],22.75071504713455,1.9818561639123415,1e-06,1e-06,1.4647828546921535,1.1684834681043632,32.64654304559821,-5.317873647470533,-3.639872717922003,188019.00762010986,7.989485412357453,-11.629358130279456,1359130.9379690457,"[0.0, 0.0]","[-3.2020381095225594, -5.500833575358093]","[[188019.00762010986, 398435.94928762317], [1359130.9379690457, 462419.2977600466], [1359130.9379690457, 245533.4312494147], [188019.00762010986, 245533.4312494147]]",[0.051250011049875595],19.84665427317332,0.5
320.405224553091,[2.3907128267943922],[3.3897411571780185],11115.45991584995,7839.49905445415,[3279.147109009244],22.750715109001913,1.9818561639123415,1e-06,1e-06,1.4647828546921535,1.1684834799736425,32.64654249680416,-5.317872600900662,-3.639824515007888,188018.98209388833,7.989537005206557,-11.629361520214445,1359131.0928539112,"[0.0, 0.0]","[-3.202039057291928, -5.500835200947898]","[[188018.98209388833, 398435.9907219778], [1359131.0928539112, 462419.3644715162], [1359131.0928539112, 245533.4305887073], [188018.98209388833, 245533.4305887073]]",[0.05124998756158716],19.84664400620979,0.5
320.905224553091,[2.390707261469117],[3.389740720519793],11115.457787775502,7839.480313914226,[3279.1469036224767],22.750715170137,1.9818561639123415,1e-06,1e-06,1.4647828546921535,1.168483491699328,32.646541953207986,-5.317871566028021,-3.639777392890153,188018.9568687945,7.989587477269197,-11.62936487015935,1359131.246474688,"[0.0, 0.0]","[-3.202039993683439, -5.500836807375124]","[[188018.9568687945, 398436.03123482515], [1359131.246474688, 462419.42981137044], [1359131.246474688, 245533.42990961947], [188018.9568687945, 245533.42990961947]]",[0.05124996446456518],19.846633760997598,0.5
321.405224553091,[2.390701742269921],[3.3897402884962315],11115.45567976356,7839.46172806164,[3279.146699670799],22.75071523086187,1.9818561639123415,1e-06,1e-06,1.4647828546921535,1.1684835033505838,32.64654141455355,-5.31787053905729,-3.639730148545425,188018.9317938991,7.9896380516125305,-11.629368200157955,1359131.3986162755,"[0.0, 0.0]","[-3.2020409243851153, -5.500838403646262]","[[188018.9317938991, 398436.0718467712], [1359131.3986162755, 462419.4952189073], [1359131.3986162755, 245533.4292488991], [188018.9317938991, 245533.4292488991]]",[0.05124994141693499],19.846623665060484,0.5
321.905224553091,[2.3906962700975685],[3.38973986053103],11115.45359110715,7839.443300684292,[3279.146497503152],22.750715290886962,1.9818561639123415,1e-06,1e-06,1.4647828546921535,1.1684835148661183,32.646540880707676,-5.31786952360555,-3.639683941262433,188018.90699182908,7.989687552662701,-11.629371493925134,1359131.5495458585,"[0.0, 0.0]","[-3.2020418448309393, -5.500839982680555]","[[188018.90699182908, 398436.1115749463], [1359131.5495458585, 462419.55931441707], [1359131.5495458585, 245533.4285700083], [188018.90699182908, 245533.4285700083]]",[0.05124991873846578],19.84661358806441,0.5
322.405224553091,[2.390690841307801],[3.3897394369003964],11115.45152091699,7839.425018566095,[3279.146296589995],22.750715350531667,1.9818561639123415,1e-06,1e-06,1.4647828546921535,1.168483526313661,32.64654035152563,-5.3178685157134336,-3.6396375841741246,188018.88232149786,7.989737186023319,-11.629374770197444,1359131.6990559606,"[0.0, 0.0]","[-3.2020427603485735, -5.50084155288196]","[[188018.88232149786, 398436.15142603306], [1359131.6990559606, 462419.6235160177], [1359131.6990559606, 245533.4279105176], [188018.88232149786, 245533.4279105176]]",[0.051249896094845565],19.84660365638351,0.5
322.905224553091,[2.3906854576207714],[3.3897390170531603],11115.449468854356,7839.406888383435,[3279.1460973645912],22.750715409511503,1.9818561639123415,1e-06,1e-06,1.4647828546921535,1.168483537632362,32.64653982696609,-5.317867518789885,-3.6395922144594692,188018.85790997688,7.9897857976400815,-11.62937801209955,1359131.8474079315,"[0.0, 0.0]","[-3.202043666202603, -5.500843106866039]","[[188018.85790997688, 398436.1904357184], [1359131.8474079315, 462419.6864685853], [1359131.8474079315, 245533.4272354264], [188018.85790997688, 245533.4272354264]]",[0.051249873802389566],19.846593742977262,0.5
323.405224553091,[2.3906801161653073],[3.389738601292208],11115.447434382912,7839.388899642523,[3279.1458993757137],22.750715468137553,1.9818561639123415,1e-06,1e-06,1.4647828546921535,1.1684835488877907,32.6465393069559,-5.31786652888728,-3.6395466688077818,188018.83362429764,7.989834568482195,-11.629381237289977,1359131.9943928786,"[0.0, 0.0]","[-3.202044567408232, -5.500844652512197]","[[188018.83362429764, 398436.22959055763], [1359131.9943928786, 462419.7495606117], [1359131.9943928786, 245533.4265819959], [188018.83362429764, 245533.4265819959]]",[0.051249851535561886],19.84658397277248,0.5
323.905224553091,[2.3906748191710485],[3.389738189110257],11115.445417450535,7839.3710607910525,[3279.14570309872],22.750715526126218,1.9818561639123415,1e-06,1e-06,1.4647828546921535,1.1684835600190753,32.64653879150097,-5.31786554935584,-3.63950207001011,188018.8095937761,7.989882358585021,-11.62938442859513,1359132.1402613036,"[0.0, 0.0]","[-3.2020454591321865, -5.5008461822543815]","[[188018.8095937761, 398436.2679383313], [1359132.1402613036, 462419.81145295675], [1359132.1402613036, 245533.42591576691], [188018.8095937761, 245533.42591576691]]",[0.0512498296082744],19.846574221333743,0.5
324.405224553091,[2.3906695641805626],[3.389737780841182],11115.44341773954,7839.353362774498,[3279.1455081169083],22.750715583778693,1.9818561639123415,1e-06,1e-06,1.4647828546921535,1.168483571089663,32.64653828055481,-5.317864576364522,-3.6394572803471306,188018.7856905846,7.989930322643886,-11.629387602991017,1359132.284800356,"[0.0, 0.0]","[-3.2020463461836415, -5.500847703628217]","[[188018.7856905846, 398436.30644383025], [1359132.284800356, 462419.8735027932], [1359132.284800356, 245533.42527304386], [188018.7856905846, 245533.42527304386]]",[0.05124980770312968],19.846564611768603,0.5
324.905224553091,[2.3906643535872893],[3.3897373760159017],11115.441435335293,7839.335814586291,[3279.145314909242],22.750715640811613,1.9818561639123415,1e-06,1e-06,1.4647828546921535,1.1684835820388109,32.64653777413105,-5.317863613278202,-3.639413410357463,188018.76204362742,7.98997733300115,-11.629390743358613,1359132.428249701,"[0.0, 0.0]","[-3.202047223730627, -5.500849209056551]","[[188018.76204362742, 398436.3441651983], [1359132.428249701, 462419.9343851367], [1359132.428249701, 245533.42461944875], [188018.76204362742, 245533.42461944875]]",[0.05124978613111238],19.84655502172483,0.5
325.405224553091,[2.3906591850400734],[3.389736974989079],11115.439470000105,7839.318407528752,[3279.1451230625103],22.75071569751729,1.9818561639123415,1e-06,1e-06,1.4647828546921535,1.168483592928245,32.64653727217882,-5.317862656413865,-3.639369346481317,188018.73852769664,7.990024519844667,-11.629393866325984,1359132.5703940487,"[0.0, 0.0]","[-3.202048096473156, -5.5008507058972596]","[[188018.73852769664, 398436.38204674155], [1359132.5703940487, 462419.99542818917], [1359132.5703940487, 245533.42399015033], [188018.73852769664, 245533.42399015033]]",[0.051249764581623045],19.84654557222893,0.5
325.905224553091,[2.390654060857037],[3.3897365773157393],11115.437521834063,7839.301150302956,[3279.1449330366972],22.750715753613896,1.9818561639123415,1e-06,1e-06,1.4647828546921535,1.1684836036977446,32.646536774698006,-5.317861709160857,-3.639326185765924,188018.7152693823,7.990070769315707,-11.629396955081631,1359132.711464761,"[0.0, 0.0]","[-3.2020489596568917, -5.500852186693749]","[[188018.7152693823, 398436.41915806703], [1359132.711464761, 462420.0553231148], [1359132.711464761, 245533.42335081275], [188018.7152693823, 245533.42335081275]]",[0.0512497433616508],19.846536142745876,0.5
326.405224553091,[2.3906489786217113],[3.3897361833551947],11115.435590580455,7839.284033972891,[3279.1447444084824],22.750715809386783,1.9818561639123415,1e-06,1e-06,1.4647828546921535,1.168483614407757,32.64653628162017,-5.317860767967995,-3.639282836091411,188018.69214469517,7.990117190000092,-11.629400026091503,1359132.8512470596,"[0.0, 0.0]","[-3.2020498179301997, -5.500853658725658]","[[188018.69214469517, 398436.45642533246], [1359132.8512470596, 462420.11537275155], [1359132.8512470596, 245533.42273558513], [188018.69214469517, 245533.42273558513]]",[0.05124972216616304],19.846526852119553,0.5
326.905224553091,[2.3906439404763553],[3.3897357926753497],11115.433676294544,7839.267066601549,[3279.1445576121687],22.75071586455744,1.9818561639123415,1e-06,1e-06,1.4647828546921535,1.168483624998943,32.646535792926215,-5.31785983622459,-3.6392403786906584,188018.66927707492,7.990162684272036,-11.629403062962695,1359132.9899668423,"[0.0, 0.0]","[-3.20205066665348, -5.500855114721244]","[[188018.66927707492, 398436.49293159373], [1359132.9899668423, 462420.17428741127], [1359132.9899668423, 245533.42211034845], [188018.66927707492, 245533.42211034845]]",[0.051249701297237486],19.846517581574,0.5
327.405224553091,[2.3906389438958366],[3.3897354056290037],11115.431778662849,7839.250238871626,[3279.1443722139884],22.750715919405962,1.9818561639123415,1e-06,1e-06,1.4647828546921535,1.1684836355307833,32.646535308531554,-5.317858910477186,-3.639197740403688,188018.64654338904,7.990208341643722,-11.62940608204741,1359133.1274124023,"[0.0, 0.0]","[-3.2020515104416005, -5.500856561913858]","[[188018.64654338904, 398436.5295869656], [1359133.1274124023, 462420.233347623], [1359133.1274124023, 245533.42150845242], [188018.64654338904, 245533.42150845242]]",[0.051249680454642906],19.846508447795436,0.5
327.905224553091,[2.390633990848488],[3.3897350217879514],11115.42989767845,7839.233558222928,[3279.1441886261364],22.750715973658487,1.9818561639123415,1e-06,1e-06,1.4647828546921535,1.1684836459450312,32.646534828403105,-5.3178579940829795,-3.639155984745628,188018.62406392428,7.990253082625543,-11.62940906737117,1359133.263806209,"[0.0, 0.0]","[-3.2020523447738363, -5.500857993224243]","[[188018.62406392428, 398436.5654895611], [1359133.263806209, 462420.29128512525], [1359133.263806209, 245533.42089620692], [188018.62406392428, 245533.42089620692]]",[0.051249659935064126],19.846499333818645,0.5
328.405224553091,[2.390629078734832],[3.389734641495098],11115.428032981334,7839.21701508443,[3279.1440064106882],22.750716027590897,1.9818561639123415,1e-06,1e-06,1.4647828546921535,1.1684836563003385,32.6465343524477,-5.317857083655324,-3.6391140559347264,188018.60171666596,7.9902979792032625,-11.629412035137989,1359133.398941051,"[0.0, 0.0]","[-3.2020531742245133, -5.500859415827854]","[[188018.60171666596, 398436.60153478145], [1359133.398941051, 462420.3493599578], [1359133.398941051, 245533.42030635776], [188018.60171666596, 245533.42030635776]]",[0.051249639442777065],19.846490354261853,0.5
328.905224553091,[2.3906242094026604],[3.389734264324711],11115.426184522423,7839.200616465218,[3279.143825965011],22.75071608093455,1.9818561639123415,1e-06,1e-06,1.4647828546921535,1.1684836665396072,32.64653388062703,-5.317856182495325,-3.639072998863469,188018.57961916516,7.990341970873203,-11.629414969736672,1359133.533036869,"[0.0, 0.0]","[-3.202053994377913, -5.500860822814354]","[[188018.57961916516, 398436.6368365497], [1359133.533036869, 462420.40632626], [1359133.533036869, 245533.41970579448], [188018.57961916516, 245533.41970579448]]",[0.051249619269008215],19.846481394044847,0.5
329.405224553091,[2.3906193802362785],[3.3897338906091194],11115.42435191714,7839.184352748231,[3279.1436468541633],22.750716133961493,1.9818561639123415,1e-06,1e-06,1.4647828546921535,1.1684836767206748,32.6465334128477,-5.317855287264558,-3.639031774447062,188018.55765098394,7.990386112714589,-11.629417887161651,1359133.6658913023,"[0.0, 0.0]","[-3.2020548097513255, -5.500862221273191]","[[188018.55765098394, 398436.67227611603], [1359133.6658913023, 462420.4634242737], [1359133.6658913023, 245533.41912677494], [188018.55765098394, 245533.41912677494]]",[0.051249599122552],19.84647256581846,0.5
329.905224553091,[2.390614593021218],[3.3897335199261867],11115.422535099973,7839.168230718482,[3279.143469467186],22.75071618640833,1.9818561639123415,1e-06,1e-06,1.4647828546921535,1.168483686787546,32.646532949073276,-5.317854401196997,-3.638991408969332,188018.5359274208,7.990429363131739,-11.62942077210107,1359133.7977218113,"[0.0, 0.0]","[-3.2020556160159748, -5.50086360443217]","[[188018.5359274208, 398436.70698318817], [1359133.7977218113, 462420.51943040214], [1359133.7977218113, 245533.41853683066], [188018.5359274208, 245533.41853683066]]",[0.05124957928936704],19.84646375643424,0.5
330.405224553091,[2.3906098451757742],[3.3897331526011927],11115.420733690433,7839.152240889562,[3279.1432933771644],22.750716238543163,1.9818561639123415,1e-06,1e-06,1.4647828546921535,1.1684836967971957,32.64653248921593,-5.317853520996151,-3.6389508799371697,188018.51432999148,7.990472760352759,-11.629423640289929,1359133.9283305586,"[0.0, 0.0]","[-3.202056417617665, -5.500864979269478]","[[188018.51432999148, 398436.74182494427], [1359133.9283305586, 462420.5755651083], [1359133.9283305586, 245533.41796777118], [188018.51432999148, 245533.41796777118]]",[0.05124955948289189],19.84645507665679,0.5
330.905224553091,[2.3906051384623512],[3.389732788218878],11115.418947630536,7839.136389960047,[3279.143118968705],22.75071629010755,1.9818561639123415,1e-06,1e-06,1.4647828546921535,1.1684837066946465,32.646532033245194,-5.317852649828436,-3.638911195586104,188018.49297209494,7.9905152810823665,-11.62942647666847,1359134.0579321764,"[0.0, 0.0]","[-3.2020572103004086, -5.500866339127103]","[[188018.49297209494, 398436.77594639314], [1359134.0579321764, 462420.6306263063], [1359134.0579321764, 245533.41738776496], [188018.49297209494, 245533.41738776496]]",[0.051249539984092506],19.846446415274315,0.5
331.405224553091,[2.3906004703608024],[3.3897324271000238],11115.417176558834,7839.120668669225,[3279.142945824863],22.75071634136543,1.9818561639123415,1e-06,1e-06,1.4647828546921535,1.1684837165359578,32.64653158108132,-5.31785178444094,-3.6388713501211782,188018.4717373886,7.9905579465661845,-11.629429296687363,1359134.1863327643,"[0.0, 0.0]","[-3.2020579984306545, -5.500867690858072]","[[188018.4717373886, 398436.8102005456], [1359134.1863327643, 462420.68581449427], [1359134.1863327643, 245533.4168281636], [188018.4717373886, 245533.4168281636]]",[0.051249520511158025],19.84643788121902,0.5
331.905224553091,[2.390595842627085],[3.3897320688378985],11115.415420434207,7839.1050836867,[3279.14277432697],22.750716392062905,1.9818561639123415,1e-06,1e-06,1.4647828546921535,1.1684837262670937,32.646531132700886,-5.317850927937639,-3.63883233446478,188018.45073754777,7.990599751050979,-11.62943208551576,1359134.3137437282,"[0.0, 0.0]","[-3.2020587778176357, -5.500869027905578]","[[188018.45073754777, 398436.84374708653], [1359134.3137437282, 462420.73994818365], [1359134.3137437282, 245533.41625773293], [188018.45073754777, 245533.41625773293]]",[0.05124950134031002],19.846429365187113,0.5
332.405224553091,[2.3905912528083726],[3.3897317137515444],11115.413678923318,7839.0896259963665,[3279.142604068057],22.75071644245958,1.9818561639123415,1e-06,1e-06,1.4647828546921535,1.168483735943163,32.6465306880321,-5.317850077113823,-3.6387931595832583,188018.42985838794,7.990641698734464,-11.629434858317723,1359134.4399746084,"[0.0, 0.0]","[-3.202059552747018, -5.500870356994867]","[[188018.42985838794, 398436.87742480455], [1359134.4399746084, 462420.79420781526], [1359134.4399746084, 245533.4157073409], [188018.42985838794, 245533.4157073409]]",[0.05124948219451661],19.84642097431067,0.5
332.905224553091,[2.39058670265408],[3.389731361444824],11115.41195200685,7839.074302237251,[3279.14243542564],22.750716492305816,1.9818561639123415,1e-06,1e-06,1.4647828546921535,1.1684837455110189,32.64653024705757,-5.317849235017373,-3.6387547997323395,188018.4092098952,7.990682800754428,-11.629437600486767,1359134.5652333032,"[0.0, 0.0]","[-3.2020603190914088, -5.50087167166712]","[[188018.4092098952, 398436.910407513], [1359134.5652333032, 462420.84743172734], [1359134.5652333032, 245533.41514630514], [188018.4092098952, 245533.41514630514]]",[0.05124946334542615],19.846412601148106,0.5
333.405224553091,[2.3905821897713375],[3.389731012235033],11115.410239375302,7839.059103610703,[3279.1422680014693],22.750716541856775,1.9818561639123415,1e-06,1e-06,1.4647828546921535,1.1684837550248188,32.646529809712035,-5.317848398495789,-3.638716282572375,188018.38867996045,7.990724044338776,-11.629440326911151,1359134.6893324805,"[0.0, 0.0]","[-3.2020610810582966, -5.500872978524068]","[[188018.38867996045, 398436.943519839], [1359134.6893324805, 462420.90078039636], [1359134.6893324805, 245533.4146049883], [188018.38867996045, 245533.4146049883]]",[0.05124944452074142],19.8464043510525,0.5
333.905224553091,[2.3905777158955464],[3.3897306657364927],11115.408541027075,7839.044036698106,[3279.1421021681704],22.75071659086688,1.9818561639123415,1e-06,1e-06,1.4647828546921535,1.1684837644322774,32.64652937598288,-5.31784757054579,-3.6386785661610475,188018.36837684564,7.990764457052649,-11.629443023213696,1359134.8124764431,"[0.0, 0.0]","[-3.202061834584609, -5.500874271206711]","[[188018.36837684564, 398436.97594932886], [1359134.8124764431, 462420.95311144384], [1359134.8124764431, 245533.4140532252], [188018.36837684564, 245533.4140532252]]",[0.051249425987636855],19.846396118395862,0.5
334.405224553091,[2.3905732786827687],[3.389730322265079],11115.406856672966,7839.029092878869,[3279.1419375348564],22.750716639586912,1.9818561639123415,1e-06,1e-06,1.4647828546921535,1.1684837737866167,32.64652894580962,-5.317846748069057,-3.6386406946340912,188018.34819040244,7.990805009387998,-11.629445704022089,1359134.9344808615,"[0.0, 0.0]","[-3.2020625838039565, -5.500875556200297]","[[188018.34819040244, 398437.0085066353], [1359134.9344808615, 462421.00556566386], [1359134.9344808615, 245533.4135208646], [188018.34819040244, 245533.4135208646]]",[0.05124940747845531],19.84638800677118,0.5
334.905224553091,[2.390568879844297],[3.3897299814452384],11115.405186324811,7839.014278641378,[3279.141774468322],22.750716687775302,1.9818561639123415,1e-06,1e-06,1.4647828546921535,1.168483783036404,32.64652851918271,-5.31784593401394,-3.638603610168161,188018.32822712467,7.990844745025697,-11.629448355193858,1359135.0555464842,"[0.0, 0.0]","[-3.2020633247191546, -5.500876827248662]","[[188018.32822712467, 398437.0403927716], [1359135.0555464842, 462421.0570196032], [1359135.0555464842, 245533.41297823796], [188018.32822712467, 245533.41297823796]]",[0.05124938925595479],19.8463799123208,0.5
335.405224553091,[2.3905645170771104],[3.3897296435908517],11115.403529708583,7838.999585514532,[3279.1416125840856],22.75071673567849,1.9818561639123415,1e-06,1e-06,1.4647828546921535,1.1684837922339513,32.646528096045074,-5.317845125336243,-3.638566373066226,188018.3083787237,7.990884618043651,-11.629450991109877,1359135.1754919575,"[0.0, 0.0]","[-3.202064061393787, -5.500878090726904]","[[188018.3083787237, 398437.07240467955], [1359135.1754919575, 462421.10859475855], [1359135.1754919575, 245533.412454684], [188018.3083787237, 245533.412454684]]",[0.05124937105700598],19.846371936899256,0.5
335.905224553091,[2.390560192062099],[3.38972930833508],11115.401886843087,7838.98501987178,[3279.141452242567],22.7507167830589,1.9818561639123415,1e-06,1e-06,1.4647828546921535,1.1684838013286756,32.646527676389496,-5.317844324936964,-3.6385299098466817,188018.28874990338,7.990923688018597,-11.629453597865279,1359135.2945145904,"[0.0, 0.0]","[-3.202064789897635, -5.500879340483655]","[[188018.28874990338, 398437.1037566508], [1359135.2945145904, 462421.1591863491], [1359135.2945145904, 245533.41192102194], [188018.28874990338, 245533.41192102194]]",[0.05124935313999371],19.846363978383668,0.5
336.405224553091,[2.3905559025318475],[3.3897289759890645],11115.400257465459,7838.970573373001,[3279.14129306523],22.75071683015878,1.9818561639123415,1e-06,1e-06,1.4647828546921535,1.1684838103720057,32.64652726016146,-5.317843529824723,-3.638493296643105,188018.26923416706,7.990962892959999,-11.629456189603104,1359135.4124360313,"[0.0, 0.0]","[-3.202065514226823, -5.500880582788298]","[[188018.26923416706, 398437.1352322031], [1359135.4124360313, 462421.2098969854], [1359135.4124360313, 245533.4114060916], [188018.26923416706, 245533.4114060916]]",[0.051249335246209615],19.846356136915634,0.5
336.905224553091,[2.3905516501349786],[3.389728646194094],11115.398641599273,7838.956252270391,[3279.141135406038],22.7507168767445,1.9818561639123415,1e-06,1e-06,1.4647828546921535,1.1684838193142058,32.646526847355176,-5.317842742853236,-3.6384574445024214,188018.2499344342,7.991001308152931,-11.629458752655353,1359135.5294502669,"[0.0, 0.0]","[-3.2020662305179908, -5.500881811594226]","[[188018.2499344342, 398437.16605874925], [1359135.5294502669, 462421.259640344], [1359135.5294502669, 245533.41088119624], [188018.2499344342, 245533.41088119624]]",[0.05124931762971012],19.846348312077655,0.5
337.405224553091,[2.3905474326371574],[3.389728319258083],11115.397038990915,7838.942048346294,[3279.1409788923042],22.750716923054263,1.9818561639123415,1e-06,1e-06,1.4647828546921535,1.1684838282058432,32.64652643791834,-5.317841961082174,-3.6384214450672516,188018.23074596262,7.991039855864699,-11.62946130093195,1359135.6453819573,"[0.0, 0.0]","[-3.202066942701463, -5.500883033067756]","[[188018.23074596262, 398437.19700665434], [1359135.6453819573, 462421.30950053415], [1359135.6453819573, 245533.41037469046], [188018.23074596262, 245533.41037469046]]",[0.051249300036116885],19.84634060232692,0.5
337.905224553091,[2.3905432516557044],[3.3897279948295846],11115.39544966648,7838.92796773524,[3279.1408238717086],22.75071696885834,1.9818561639123415,1e-06,1e-06,1.4647828546921535,1.1684838369980195,32.646526031846406,-5.317841187317885,-3.6383861941132523,188018.21176991652,7.9910776268848736,-11.629463820998126,1359135.7604218666,"[0.0, 0.0]","[-3.2020676469797853, -5.500884241265557]","[[188018.21176991652, 398437.22731628286], [1359135.7604218666, 462421.35840945], [1359135.7604218666, 245533.40985835923], [188018.21176991652, 245533.40985835923]]",[0.05124928271521552],19.84633290892527,0.5
338.405224553091,[2.390539104990792],[3.389727673212461],11115.393873379111,7838.91400234687,[3279.1406699774793],22.75071701439096,1.9818561639123415,1e-06,1e-06,1.4647828546921535,1.1684838457404598,32.64652562908907,-5.317840418669458,-3.638350798496731,188018.19290328544,7.9911155280372554,-11.629466326533986,1359135.8743976294,"[0.0, 0.0]","[-3.2020683472182903, -5.500885442252218]","[[188018.19290328544, 398437.25774509803], [1359135.8743976294, 462421.40743304964], [1359135.8743976294, 245533.40936008413], [188018.19290328544, 245533.40936008413]]",[0.05124926541687895],19.84632532867529,0.5
338.905224553091,[2.3905349942295935],[3.389727354062536],11115.392310158628,7838.900158202668,[3279.1405175513605],22.750717059426282,1.9818561639123415,1e-06,1e-06,1.4647828546921535,1.1684838543850917,32.64652522964269,-5.317839657895989,-3.638316138943594,188018.17424551825,7.991152665388711,-11.629468804332305,1359135.987496867,"[0.0, 0.0]","[-3.202069039683987, -5.500886630185324]","[[188018.17424551825, 398437.2875462269], [1359135.987496867, 462421.45552117855], [1359135.987496867, 245533.40885212747], [188018.17424551825, 245533.40885212747]]",[0.05124924838668924],19.846317764493097,0.5
339.405224553091,[2.390530917207612],[3.3897270376793265],11115.390759764241,7838.886427342457,[3279.140366232573],22.75071710419462,1.9818561639123415,1e-06,1e-06,1.4647828546921535,1.1684838629808105,32.64652483345873,-5.317838902154671,-3.638281337259741,188018.15569532104,7.9911899305856195,-11.62947126784536,1359136.099550147,"[0.0, 0.0]","[-3.2020697281778516, -5.500887811028623]","[[188018.15569532104, 398437.31746445445], [1359136.099550147, 462421.50372195535], [1359136.099550147, 245533.4083619081], [188018.15569532104, 245533.4083619081]]",[0.0512492313787024],19.846310311556127,0.5
339.905224553091,[2.390526875484334],[3.3897267237253277],11115.389222228154,7838.872815683188,[3279.1402163571115],22.750717148473957,1.9818561639123415,1e-06,1e-06,1.4647828546921535,1.1684838714803543,32.646524440534506,-5.317838154157895,-3.6382472593678017,188018.13735046767,7.991226444720496,-11.629473704088298,1359136.2107419777,"[0.0, 0.0]","[-3.2020704090298584, -5.500888979038289]","[[188018.13735046767, 398437.3467654616], [1359136.2107419777, 462421.55100287875], [1359136.2107419777, 245533.40786215875], [188018.13735046767, 245533.40786215875]]",[0.05124921463437073],19.84630287440938,0.5
340.405224553091,[2.3905228669312595],[3.389726412495267],11115.387697314449,7838.859315397239,[3279.140067570267],22.750717192490747,1.9818561639123415,1e-06,1e-06,1.4647828546921535,1.1684838799318036,32.64652405082296,-5.317837411110065,-3.638213041779352,188018.1191113627,7.991263084508489,-11.629476126287841,1359136.3209058,"[0.0, 0.0]","[-3.202071085977331, -5.500890140078189]","[[188018.1191113627, 398437.3761815613], [1359136.3209058, 462421.598394516], [1359136.3209058, 245533.40737984332], [188018.1191113627, 245533.40737984332]]",[0.05124919791186919],19.846295546633772,0.5
340.905224553091,[2.3905188930818513],[3.3897261036579063],11115.386185057263,7838.845932303092,[3279.1399202025427],22.750717236026723,1.9818561639123415,1e-06,1e-06,1.4647828546921535,1.1684838882886899,32.646523664322274,-5.317836675677557,-3.6381795358657314,188018.1010741417,7.991298985811056,-11.629478521676788,1359136.4302230459,"[0.0, 0.0]","[-3.2020717554116636, -5.500891288500693]","[[188018.1010741417, 398437.4049907741], [1359136.4302230459, 462421.64488171623], [1359136.4302230459, 245533.4068881568], [188018.1010741417, 245533.4068881568]]",[0.05124918144859404],19.84628823437687,0.5
341.405224553091,[2.3905149518437816],[3.3897257975042594],11115.384685228646,7838.832658705951,[3279.139773905172],22.75071727930456,1.9818561639123415,1e-06,1e-06,1.4647828546921535,1.1684838965982889,32.646523280986514,-5.317835945111308,-3.6381458926094297,188018.08314088447,7.991335010649891,-11.62948090325932,1359136.5385299628,"[0.0, 0.0]","[-3.2020724210074207, -5.500892430071118]","[[188018.08314088447, 398437.4339131405], [1359136.5385299628, 462421.6914777752], [1359136.5385299628, 245533.40641361475], [188018.08314088447, 245533.40641361475]]",[0.05124916500677511],19.846281029650353,0.5
341.905224553091,[2.3905110447254114],[3.3897254937082186],11115.383197861243,7838.819500329068,[3279.139629003255],22.750717322109658,1.9818561639123415,1e-06,1e-06,1.4647828546921535,1.1684839048149138,32.646522900814375,-5.317835222032609,-3.6381129490886224,188018.0654061194,7.991370309393119,-11.629483258481741,1359136.64600494,"[0.0, 0.0]","[-3.2020730792163237, -5.500893559236254]","[[188018.0654061194, 398437.46223880164], [1359136.64600494, 462421.7371845829], [1359136.64600494, 245533.40592986497], [188018.0654061194, 245533.40592986497]]",[0.051249148819825674],19.846273840177727,0.5
342.405224553091,[2.3905071696696534],[3.3897251925565492],11115.38172273319,7838.806449607326,[3279.13948515393],22.750717364660954,1.9818561639123415,1e-06,1e-06,1.4647828546921535,1.1684839129850453,32.64652252376112,-5.317834503738306,-3.6380798705217217,188018.04777357483,7.991405729607436,-11.629485600129158,1359136.7524869677,"[0.0, 0.0]","[-3.20207373365108, -5.500894681664321]","[[188018.04777357483, 398437.490675724], [1359136.7524869677, 462421.7829984415], [1359136.7524869677, 245533.4054629806], [188018.04777357483, 245533.4054629806]]",[0.05124913265396527],19.84626675642768,0.5
342.905224553091,[2.3905033281606225],[3.389724893729035],11115.380259878399,7838.79351217174,[3279.139342676973],22.75071740674745,1.9818561639123415,1e-06,1e-06,1.4647828546921535,1.1684839210637645,32.6465221498255,-5.317833792805535,-3.6380474799419744,188018.03033619816,7.99144043591599,-11.629487915857965,1359136.85815143,"[0.0, 0.0]","[-3.2020743808227516, -5.500895791894975]","[[188018.03033619816, 398437.5185259595], [1359136.85815143, 462421.82793798705], [1359136.85815143, 245533.4049870535], [188018.03033619816, 245533.4049870535]]",[0.0512491167386927],19.846259687672973,0.5
343.405224553091,[2.3904995181763278],[3.389724597507538],11115.378809078224,7838.780680585885,[3279.1392012352135],22.750717448584425,1.9818561639123415,1e-06,1e-06,1.4647828546921535,1.1684839290967717,32.64652177896386,-5.317833086576418,-3.6380149565765123,188018.01299933766,7.991475261661662,-11.629490218238175,1359136.9628399983,"[0.0, 0.0]","[-3.2020750242832614, -5.500896895500975]","[[188018.01299933766, 398437.546485594], [1359136.9628399983, 462421.87298280187], [1359136.9628399983, 245533.40452772038], [188018.01299933766, 245533.40452772038]]",[0.05124910084415269],19.846252722864854,0.5
343.905224553091,[2.3904957411759256],[3.3897243035772915],11115.377370366736,7838.767960386449,[3279.1390611432025],22.7507174899644,1.9818561639123415,1e-06,1e-06,1.4647828546921535,1.168483937039899,32.64652141117506,-5.3178323875848115,-3.637983109650179,188017.99585438392,7.99150938548263,-11.629492495132808,1359137.0667251013,"[0.0, 0.0]","[-3.2020756606020795, -5.500897987113428]","[[188017.99585438392, 398437.57386838883], [1359137.0667251013, 462421.91716798465], [1359137.0667251013, 245533.40405950855], [188017.99585438392, 245533.40405950855]]",[0.05124908519599486],19.84624577279885,0.5
344.405224553091,[2.390491995171326],[3.389724012215833],11115.375943530154,7838.755344261608,[3279.13892206939],22.750717531099035,1.9818561639123415,1e-06,1e-06,1.4647828546921535,1.1684839449380815,32.64652104641584,-5.317831693217446,-3.6379511321654263,188017.97880827557,7.991543626735222,-11.629494758900648,1359137.1696510506,"[0.0, 0.0]","[-3.202076293271418, -5.500899072211434]","[[188017.97880827557, 398437.601358747], [1359137.1696510506, 462421.9614566763], [1359137.1696510506, 245533.40360762487], [188017.97880827557, 245533.40360762487]]",[0.051249069568222734],19.84623892493389,0.5
344.905224553091,[2.390488281597701],[3.3897237231135278],11115.374528601507,7838.74283765679,[3279.138784323053],22.75071757178436,1.9818561639123415,1e-06,1e-06,1.4647828546921535,1.168483952747892,32.646520684685186,-5.317831005965661,-3.6379198197730602,188017.96195087087,7.991577177835268,-11.629496997608328,1359137.2717873645,"[0.0, 0.0]","[-3.2020769189182925, -5.500900145516053]","[[188017.96195087087, 398437.6282819413], [1359137.2717873645, 462422.0049001605], [1359137.2717873645, 245533.40314702407], [188017.96195087087, 245533.40314702407]]",[0.05124905418270111],19.846232091562495,0.5
345.405224553091,[2.390484598500385],[3.3897234365426763],11115.37312536857,7838.730433382991,[3279.1386475781674],22.750717612228463,1.9818561639123415,1e-06,1e-06,1.4647828546921535,1.1684839605135102,32.64652032594046,-5.317830323260113,-3.6378883790184773,188017.94519066942,7.991610844388845,-11.629499223407322,1359137.3729809383,"[0.0, 0.0]","[-3.202077540976331, -5.500901212414498]","[[188017.94519066942, 398437.6553108891], [1359137.3729809383, 462422.04844541464], [1359137.3729809383, 245533.40270248998], [188017.94519066942, 245533.40270248998]]",[0.05124903881722634],19.846225358676023,0.5
345.905224553091,[2.3904809472902055],[3.389723152199132],11115.371733864906,7838.718136793495,[3279.1385121388594],22.75071765223079,1.9818561639123415,1e-06,1e-06,1.4647828546921535,1.168483968192238,32.64651997018029,-5.317829647550366,-3.6378575922053074,188017.9286160213,7.991643832359216,-11.629501424564523,1359137.4733984345,"[0.0, 0.0]","[-3.2020781561291094, -5.5009022677164054]","[[188017.9286160213, 398437.68178218167], [1359137.4733984345, 462422.0911596366], [1359137.4733984345, 245533.4022493974], [188017.9286160213, 245533.4022493974]]",[0.05124902368994134],19.84621864003872,0.5
346.405224553091,[2.3904773260448122],[3.389722870350901],11115.370353882498,7838.705940818165,[3279.138377684499],22.75071769199595,1.9818561639123415,1e-06,1e-06,1.4647828546921535,1.1684839758275136,32.64651961736263,-5.317828976310242,-3.637826679192983,188017.91213696063,7.991676933834526,-11.62950361302751,1359137.5728893012,"[0.0, 0.0]","[-3.2020787677527087, -5.500903316718664]","[[188017.91213696063, 398437.70835744496], [1359137.5728893012, 462422.1339739131], [1359137.5728893012, 245533.4018121138], [188017.91213696063, 245533.4018121138]]",[0.051249008582370935],19.846212020198852,0.5
346.905224553091,[2.3904737361516224],[3.3897225906985993],11115.368985453266,7838.693850721345,[3279.1382445141217],22.750717731326745,1.9818561639123415,1e-06,1e-06,1.4647828546921535,1.1684839833773562,32.64651926748587,-5.317828311948218,-3.637796409160444,188017.89584035368,7.991709368099919,-11.629505777260363,1359137.6716173848,"[0.0, 0.0]","[-3.202079372586385, -5.500904354318045]","[[188017.89584035368, 398437.7343844005], [1359137.6716173848, 462422.1759710927], [1359137.6716173848, 245533.40136642687], [188017.89584035368, 245533.40136642687]]",[0.051248993708997735],19.846205414367788,0.5
347.405224553091,[2.390470175720536],[3.3897223135047208],11115.367628369178,7838.6818595513905,[3279.1381123124256],22.75071777042435,1.9818561639123415,1e-06,1e-06,1.4647828546921535,1.168483990884474,32.646518920508356,-5.317827651980517,-3.6377660150550923,188017.87963774265,7.991741913955366,-11.629507929010458,1359137.7694346486,"[0.0, 0.0]","[-3.2020799739496257, -5.500905385722666]","[[188017.87963774265, 398437.76051357423], [1359137.7694346486, 462422.21806664066], [1359137.7694346486, 245533.400936295], [188017.87963774265, 245533.400936295]]",[0.051248978855011694],19.8461989056748,0.5
347.905224553091,[2.3904666461152697],[3.3897220384753837],11115.366282663157,7838.66997248291,[3279.137981373418],22.750717809094876,1.9818561639123415,1e-06,1e-06,1.4647828546921535,1.1684839983075912,32.646518576428264,-5.317826998775233,-3.6377362531490576,188017.8636145348,7.99177380378643,-11.629510056935487,1359137.8665021732,"[0.0, 0.0]","[-3.2020805686364677, -5.500906405915042]","[[188017.8636145348, 398437.7861036334], [1359137.8665021732, 462422.2593587961], [1359137.8665021732, 245533.40049791196], [188017.8636145348, 245533.40049791196]]",[0.0512489642312959],19.846192410754217,0.5
348.405224553091,[2.3904631454773515],[3.3897217658686403],11115.364948130378,7838.658182680509,[3279.1378513870404],22.75071784753614,1.9818561639123415,1e-06,1e-06,1.4647828546921535,1.1684840056887003,32.64651823520438,-5.31782634989028,-3.637706369261082,188017.8476837557,7.9918058033247235,-11.629512172585805,1359137.9626743877,"[0.0, 0.0]","[-3.202081159910718, -5.500907420015933]","[[188017.8476837557, 398437.8117941878], [1359137.9626743877, 462422.3007476619], [1359137.9626743877, 245533.4000748336], [188017.8476837557, 245533.4000748336]]",[0.051248949626644766],19.846186011340166,0.5
348.905224553091,[2.390459675147793],[3.3897214953945727],11115.363624800219,7838.646495232673,[3279.13772264242],22.750717885557485,1.9818561639123415,1e-06,1e-06,1.4647828546921535,1.1684840129872176,32.64651789683461,-5.31782570765399,-3.637677106969761,188017.83192937833,7.991837157839996,-11.629514264809757,1359138.0581096616,"[0.0, 0.0]","[-3.2020817446202274, -5.500908423092093]","[[188017.83192937833, 398437.83695466863], [1359138.0581096616, 462422.34134661243], [1359138.0581096616, 245533.39964365316], [188017.83192937833, 245533.39964365316]]",[0.051248935248401815],19.84617962546613,0.5
349.405224553091,[2.3904562332987904],[3.3897212273071893],11115.36231247195,7838.63490341682,[3279.1375948346194],22.750717923353413,1.9818561639123415,1e-06,1e-06,1.4647828546921535,1.1684840202444318,32.64651756127802,-5.317825069665281,-3.6376477247508205,188017.81626588752,7.9918686202129265,-11.629516344963747,1359138.152664857,"[0.0, 0.0]","[-3.202082325974111, -5.500909420178477]","[[188017.81626588752, 398437.86221395206], [1359138.152664857, 462422.3820406453], [1359138.152664857, 245533.39922753067], [188017.81626588752, 245533.39922753067]]",[0.05124892088890589],19.846173333494473,0.5
349.905224553091,[2.390452821248902],[3.3897209613210935],11115.361011173401,7838.623412236255,[3279.1374682479336],22.750717960736488,1.9818561639123415,1e-06,1e-06,1.4647828546921535,1.1684840274204398,32.646517228532446,-5.317824438213389,-3.637618953700212,188017.8007758456,7.991899448383208,-11.62951840208342,1359138.2464956683,"[0.0, 0.0]","[-3.2020829008731346, -5.500910406424643]","[[188017.8007758456, 398437.88695205457], [1359138.2464956683, 462422.42195801786], [1359138.2464956683, 245533.39880345162], [188017.8007758456, 245533.39880345162]]",[0.05124890675201954],19.84616705483447,0.5
350.405224553091,[2.390449437201432],[3.389720697685978],11115.359720706949,7838.612015082575,[3279.137342582516],22.75071799789792,1.9818561639123415,1e-06,1e-06,1.4647828546921535,1.1684840345558374,32.64651689855725,-5.317823810937532,-3.6375900647353205,188017.78537517186,7.9919303825995485,-11.629520447334869,1359138.3394613506,"[0.0, 0.0]","[-3.2020834724725624, -5.500911386781069]","[[188017.78537517186, 398437.91178730084], [1359138.3394613506, 462422.46196887986], [1359138.3394613506, 245533.39839418718], [188017.78537517186, 245533.39839418718]]",[0.05124889263356597],19.846160868499783,0.5
350.905224553091,[2.3904460824525704],[3.389720436120499],11115.358441097538,7838.600716874333,[3279.1372181178913],22.75071803465344,1.9818561639123415,1e-06,1e-06,1.4647828546921535,1.1684840416113924,32.64651657134999,-5.317823190088525,-3.637561776685857,188017.77014504327,7.9919606932517695,-11.629522469937626,1359138.4317149697,"[0.0, 0.0]","[-3.2020840377252147, -5.500912356478771]","[[188017.77014504327, 398437.93611010927], [1359138.4317149697, 462422.5012161128], [1359138.4317149697, 245533.39797710907], [188017.77014504327, 245533.39797710907]]",[0.05124887873398745],19.846154695252437,0.5
351.405224553091,[2.390442755235533],[3.389720176870137],11115.357172150752,7838.589511113216,[3279.137094559234],22.750718071191038,1.9818561639123415,1e-06,1e-06,1.4647828546921535,1.1684840486270183,32.646516246870476,-5.317822573345213,-3.6375333727033308,188017.7550027902,7.991991108167042,-11.629524480870373,1359138.5231181353,"[0.0, 0.0]","[-3.2020845997333702, -5.500913320385101]","[[188017.7550027902, 398437.9605284289], [1359138.5231181353, 462422.54055526515], [1359138.5231181353, 245533.39757460554], [188017.7550027902, 245533.39757460554]]",[0.05124886485253349],19.84614861277993,0.5
351.905224553091,[2.39043945682496],[3.3897199196579963],11115.355913890216,7838.578402635891,[3279.1369721813753],22.75071810732954,1.9818561639123415,1e-06,1e-06,1.4647828546921535,1.168484055564142,32.64651592511615,-5.317821962920646,-3.6375055595502204,188017.7400282259,7.992020909983523,-11.629526469533744,1359138.6138213344,"[0.0, 0.0]","[-3.2020851555010394, -5.500914273811207]","[[188017.7400282259, 398437.9844429115], [1359138.6138213344, 462422.57914360834], [1359138.6138213344, 245533.3971644276], [188017.7400282259, 245533.3971644276]]",[0.051248851186281225],19.84614254317437,0.5
352.405224553091,[2.3904361854837544],[3.389719664725362],11115.354666124435,7838.567385053157,[3279.13685069441],22.750718143253785,1.9818561639123415,1e-06,1e-06,1.4647828546921535,1.1684840624620065,32.64651560604716,-5.317821356532613,-3.637477632410821,188017.72514006842,7.9920508143113125,-11.629528446722134,1359138.703688487,"[0.0, 0.0]","[-3.2020857080784655, -5.500915221542798]","[[188017.72514006842, 398438.00845130143], [1359138.703688487, 462422.6178223287], [1359138.703688487, 245533.3967685875], [188017.72514006842, 245533.3967685875]]",[0.05124883753785007],19.84613656281936,0.5
352.905224553091,[2.3904329424653],[3.3897194117999594],11115.353428876655,7838.556463121029,[3279.136730368589],22.750718178785625,1.9818561639123415,1e-06,1e-06,1.4647828546921535,1.1684840692826863,32.64651528966073,-5.317820756357029,-3.6374502861850146,188017.7104167912,7.99208011582914,-11.629530402014154,1359138.7928675439,"[0.0, 0.0]","[-3.2020862545199003, -5.500916158969629]","[[188017.7104167912, 398438.03196431015], [1359138.7928675439, 462422.6557628426], [1359138.7928675439, 245533.3963652092], [188017.7104167912, 245533.3963652092]]",[0.051248824101009324],19.846130595114776,0.5
353.405224553091,[2.3904297260612033],[3.389719161118343],11115.352201956155,7838.545630555915,[3279.13661091881],22.75071821410682,1.9818561639123415,1e-06,1e-06,1.4647828546921535,1.1684840760647661,32.646514975917626,-5.31782016015002,-3.63742282788661,188017.6957784767,7.992109518136317,-11.629532346022927,1359138.881224703,"[0.0, 0.0]","[-3.2020867978243936, -5.500917090797135]","[[188017.6957784767, 398438.05556964915], [1359138.881224703, 462422.6937922171], [1359138.881224703, 245533.39597593504], [188017.6957784767, 245533.39597593504]]",[0.051248810681691535],19.84612471516214,0.5
353.905224553091,[2.3904265375043168],[3.3897189124127367],11115.350985385732,7838.534892035779,[3279.13649261084],22.750718249042205,1.9818561639123415,1e-06,1e-06,1.4647828546921535,1.1684840827709568,32.64651466481456,-5.317819570050979,-3.637395940750366,188017.68130227987,7.992138327751832,-11.629534268502198,1359138.968905421,"[0.0, 0.0]","[-3.2020873350956984, -5.50091801249251]","[[188017.68130227987, 398438.07868792245], [1359138.968905421, 462422.7310957779], [1359138.968905421, 245533.39557925577], [188017.68130227987, 245533.39557925577]]",[0.051248797470412825],19.846118847647155,0.5
354.405224553091,[2.390423375114991],[3.3897186659155087],11115.34977897689,7838.524241382542,[3279.136375164283],22.750718283770478,1.9818561639123415,1e-06,1e-06,1.4647828546921535,1.1684840894391955,32.64651435631299,-5.317818983853705,-3.6373689434219614,188017.6669096247,7.992167236465036,-11.629536179886998,1359139.05577813,"[0.0, 0.0]","[-3.2020878692825394, -5.500918928682225]","[[188017.6669096247, 398438.10189697705], [1359139.05577813, 462422.76848671044], [1359139.05577813, 245533.39519644983], [188017.6669096247, 245533.39519644983]]",[0.05124878427636335],19.84611306641074,0.5
354.905224553091,[2.390420240104699],[3.3897184213634532],11115.348582752576,7838.5136831936015,[3279.1362588405286],22.750718318119418,1.9818561639123415,1e-06,1e-06,1.4647828546921535,1.1684840960328184,32.646514050409564,-5.317818403661701,-3.6373425076720878,188017.6526763717,7.992195562430766,-11.629538070102853,1359139.1419858434,"[0.0, 0.0]","[-3.202088397537252, -5.5009198349095545]","[[188017.6526763717, 398438.12462713826], [1359139.1419858434, 462422.8051640091], [1359139.1419858434, 245533.39480636886], [188017.6526763717, 245533.39480636886]]",[0.05124877128686265],19.846107297402824,0.5
355.405224553091,[2.3904171308226143],[3.389718178984702],11115.347396526133,7838.503211396479,[3279.1361433638217],22.750718352264723,1.9818561639123415,1e-06,1e-06,1.4647828546921535,1.1684841025891262,32.64651374706591,-5.317817827305798,-3.637315963576498,188017.638525262,7.992223985833448,-11.629539949409946,1359139.22739919,"[0.0, 0.0]","[-3.202088922759114, -5.500920735723338]","[[188017.638525262, 398438.1474465592], [1359139.22739919, 462422.841927217], [1359139.22739919, 245533.39442993363], [188017.638525262, 245533.39442993363]]",[0.051248758314301736],19.84610161322492,0.5
355.905224553091,[2.3904140484597374],[3.3897179385203193],11115.346220319576,7838.492830510913,[3279.1360289911468],22.75071838603706,1.9818561639123415,1e-06,1e-06,1.4647828546921535,1.1684841090720712,32.64651344627879,-5.317817256854234,-3.637289971634914,188017.6245308831,7.99225183626794,-11.629541807902854,1359139.312158775,"[0.0, 0.0]","[-3.2020894421482544, -5.5009216267416745]","[[188017.6245308831, 398438.16979512386], [1359139.312158775, 462422.87798876833], [1359139.312158775, 245533.3940463503], [188017.6245308831, 245533.3940463503]]",[0.051248745542857126],19.84609594106995,0.5
356.405224553091,[2.3904109913929297],[3.389717700194557],11115.345053949208,7838.482534566283,[3279.135915451375],22.750718419609196,1.9818561639123415,1e-06,1e-06,1.4647828546921535,1.1684841155183276,32.646513148010285,-5.3178166901742365,-3.6372638731663187,188017.61061727282,7.992279782503317,-11.629543655669636,1359139.3961373947,"[0.0, 0.0]","[-3.202089958555329, -5.5009225124371115]","[[188017.61061727282, 398438.1922314499], [1359139.3961373947, 462422.9141347879], [1359139.3961373947, 245533.39367618802], [188017.61061727282, 245533.39367618802]]",[0.051248732788068595],19.84609035232075,0.5
356.905224553091,[2.3904079607929614],[3.389717463752122],11115.343897434455,7838.472328005732,[3279.1358029972025],22.750718452814617,1.9818561639123415,1e-06,1e-06,1.4647828546921535,1.1684841218924518,32.64651285225699,-5.317816129299343,-3.637238317583126,188017.59685776604,7.992307165387899,-11.629545482971025,1359139.479473294,"[0.0, 0.0]","[-3.2020904692274335, -5.500923388501259]","[[188017.59685776604, 398438.21420482313], [1359139.479473294, 462422.94959092967], [1359139.479473294, 245533.39329900188], [188017.59685776604, 245533.39329900188]]",[0.05124872023102084],19.846084775392384,0.5
357.405224553091,[2.3904049550643247],[3.3897172294141575],11115.34275059678,7838.4622049600775,[3279.1356913620302],22.7507184858232,1.9818561639123415,1e-06,1e-06,1.4647828546921535,1.1684841282305034,32.6465125589815,-5.31781557213259,-3.637212657260875,188017.58317767535,7.992334642465096,-11.62954729972597,1359139.5620413925,"[0.0, 0.0]","[-3.2020909769673955, -5.500924259331658]","[[188017.58317767535, 398438.236264485], [1359139.5620413925, 462422.9851301227], [1359139.5620413925, 245533.3929350154], [188017.58317767535, 245533.3929350154]]",[0.05124870769034993],19.846079280469517,0.5
357.905224553091,[2.3904019753580785],[3.3897169969293075],11115.34161345415,7838.4521697976925,[3279.135580794316],22.750718518471235,1.9818561639123415,1e-06,1e-06,1.4647828546921535,1.1684841344976338,32.6465122681804,-5.317815020673402,-3.6371875307115715,188017.56964910438,7.992361565647116,-11.629549096358687,1359139.6439776057,"[0.0, 0.0]","[-3.2020914790685557, -5.500925120692247]","[[188017.56964910438, 398438.25786896463], [1359139.6439776057, 462423.0199910176], [1359139.6439776057, 245533.39256412632], [188017.56964910438, 245533.39256412632]]",[0.05124869534410111],19.846073797168856,0.5
358.405224553091,[2.390399020105068],[3.3897167665147347],11115.340485829973,7838.442216746389,[3279.135471031885],22.750718550925722,1.9818561639123415,1e-06,1e-06,1.4647828546921535,1.168484140729297,32.646511979816694,-5.31781447286001,-3.637162301180183,188017.55619861934,7.992388581441276,-11.629550882621459,1359139.7251589582,"[0.0, 0.0]","[-3.202091978286651, -5.500925976906696]","[[188017.55619861934, 398438.2795582855], [1359139.7251589582, 462423.0549335723], [1359139.7251589582, 245533.39220621873], [188017.55619861934, 245533.39220621873]]",[0.051248683013954306],19.846068394496893,0.5
358.905224553091,[2.390396090437559],[3.3897165379231664],11115.33936774162,7838.43235010305,[3279.1353623190685],22.75071858302572,1.9818561639123415,1e-06,1e-06,1.4647828546921535,1.1684841468912288,32.646511693886964,-5.317813930658298,-3.6371375964636172,188017.54289711348,7.99241505263592,-11.629552649099537,1359139.8057190757,"[0.0, 0.0]","[-3.2020924719605266, -5.500926823810186]","[[188017.54289711348, 398438.30080006324], [1359139.8057190757, 462423.0892092128], [1359139.8057190757, 245533.39184152734], [188017.54289711348, 245533.39184152734]]",[0.05124867087496689],19.846063003251857,0.5
359.405224553091,[2.3903931848122943],[3.389716311368023],11115.338259015138,7838.422564190923,[3279.13525439809],22.750718614935423,1.9818561639123415,1e-06,1e-06,1.4647828546921535,1.1684841530182888,32.646511410354776,-5.317813392041116,-3.6371127904918126,188017.5296723849,7.992441614889572,-11.629554405381384,1359139.8855370397,"[0.0, 0.0]","[-3.2020929627996426, -5.500927665653775]","[[188017.5296723849, 398438.32212525926], [1359139.8855370397, 462423.12356514466], [1359139.8855370397, 245533.39148960213], [188017.5296723849, 245533.39148960213]]",[0.05124865875181112],19.84605769128189,0.5
359.905224553091,[2.390390304342908],[3.3897160866061125],11115.337159667293,7838.412863235937,[3279.135147509156],22.750718646496583,1.9818561639123415,1e-06,1e-06,1.4647828546921535,1.168484159076789,32.64651112921655,-5.317812858941326,-3.63708850052501,188017.5165941368,7.992467641685323,-11.629556142210333,1359139.964744235,"[0.0, 0.0]","[-3.202093448187537, -5.500928498342526]","[[188017.5165941368, 398438.343010425], [1359139.964744235, 462423.15726535826], [1359139.964744235, 245533.39113100944], [188017.5165941368, 245533.39113100944]]",[0.05124864681660604],19.846052390546884,0.5
360.405224553091,[2.3903874475120603],[3.389715863847246],11115.33606952684,7838.403241656583,[3279.13504139878],22.750718677870648,1.9818561639123415,1e-06,1e-06,1.4647828546921535,1.1684841651010016,32.646510850436414,-5.317812329365813,-3.6370641110029283,188017.50359137962,7.992493758011051,-11.62955786901398,1359140.0432217675,"[0.0, 0.0]","[-3.2020939307881298, -5.50092932605616]","[[188017.50359137962, 398438.3639776086], [1359140.0432217675, 462423.1910445151], [1359140.0432217675, 245533.39078497095], [188017.50359137962, 245533.39078497095]]",[0.05124863489696731],19.846047167756026,0.5
360.905224553091,[2.390384615414257],[3.389715642852679],11115.334988611714,7838.393703606603,[3279.13493630321],22.750718708902024,1.9818561639123415,1e-06,1e-06,1.4647828546921535,1.168484171057805,32.64651057401085,-5.317811805215046,-3.6370402288231958,188017.4907326458,7.992519347867756,-11.629559576690951,1359140.121098816,"[0.0, 0.0]","[-3.202094408028951, -5.500930144768527]","[[188017.4907326458, 398438.38451214874], [1359140.121098816, 462423.2241789621], [1359140.121098816, 245533.39043237912], [188017.4907326458, 245533.39043237912]]",[0.05124862316212435],19.846041956011394,0.5
361.405224553091,[2.3903818065581004],[3.389715423827744],11115.333916750174,7838.384243599565,[3279.1348319731474],22.75071873974944,1.9818561639123415,1e-06,1e-06,1.4647828546921535,1.1684841769808971,32.64651029990449,-5.317811284529352,-3.637016248758698,188017.47794813727,7.992545025752065,-11.629561274510763,1359140.1982584742,"[0.0, 0.0]","[-3.202094882529225, -5.500930958589187]","[[188017.47794813727, 398438.40512733057], [1359140.1982584742, 462423.2573910279], [1359140.1982584742, 245533.3900921325], [188017.47794813727, 245533.3900921325]]",[0.051248611442586536],19.846036820902405,0.5
361.905224553091,[2.3903790220196526],[3.3897152065378005],11115.332853960259,7838.374865719311,[3279.134728640899],22.75071877025992,1.9818561639123415,1e-06,1e-06,1.4647828546921535,1.168484182837711,32.64651002811377,-5.317810769177292,-3.636992767520553,188017.46530523596,7.9925701860042295,-11.629562953524783,1359140.2748277492,"[0.0, 0.0]","[-3.2020953517595934, -5.500931763559561]","[[188017.46530523596, 398438.42531713145], [1359140.2748277492, 462423.2899692067], [1359140.2748277492, 245533.38974544418], [188017.46530523596, 245533.38974544418]]",[0.05124859990474261],19.846031696654087,0.5
362.405224553091,[2.3903762603321805],[3.389714991185377],11115.331800075146,7838.365564570246,[3279.13462606133],22.75071880058953,1.9818561639123415,1e-06,1e-06,1.4647828546921535,1.1684841886613797,32.646509758603884,-5.317810257232086,-3.636969190040247,188017.4527353158,7.9925954328065245,-11.629564622846772,1359140.3506917027,"[0.0, 0.0]","[-3.202095818295412, -5.50093256372026]","[[188017.4527353158, 398438.44558622024], [1359140.3506917027, 462423.3226237012], [1359140.3506917027, 245533.38941089553], [188017.4527353158, 245533.38941089553]]",[0.051248588381947256],19.846026647754837,0.5
362.905224553091,[2.3903735225538156],[3.3897147775394525],11115.330755111616,7838.356344168155,[3279.134524462876],22.750718830587864,1.9818561639123415,1e-06,1e-06,1.4647828546921535,1.168484194419882,32.646509491371205,-5.317809750530969,-3.6369461030124057,188017.440304627,7.992620170666044,-11.62956627367845,1359140.425975205,"[0.0, 0.0]","[-3.2020962796497106, -5.500933355179171]","[[188017.440304627, 398438.465437069], [1359140.425975205, 462423.35465495026], [1359140.425975205, 245533.38907001456], [188017.440304627, 245533.38907001456]]",[0.05124857703779582],19.84602160953387,0.5
363.405224553091,[2.390370807242841],[3.389714565798483],11115.329718903396,7838.347199209284,[3279.134423604503],22.750718860408362,1.9818561639123415,1e-06,1e-06,1.4647828546921535,1.1684842001457958,32.64650922638151,-5.317809247179467,-3.6369229213566996,188017.42794569556,7.992644993624026,-11.629567914980726,1359140.5005652432,"[0.0, 0.0]","[-3.20209673835463, -5.500934141908998]","[[188017.42794569556, 398438.4853658762], [1359140.5005652432, 462423.38676123624], [1359140.5005652432, 245533.38874107075], [188017.42794569556, 245533.38874107075]]",[0.05124856570844015],19.84601664539701,0.5
363.905224553091,[2.390368115439559],[3.3897143557359444],11115.328691468974,7838.338133641756,[3279.1343237107994],22.750718889903137,1.9818561639123415,1e-06,1e-06,1.4647828546921535,1.1684842058076375,32.64650896363122,-5.317808748983999,-3.636900221920257,188017.41572365921,7.992669316182685,-11.629569538102942,1359140.5745845907,"[0.0, 0.0]","[-3.202097191964973, -5.500934920083039]","[[188017.41572365921, 398438.50488346413], [1359140.5745845907, 462423.41825473844], [1359140.5745845907, 245533.3884059022], [188017.41572365921, 245533.3884059022]]",[0.05124855455472965],19.846011691759102,0.5
364.405224553091,[2.3903654457260317],[3.3897141475470978],11115.327672645186,7838.329142249372,[3279.13422454474],22.750718919223072,1.9818561639123415,1e-06,1e-06,1.4647828546921535,1.168484211437437,32.646508703086624,-5.3178082540819025,-3.636877429444951,188017.40357217705,7.992693722410536,-11.629571151855487,1359140.647922129,"[0.0, 0.0]","[-3.202097642970403, -5.500935693607389]","[[188017.40357217705, 398438.5244777011], [1359140.647922129, 462423.4498220174], [1359140.647922129, 245533.38808247124], [188017.40357217705, 245533.38808247124]]",[0.05124854341556706],19.846006810961583,0.5
364.905224553091,[2.3903627991253273],[3.38971394100819],11115.326662447133,7838.320228914949,[3279.134126327233],22.75071894822275,1.9818561639123415,1e-06,1e-06,1.4647828546921535,1.1684842170042402,32.64650844474414,-5.317807764249266,-3.6368551110940643,188017.39155529308,7.992717636638986,-11.62957274773305,1359140.720698573,"[0.0, 0.0]","[-3.2020980889666855, -5.500936458719429]","[[188017.39155529308, 398438.5436676219], [1359140.720698573, 462423.4807868001], [1359140.720698573, 245533.3877529211], [188017.39155529308, 245533.3877529211]]",[0.051248532449101276],19.846001940486698,0.5
365.405224553091,[2.390360174243363],[3.389713736312057],11115.325660717028,7838.311388509912,[3279.1340288251854],22.75071897705052,1.9818561639123415,1e-06,1e-06,1.4647828546921535,1.1684842225395387,32.64650818857058,-5.317807277654703,-3.6368327012641544,188017.3796077796,7.99274163313396,-11.629574334398114,1359140.792804668,"[0.0, 0.0]","[-3.202098532401747, -5.5009372192597805]","[[188017.3796077796, 398438.562932907], [1359140.792804668, 462423.51182412344], [1359140.792804668, 245533.38743491247], [188017.3796077796, 245533.38743491247]]",[0.05124852149693868],19.845997141629375,0.5
365.905224553091,[2.3903575720862387],[3.389713533238499],11115.324667468913,7838.302624852469,[3279.133932255756],22.750719005563404,1.9818561639123415,1e-06,1e-06,1.4647828546921535,1.1684842280128978,32.646507934562464,-5.317806796044495,-3.6368107576002444,188017.36779260574,7.992765145887972,-11.629575903488217,1359140.864359094,"[0.0, 0.0]","[-3.2020989709117695, -5.500937971529028]","[[188017.36779260574, 398438.58180066233], [1359140.864359094, 462423.542269063], [1359140.864359094, 245533.38711088794], [188017.36779260574, 245533.38711088794]]",[0.051248510714574244],19.845992352921343,0.5
366.405224553091,[2.3903549912827824],[3.38971333197674],11115.323682546503,7838.293932898591,[3279.1338363897894],22.750719033907274,1.9818561639123415,1e-06,1e-06,1.4647828546921535,1.1684842334552814,32.64650768268706,-5.317806317617981,-3.6367887239917422,188017.3560456387,7.992788739528464,-11.629577463520206,1359140.9352544358,"[0.0, 0.0]","[-3.2020994069034874, -5.500938719303224]","[[188017.3560456387, 398438.6007425176], [1359140.9352544358, 462423.5727853269], [1359140.9352544358, 245533.3867982118], [188017.3560456387, 245533.3867982118]]",[0.051248499946272785],19.845987634628557,0.5
366.905224553091,[2.390352432822232],[3.3897131323106295],11115.322705964885,7838.2853164025655,[3279.1337414408345],22.75071906194155,1.9818561639123415,1e-06,1e-06,1.4647828546921535,1.1684842388367653,32.64650743294095,-5.317805844092147,-3.6367671487250846,188017.34442879073,7.992811857546997,-11.629579006272081,1359141.005607382,"[0.0, 0.0]","[-3.2020998380528334, -5.5009394589451315]","[[188017.34442879073, 398438.6192935155], [1359141.005607382, 462423.6027191504], [1359141.005607382, 245533.3864796215], [188017.34442879073, 245533.3864796215]]",[0.05124848934491953],19.845982926314633,0.5
367.405224553091,[2.390349895356983],[3.3897129344262082],11115.321737570208,7838.276770406719,[3279.133647183533],22.75071908980963,1.9818561639123415,1e-06,1e-06,1.4647828546921535,1.1684842441877936,32.64650718529191,-5.31780537369657,-3.6367454850228,188017.33287900517,7.992835055095213,-11.629580540118013,1359141.0753123164,"[0.0, 0.0]","[-3.202100266726122, -5.500940194167441]","[[188017.33287900517, 398438.6379173705], [1359141.0753123164, 462423.6327231024], [1359141.0753123164, 245533.38617218952], [188017.33287900517, 245533.38617218952]]",[0.05124847875739298],19.845978287233834,0.5
367.905224553091,[2.390347379859578],[3.3897127381107794],11115.320777376794,7838.268298602071,[3279.133553827868],22.75071911737332,1.9818561639123415,1e-06,1e-06,1.4647828546921535,1.1684842494789442,32.64650693973658,-5.317804908119385,-3.6367242719678075,188017.32145715493,7.992857785006038,-11.629582056973845,1359141.144483969,"[0.0, 0.0]","[-3.202100690638295, -5.500940921393882]","[[188017.32145715493, 398438.6561569296], [1359141.144483969, 462423.66215439164], [1359141.144483969, 245533.38585894307], [188017.32145715493, 245533.38585894307]]",[0.05124846833401204],19.845973657964333,0.5
368.405224553091,[2.3903448850045437],[3.3897125435472786],11115.31982523343,7838.259896112559,[3279.1334611522634],22.750719144773605,1.9818561639123415,1e-06,1e-06,1.4647828546921535,1.1684842547401508,32.64650669624331,-5.3178044456199105,-3.6367029719617676,188017.31010124218,7.992880593111238,-11.629583565073006,1359141.2130184928,"[0.0, 0.0]","[-3.2021011121159555, -5.500941644274859]","[[188017.31010124218, 398438.6744681223], [1359141.2130184928, 462423.6916546314], [1359141.2130184928, 245533.38555666816], [188017.31010124218, 245533.38555666816]]",[0.05124845792422606],19.845969096765717,0.5
368.905224553091,[2.390342411748222],[3.389712350526161],11115.318881152909,7838.25156656771,[3279.133369363202],22.75071917187461,1.9818561639123415,1e-06,1e-06,1.4647828546921535,1.1684842599424845,32.64650645480873,-5.317803987857956,-3.6366821150371607,188017.29887111747,7.992902941430032,-11.629585056467192,1359141.2810286954,"[0.0, 0.0]","[-3.202101528912403, -5.500942359294196]","[[188017.29887111747, 398438.69240147126], [1359141.2810286954, 462423.7205918229], [1359141.2810286954, 245533.38524867676], [188017.29887111747, 245533.38524867676]]",[0.051248447675829874],19.845964545213633,0.5
369.405224553091,[2.3903399587877643],[3.389712159227779],11115.317944987934,7838.243305174387,[3279.1332782427608],22.750719198814956,1.9818561639123415,1e-06,1e-06,1.4647828546921535,1.1684842651153764,32.64650621540159,-5.317803533122033,-3.636661172620677,188017.28770582387,7.992925366631027,-11.629586539251704,1359141.3484124688,"[0.0, 0.0]","[-3.202101943315195, -5.5009430700409805]","[[188017.28770582387, 398438.7104052517], [1359141.3484124688, 462423.7495968085], [1359141.3484124688, 245533.38495147307], [188017.28770582387, 245533.38495147307]]",[0.05124843744080044],19.845960060589668,0.5
369.905224553091,[2.3903375270634393],[3.3897119694461715],11115.31701675146,7838.23511550124,[3279.1331879940044],22.750719225461037,1.9818561639123415,1e-06,1e-06,1.4647828546921535,1.1684842702303837,32.64650597801875,-5.317803083044117,-3.6366406658481765,188017.27666420722,7.992947339763475,-11.629588005611652,1359141.4152807293,"[0.0, 0.0]","[-3.202102353115301, -5.5009437730580615]","[[188017.27666420722, 398438.7280375308], [1359141.4152807293, 462423.7780481972], [1359141.4152807293, 245533.38464864914], [188017.27666420722, 245533.38464864914]]",[0.051248427364451725],19.845955585450252,0.5
370.405224553091,[2.390335115293532],[3.3897117813585753],11115.31609629842,7838.226992833212,[3279.133098402682],22.750719251949164,1.9818561639123415,1e-06,1e-06,1.4647828546921535,1.1684842753164435,32.646505742629415,-5.3178026359414305,-3.6366200750183566,188017.2656863342,7.992969388487836,-11.629589463506193,1359141.4815330873,"[0.0, 0.0]","[-3.2021027605619414, -5.500944471874258]","[[188017.2656863342, 398438.74573905964], [1359141.4815330873, 462423.80656624225], [1359141.4815330873, 245533.3843564321], [188017.2656863342, 245533.3843564321]]",[0.051248417301245325],19.845951176115356,0.5
370.905224553091,[2.3903327244033017],[3.3897115947623786],11115.315183641034,7838.218940681468,[3279.133009668401],22.75071927814796,1.9818561639123415,1e-06,1e-06,1.4647828546921535,1.1684842803455906,32.646505509230394,-5.317802193418562,-3.636599912518932,188017.25483006192,7.9929909927329845,-11.629590905251916,1359141.5472785875,"[0.0, 0.0]","[-3.202103163483175, -5.500945163090522]","[[188017.25483006192, 398438.7630753237], [1359141.5472785875, 462423.8345399839], [1359141.5472785875, 245533.38405868926], [188017.25483006192, 245533.38405868926]]",[0.05124840739405576],19.845946776105798,0.5
371.405224553091,[2.3903303531327125],[3.389711409831617],11115.314278636011,7838.210954410695,[3279.1329215805313],22.750719304191456,1.9818561639123415,1e-06,1e-06,1.4647828546921535,1.1684842853462754,32.64650527779162,-5.317801753820988,-3.6365796673725868,188017.24403646382,7.993012671301869,-11.629592338674456,1359141.6124185305,"[0.0, 0.0]","[-3.2021035640904096, -5.50094585017639]","[[188017.24403646382, 398438.7804796756], [1359141.6124185305, 462423.86257926427], [1359141.6124185305, 245533.38377137546], [188017.24403646382, 245533.38377137546]]",[0.05124839749978787],19.84594244079603,0.5
371.905224553091,[2.3903280023908726],[3.3897112263672082],11115.313381295791,7838.20303747109,[3279.1328343353302],22.750719329950478,1.9818561639123415,1e-06,1e-06,1.4647828546921535,1.1684842902910022,32.646505048309734,-5.317801318726355,-3.63655984336782,188017.23336242605,7.993033912851274,-11.629593756219094,1359141.6770601303,"[0.0, 0.0]","[-3.2021039602481784, -5.50094652978981]","[[188017.23336242605, 398438.797524893], [1359141.6770601303, 462423.89008337655], [1359141.6770601303, 245533.38347862894], [188017.23336242605, 245533.38347862894]]",[0.051248387758918365],19.845938114655016,0.5
372.405224553091,[2.390325670938838],[3.3897110445403307],11115.312491479634,7838.195185304912,[3279.132747725684],22.750719355556797,1.9818561639123415,1e-06,1e-06,1.4647828546921535,1.1684842952077452,32.64650482075518,-5.317800886507905,-3.6365399381017482,188017.2227500101,7.993055227478294,-11.629595165580042,1359141.741106337,"[0.0, 0.0]","[-3.202104354130763, -5.500947205342214]","[[188017.2227500101, 398438.8146370571], [1359141.741106337, 462423.91765192937], [1359141.741106337, 245533.38319613656], [188017.2227500101, 245533.38319613656]]",[0.05124837803075299],19.845933852127622,0.5
372.905224553091,[2.390323359670979],[3.3897108641554476],11115.311609200586,7838.18740130626,[3279.132661944601],22.750719380883424,1.9818561639123415,1e-06,1e-06,1.4647828546921535,1.1684843000694694,32.64650459512478,-5.317800458716824,-3.6365204469078094,188017.21225514804,7.993076112421932,-11.629596559329741,1359141.8046625745,"[0.0, 0.0]","[-3.2021047436385905, -5.500947873547569]","[[188017.21225514804, 398438.8313961152], [1359141.8046625745, 462423.94469429774], [1359141.8046625745, 245533.3829083027], [188017.21225514804, 245533.3829083027]]",[0.05124836845341104],19.845929598614998,0.5
373.405224553091,[2.3903210673691446],[3.389710685380391],11115.31073431856,7838.1796809937705,[3279.1325767883955],22.75071940605992,1.9818561639123415,1e-06,1e-06,1.4647828546921535,1.1684843049036797,32.646504371389426,-5.317800033753647,-3.6365008758163526,188017.20182087374,7.993097069216844,-11.629597945033197,1359141.8676334203,"[0.0, 0.0]","[-3.2021051309093984, -5.500948537760018]","[[188017.20182087374, 398438.84822099603], [1359141.8676334203, 462423.97180002497], [1359141.8676334203, 245533.38263055103], [188017.20182087374, 245533.38263055103]]",[0.05124835888856001],19.84592540764811,0.5
373.905224553091,[2.3903187950121962],[3.3897105080244962],11115.309866847163,7838.172028027734,[3279.132492445528],22.75071943096143,1.9818561639123415,1e-06,1e-06,1.4647828546921535,1.1684843096838002,32.646504149545706,-5.317799613143596,-3.636481712362695,188017.19150213758,7.993117603030157,-11.629599315392852,1359141.9301223517,"[0.0, 0.0]","[-3.202105513879876, -5.500949194750485]","[[188017.19150213758, 398438.8646982633], [1359141.9301223517, 462423.9983878033], [1359141.9301223517, 245533.38234752763], [188017.19150213758, 245533.38234752763]]",[0.05124834947210923],19.84592122554149,0.5
374.405224553091,[2.3903165413242577],[3.3897103322523194],11115.309006645764,7838.164437744692,[3279.1324087153225],22.750719455715373,1.9818561639123415,1e-06,1e-06,1.4647828546921535,1.1684843144368844,32.646503929564744,-5.317799195314237,-3.6364624707063626,188017.1812428842,7.993138207146728,-11.629600677853091,1359141.9920356295,"[0.0, 0.0]","[-3.202105894653805, -5.500949847819889]","[[188017.1812428842, 398438.8812399521], [1359141.9920356295, 462424.02503748337], [1359141.9920356295, 245533.38207438655], [188017.1812428842, 245533.38207438655]]",[0.051248340067990845],19.84591710491056,0.5
374.905224553091,[2.3903143071320345],[3.3897101578748035],11115.308153728627,7838.156913302736,[3279.132325784877],22.75071948019903,1.9818561639123415,1e-06,1e-06,1.4647828546921535,1.168484319136804,32.64650371144302,-5.317798781764602,-3.636443629337009,188017.1710971741,7.993158395897467,-11.629602025234476,1359142.0534753692,"[0.0, 0.0]","[-3.202106271202059, -5.5009504937928675]","[[188017.1710971741, 398438.8974402934], [1359142.0534753692, 462424.05117852427], [1359142.0534753692, 245533.38179606994], [188017.1710971741, 245533.38179606994]]",[0.05124833080963523],19.84591299297876,0.5
375.405224553091,[2.3903120912608404],[3.3897099850536554],11115.307307959647,7838.149450380006,[3279.1322434576077],22.750719504537663,1.9818561639123415,1e-06,1e-06,1.4647828546921535,1.1684843238101505,32.646503495152615,-5.3177983709476715,-3.636424710618371,188017.1610099537,7.993178654230007,-11.629603364848379,1359142.1143493946,"[0.0, 0.0]","[-3.2021066455910123, -5.500951135911353]","[[188017.1610099537, 398438.91370436264], [1359142.1143493946, 462424.0773809704], [1359142.1143493946, 245533.3815275013], [188017.1610099537, 245533.3815275013]]",[0.05124832156329409],19.845908941500607,0.5
375.905224553091,[2.390309894563719],[3.389709813602706],11115.306469352052,7838.14205221355,[3279.1321619175133],22.750719528610567,1.9818561639123415,1e-06,1e-06,1.4647828546921535,1.1684843284312274,32.646503280690865,-5.317797964337172,-3.6364061853226985,188017.1510344109,7.993198504308452,-11.629604689631151,1359142.1747579034,"[0.0, 0.0]","[-3.202107015824125, -5.500951771050624]","[[188017.1510344109, 398438.92963293556], [1359142.1747579034, 462424.1030834766], [1359142.1747579034, 245533.3812538649], [188017.1510344109, 245533.3812538649]]",[0.05124831246024908],19.845904898585932,0.5
376.405224553091,[2.390307715887617],[3.389709643681459],11115.30563777333,7838.134714560079,[3279.1320809712006],22.75071955254088,1.9818561639123415,1e-06,1e-06,1.4647828546921535,1.1684843330261718,32.64650306803037,-5.317797560412473,-3.6363875839349475,188017.14111642743,7.993218422834957,-11.629606006769905,1359142.2346101876,"[0.0, 0.0]","[-3.2021073839323506, -5.500952402397058]","[[188017.14111642743, 398438.9456242], [1359142.2346101876, 462424.12884639215], [1359142.2346101876, 245533.38098982428], [188017.14111642743, 245533.38098982428]]",[0.05124830336902714],19.845900915119497,0.5
376.905224553091,[2.3903055560711306],[3.3897094751078187],11115.304813239243,7838.12744060163,[3279.132000799476],22.750719576209896,1.9818561639123415,1e-06,1e-06,1.4647828546921535,1.1684843375697145,32.6465028571684,-5.31779716062315,-3.636369369379395,188017.13130829713,7.99323793994057,-11.629607309319965,1359142.2940047304,"[0.0, 0.0]","[-3.2021077479526667, -5.500953026878255]","[[188017.13130829713, 398438.96128558705], [1359142.2940047304, 462424.1541177305], [1359142.2940047304, 245533.3807208056], [188017.13130829713, 245533.3807208056]]",[0.05124829441871911],19.845896940079445,0.5
377.405224553091,[2.3903034139784554],[3.3897093080381606],11115.303995617516,7838.120226158877,[3279.1319212120425],22.75071959973868,1.9818561639123415,1e-06,1e-06,1.4647828546921535,1.1684843420875544,32.64650264807784,-5.317796763474594,-3.6363510800452445,188017.12155680044,7.993257524303601,-11.629608604348846,1359142.3528523233,"[0.0, 0.0]","[-3.202108109882141, -5.500953647627492]","[[188017.12155680044, 398438.9770085818], [1359142.3528523233, 462424.1794484105], [1359142.3528523233, 245533.38046122203], [188017.12155680044, 245533.38046122203]]",[0.05124828548006076],19.845893023494565,0.5
377.905224553091,[2.390301290432438],[3.389709142293545],11115.303184923358,7838.113074354524,[3279.131842386489],22.750719623010507,1.9818561639123415,1e-06,1e-06,1.4647828546921535,1.168484346554846,32.64650244075597,-5.317796370392443,-3.6363331711027627,188017.1119133419,7.993276713927287,-11.62960988503005,1359142.4112497969,"[0.0, 0.0]","[-3.2021084677910743, -5.500954261624619]","[[188017.1119133419, 398438.9924071909], [1359142.4112497969, 462424.2042956939], [1359142.4112497969, 245533.38019674123], [188017.1119133419, 245533.38019674123]]",[0.05124827667997565],19.845889115197053,0.5
378.405224553091,[2.390299184314827],[3.3897089780282608],11115.302381027908,7838.105981074035,[3279.131764135546],22.75071964614441,1.9818561639123415,1e-06,1e-06,1.4647828546921535,1.1684843509968572,32.646502235176,-5.317795979907408,-3.6363151886903893,188017.10232558355,7.993295969623716,-11.629611158314106,1359142.4691094374,"[0.0, 0.0]","[-3.202108823643545, -5.500954871951137]","[[188017.10232558355, 398439.0078663278], [1359142.4691094374, 462424.22920125443], [1359142.4691094374, 245533.37994153282], [188017.10232558355, 245533.37994153282]]",[0.051248267891364954],19.84588526437432,0.5
378.905224553091,[2.3902970964331915],[3.3897088150662125],11115.301583945113,7838.098949382553,[3279.1316866336774],22.750719669025642,1.9818561639123415,1e-06,1e-06,1.4647828546921535,1.1684843553891615,32.646502031334876,-5.317795593421353,-3.6362975803390327,188017.09284405693,7.993314837151274,-11.629612417490307,1359142.5265264537,"[0.0, 0.0]","[-3.2021091755425783, -5.500955475638239]","[[188017.09284405693, 398439.0230064781], [1359142.5265264537, 462424.2536314656], [1359142.5265264537, 245533.37968150445], [188017.09284405693, 245533.37968150445]]",[0.05124825923901783],19.84588142169935,0.5
379.405224553091,[2.390295025687411],[3.389708653558549],11115.300793546272,7838.091975232372,[3279.1316096966984],22.750719691771224,1.9818561639123415,1e-06,1e-06,1.4647828546921535,1.1684843597566048,32.64650182920633,-5.317795209489594,-3.636279899793635,188017.08341729443,7.993333769600156,-11.629613669393791,1359142.5834146196,"[0.0, 0.0]","[-3.202109525419634, -5.500956075716262]","[[188017.08341729443, 398439.0382061041], [1359142.5834146196, 462424.2781189246], [1359142.5834146196, 245533.3794305879], [188017.08341729443, 245533.3794305879]]",[0.0512482505979629],19.84587763553286,0.5
379.905224553091,[2.3902929728701774],[3.3897084933318755],11115.300009844126,7838.08506163275,[3279.1315334961055],22.75071971426835,1.9818561639123415,1e-06,1e-06,1.4647828546921535,1.1684843640751723,32.64650162878735,-5.31779482949039,-3.6362625870636975,188017.07409497417,7.993352320363272,-11.62961490742697,1359142.6398675654,"[0.0, 0.0]","[-3.202109871409812, -5.500956669266614]","[[188017.07409497417, 398439.05309207], [1359142.6398675654, 462424.3021389758], [1359142.6398675654, 245533.37917492804], [188017.07409497417, 245533.37917492804]]",[0.05124824209089002],19.84587385737549,0.5
380.405224553091,[2.390290936899722],[3.389708334535741],11115.29923271489,7838.078204603327,[3279.131457850711],22.7507197366321,1.9818561639123415,1e-06,1e-06,1.4647828546921535,1.1684843683692956,32.6465014300519,-5.317794452003172,-3.63624520337288,188017.0648264892,7.993370934937843,-11.629616138310723,1359142.695800519,"[0.0, 0.0]","[-3.2021102154122327, -5.500957259268989]","[[188017.0648264892, 398439.0680364955], [1359142.695800519, 462424.326215291], [1359142.695800519, 245533.37892822354], [188017.0648264892, 245533.37892822354]]",[0.05124823359492135],19.845870134775925,0.5
380.905224553091,[2.390288918555812],[3.3897081769990067],11115.298462169145,7838.071407104244,[3279.1313829291926],22.75071975875155,1.9818561639123415,1e-06,1e-06,1.4647828546921535,1.1684843726153629,32.64650123299714,-5.317794078382922,-3.6362281813340473,188017.0556606822,7.993389174224603,-11.62961735555865,1359142.7513055482,"[0.0, 0.0]","[-3.2021105555934177, -5.500957842853938]","[[188017.0556606822, 398439.0826725172], [1359142.7513055482, 462424.3498320336], [1359142.7513055482, 245533.37867685294], [188017.0556606822, 245533.37867685294]]",[0.05124822523068407],19.845866420049198,0.5
381.405224553091,[2.390286916774021],[3.389708020868758],11115.297698085438,7838.064665219345,[3279.131308553433],22.75071978073986,1.9818561639123415,1e-06,1e-06,1.4647828546921535,1.1684843768373971,32.6465010375976,-5.31779370723275,-3.636211089530491,188017.0465477967,7.993407476247853,-11.629618565778344,1359142.8062993207,"[0.0, 0.0]","[-3.202110893820627, -5.50095842295115]","[[188017.0465477967, 398439.0973660135], [1359142.8062993207, 462424.37350409303], [1359142.8062993207, 245533.37843428587], [188017.0465477967, 245533.37843428587]]",[0.05124821687736169],19.845862759945984,0.5
381.905224553091,[2.3902849323216997],[3.389707865976943],11115.296940474896,7838.057981861307,[3279.131234889285],22.750719802487982,1.9818561639123415,1e-06,1e-06,1.4647828546921535,1.168484381012184,32.64650084385033,-5.317793339884755,-3.6361943533025283,188017.03753585622,7.993425409289841,-11.62961976259237,1359142.8608723579,"[0.0, 0.0]","[-3.202111228291082, -5.500958996739262]","[[188017.03753585622, 398439.1117562876], [1359142.8608723579, 462424.39672430325], [1359142.8608723579, 245533.37818713035], [188017.03753585622, 245533.37818713035]]",[0.051248208653554436],19.845859107582267,0.5
382.405224553091,[2.3902829641526355],[3.3897077124675006],11115.29618921591,7838.051353180861,[3279.131161761629],22.750719824107172,1.9818561639123415,1e-06,1e-06,1.4647828546921535,1.1684843851633415,32.64650065173038,-5.317792974965419,-3.636177548475132,188017.0285759421,7.993443404022003,-11.629620952497135,1359142.9149427314,"[0.0, 0.0]","[-3.202111560840656, -5.500959567098709]","[[188017.0285759421, 398439.12620307674], [1359142.9149427314, 462424.4199989108], [1359142.9149427314, 245533.3779486306], [188017.0285759421, 245533.3779486306]]",[0.05124820044047465],19.845855508924235,0.5
382.905224553091,[2.3902810130211667],[3.3897075601757276],11115.295444321415,7838.044782041548,[3279.131089333612],22.750719845490195,1.9818561639123415,1e-06,1e-06,1.4647828546921535,1.168484389268047,32.64650046123489,-5.3177926137843805,-3.6361610932457324,188017.01971527367,7.993461035976054,-11.629622129221787,1359142.9685994461,"[0.0, 0.0]","[-3.2021118896967242, -5.5009601312552565]","[[188017.01971527367, 398439.14035174146], [1359142.9685994461, 462424.44282926613], [1359142.9685994461, 245533.37770561987], [188017.01971527367, 245533.37770561987]]",[0.05124819235473164],19.84585191787533,0.5
383.405224553091,[2.3902790778992378],[3.3897074092434565],11115.294705672912,7838.038264660709,[3279.13101743307],22.75071986674646,1.9818561639123415,1e-06,1e-06,1.4647828546921535,1.1684843933495208,32.64650027233938,-5.3177922549911445,-3.6361445705573487,188017.01090575525,7.993478728596301,-11.62962329915365,1359143.0217619499,"[0.0, 0.0]","[-3.2021122166642666, -5.500960692040902]","[[188017.01090575525, 398439.1545559819], [1359143.0217619499, 462424.46571311925], [1359143.0217619499, 245533.37747112018], [188017.01090575525, 245533.37747112018]]",[0.051248184279532004],19.845848379630343,0.5
383.905224553091,[2.3902771595285945],[3.3897072595077073],11115.293973279799,7838.031803854102,[3279.1309462204385],22.750719887770536,1.9818561639123415,1e-06,1e-06,1.4647828546921535,1.168484397385323,32.64650008504111,-5.317791899873332,-3.6361283915891818,188017.00219381537,7.993496064537567,-11.629624456126749,1359143.074517749,"[0.0, 0.0]","[-3.202112540000407, -5.500961246727947]","[[188017.00219381537, 398439.16846710996], [1359143.074517749, 462424.4881601889], [1359143.074517749, 245533.37723218606], [188017.00219381537, 245533.37723218606]]",[0.05124817632952887],19.84584484886684,0.5
384.405224553091,[2.3902752568987236],[3.3897071111088763],11115.293247028609,7838.025395903469,[3279.130875526428],22.750719908669986,1.9818561639123415,1e-06,1e-06,1.4647828546921535,1.1684844013982856,32.64649989931587,-5.317791547103103,-3.6361121462875303,188016.99353216725,7.993513460133499,-11.62962560642103,1359143.1267876413,"[0.0, 0.0]","[-3.2021128614797254, -5.500961798100633]","[[188016.99353216725, 398439.18243288674], [1359143.1267876413, 462424.5106598666], [1359143.1267876413, 245533.37700162103], [188016.99353216725, 245533.37700162103]]",[0.0512481683898905],19.845841370021056,0.5
384.905224553091,[2.3902733707389143],[3.389706963886589],11115.292526928295,7838.019043577383,[3279.130805508822],22.75071992934116,1.9818561639123415,1e-06,1e-06,1.4647828546921535,1.1684844053663432,32.64649971516104,-5.317791197946522,-3.6360962389308042,188016.984966461,7.993530505043168,-11.629626743973972,1359143.1786576684,"[0.0, 0.0]","[-3.202113179388533, -5.500962343477062]","[[188016.984966461, 398439.1961104763], [1359143.1786576684, 462424.53273009945], [1359143.1786576684, 245533.3767666967], [188016.984966461, 245533.3767666967]]",[0.05124816057334594],19.845837898531425,0.5
385.405224553091,[2.3902715000558525],[3.38970681797863],11115.291812866433,7838.012743220756,[3279.130736001165],22.750719949889785,1.9818561639123415,1e-06,1e-06,1.4647828546921535,1.1684844093119442,32.64649953255298,-5.317790851098026,-3.636080266349552,188016.97645020386,7.99354760861047,-11.629627874960022,1359143.2300499477,"[0.0, 0.0]","[-3.2021134954716413, -5.500962885594667]","[[188016.97645020386, 398439.2098418008], [1359143.2300499477, 462424.5548520621], [1359143.2300499477, 245533.37654000137], [188016.97645020386, 245533.37654000137]]",[0.051248152766991684],19.845834478088292,0.5
385.905224553091,[2.390269645566181],[3.3897066732273964],11115.291104852045,7838.006497554335,[3279.1306671585808],22.75071997021397,1.9818561639123415,1e-06,1e-06,1.4647828546921535,1.168484413213394,32.6464993514889,-5.317790507802457,-3.636064626039172,188016.96802828013,7.993564367379008,-11.62962899341818,1359143.281049072,"[0.0, 0.0]","[-3.202113808044125, -5.500963421816505]","[[188016.96802828013, 398439.22328977665], [1359143.281049072, 462424.5765517895], [1359143.281049072, 245533.3763090203], [188016.96802828013, 245533.3763090203]]",[0.05124814508166546],19.84583106487812,0.5
386.405224553091,[2.390267806293693],[3.3897065297683193],11115.290402774468,7838.000302985809,[3279.130598817408],22.750719990417664,1.9818561639123415,1e-06,1e-06,1.4647828546921535,1.1684844170927633,32.64649917194555,-5.317790166776189,-3.6360489215972507,188016.95965497714,7.9935811838222435,-11.629630105419494,1359143.331578477,"[0.0, 0.0]","[-3.202114118821433, -5.500963954834113]","[[188016.95965497714, 398439.23679058696], [1359143.331578477, 462424.59830238007], [1359143.331578477, 245533.37608613048], [188016.95965497714, 245533.37608613048]]",[0.05124813740635858],19.845827701857743,0.5
386.905224553091,[2.3902659829430744],[3.389706387446842],11115.289706643951,7837.994162190542,[3279.130531130187],22.75072001040068,1.9818561639123415,1e-06,1e-06,1.4647828546921535,1.1684844209287228,32.64649899392049,-5.3177898292432,-3.6360335438502602,188016.9513744259,7.993597661252863,-11.629631205103124,1359143.3817213303,"[0.0, 0.0]","[-3.202114426147018, -5.50096448205487]","[[188016.9513744259, 398439.25001280365], [1359143.3817213303, 462424.6196378213], [1359143.3817213303, 245533.37585902677], [188016.9513744259, 245533.37585902677]]",[0.05124812985004912],19.845824345949048,0.5
387.405224553091,[2.3902641745539093],[3.3897062463956362],11115.289016350052,7837.9880716345415,[3279.130463935992],22.750720030265235,1.9818561639123415,1e-06,1e-06,1.4647828546921535,1.1684844247429733,32.64649881739052,-5.317789493941424,-3.6360181030474337,188016.94314168036,7.993614195390592,-11.629632298438025,1359143.4314023457,"[0.0, 0.0]","[-3.202114731707565, -5.500965006125104]","[[188016.94314168036, 398439.26328696846], [1359143.4314023457, 462424.64102327224], [1359143.4314023457, 245533.37563987848], [188016.94314168036, 245533.37563987848]]",[0.05124812230359111],19.845821039387747,0.5
387.905224553091,[2.390262381819507],[3.3897061064628606],11115.288331903115,7837.982033949647,[3279.130397384762],22.750720049912807,1.9818561639123415,1e-06,1e-06,1.4647828546921535,1.1684844285145415,32.64649864235332,-5.317789162074304,-3.636002983457786,188016.93500013047,7.9936303962040824,-11.629633379661868,1359143.4807032999,"[0.0, 0.0]","[-3.202115033874215, -5.500965524495653]","[[188016.93500013047, 398439.27628721436], [1359143.4807032999, 462424.6620005399], [1359143.4807032999, 245533.375416587], [188016.93500013047, 245533.375416587]]",[0.05124811487413377],19.84581773981881,0.5
388.405224553091,[2.390260603795134],[3.3897059677792645],11115.287653195586,7837.976045659781,[3279.130331318285],22.750720069443908,1.9818561639123415,1e-06,1e-06,1.4647828546921535,1.1684844322647643,32.646498468786206,-5.317788832400966,-3.6359878018736254,188016.926905585,7.993646652769769,-11.629634454643394,1359143.5295501687,"[0.0, 0.0]","[-3.2021153343054363, -5.500966039768528]","[[188016.926905585, 398439.289338534], [1359143.5295501687, 462424.6830269741], [1359143.5295501687, 245533.37520111716], [188016.926905585, 245533.37520111716]]",[0.051248107454363645],19.84581448876882,0.5
388.905224553091,[2.3902588411627645],[3.3897058301953336],11115.28698023698,7837.970109353646,[3279.130265884003],22.750720088761675,1.9818561639123415,1e-06,1e-06,1.4647828546921535,1.1684844359730209,32.64649829668673,-5.317788506104656,-3.6359729361106474,188016.9189007042,7.993662581606543,-11.62963551771719,1359143.5780233594,"[0.0, 0.0]","[-3.2021156313997423, -5.500966549437414]","[[188016.9189007042, 398439.30212053267], [1359143.5780233594, 462424.70365207695], [1359143.5780233594, 245533.37498157372], [188016.9189007042, 245533.37498157372]]",[0.051248100149630105],19.84581124459378,0.5
389.405224553091,[2.390257092993597],[3.3897056938394385],11115.286312920853,7837.964221613685,[3279.1302009263327],22.75072010796492,1.9818561639123415,1e-06,1e-06,1.4647828546921535,1.1684844396602907,32.64649812603261,-5.317788181965328,-3.6359580093951536,188016.9109420388,7.993678565258392,-11.629636574653546,1359143.626050088,"[0.0, 0.0]","[-3.202115926787719, -5.500967056060584]","[[188016.9109420388, 398439.3149527469], [1359143.626050088, 462424.7243255202], [1359143.626050088, 245533.3747697204], [188016.9109420388, 245533.3747697204]]",[0.05124809285442137],19.84580804812312,0.5
389.905224553091,[2.3902553599577057],[3.389705558564621],11115.28565125671,7837.958384983672,[3279.1301365902427],22.750720126958406,1.9818561639123415,1e-06,1e-06,1.4647828546921535,1.168484443306299,32.64649795682158,-5.3177878611463605,-3.6359433931993976,188016.90307153302,7.993694226682578,-11.629637619881976,1359143.6737094105,"[0.0, 0.0]","[-3.202116218894812, -5.500967557173845]","[[188016.90307153302, 398439.32752016076], [1359143.6737094105, 462424.7446043681], [1359143.6737094105, 245533.37455386147], [188016.90307153302, 245533.37455386147]]",[0.05124808567231826],19.84580485841193,0.5
390.405224553091,[2.3902536411421753],[3.3897054244972886],11115.284995140548,7837.952596104396,[3279.130072722766],22.750720145839292,1.9818561639123415,1e-06,1e-06,1.4647828546921535,1.1684844469316722,32.646497789031685,-5.317787542448189,-3.6359287170749894,188016.89524646668,7.993709942001033,-11.629638659076022,1359143.720929767,"[0.0, 0.0]","[-3.2021165093242323, -5.500968055292525]","[[188016.89524646668, 398439.34013694647], [1359143.720929767, 462424.764930744], [1359143.720929767, 245533.37434556367], [188016.89524646668, 245533.37434556367]]",[0.05124807849958019],19.845801715604207,0.5
390.905224553091,[2.390251937205844],[3.389705291492948],11115.284344581705,7837.946857476971,[3279.1300094664375],22.750720164513943,1.9818561639123415,1e-06,1e-06,1.4647828546921535,1.1684844505164769,32.64649762266055,-5.317787227014664,-3.635914346258744,188016.8875080797,7.993725340500021,-11.629639686758765,1359143.7677888891,"[0.0, 0.0]","[-3.20211679652785, -5.500968547993795]","[[188016.8875080797, 398439.35249337653], [1359143.7677888891, 462424.78486914816], [1359143.7677888891, 245533.3741333275], [188016.8875080797, 245533.3741333275]]",[0.05124807143804899],19.84579857944239,0.5
391.405224553091,[2.3902502472507523],[3.389705159675896],11115.283699477894,7837.941165797323,[3279.1299466708406],22.75072018307788,1.9818561639123415,1e-06,1e-06,1.4647828546921535,1.1684844540809924,32.646497457686735,-5.317786913666346,-3.635899916519179,188016.8798143694,7.993740791989126,-11.629640708508305,1359143.81421642,"[0.0, 0.0]","[-3.2021170820819624, -5.500969037750788]","[[188016.8798143694, 398439.3648983501], [1359143.81421642, 462424.80485428305], [1359143.81421642, 245533.37392852543], [188016.8798143694, 245533.37392852543]]",[0.05124806438572543],19.84579548939662,0.5
391.905224553091,[2.390248571924955],[3.389705028904149],11115.283059838726,7837.935523525589,[3279.129884476162],22.750720201439044,1.9818561639123415,1e-06,1e-06,1.4647828546921535,1.16848445760562,32.64649729410792,-5.317786603527873,-3.6358857869626604,188016.87220588344,7.993755931977148,-11.629641718939808,1359143.8602887776,"[0.0, 0.0]","[-3.2021173644644025, -5.500969522181278]","[[188016.87220588344, 398439.37704733835], [1359143.8602887776, 462424.82445795916], [1359143.8602887776, 245533.37371985102], [188016.87220588344, 245533.37371985102]]",[0.05124805744274199],19.84579240588513,0.5
392.405224553091,[2.3902469103457817],[3.3897048992996317],11115.28242556258,7837.929927413788,[3279.129822734474],22.750720219691356,1.9818561639123415,1e-06,1e-06,1.4647828546921535,1.1684844611103,32.64649713190295,-5.3177862954396184,-3.635871599471784,188016.86464132403,7.993771124066029,-11.629642723537813,1359143.9059367923,"[0.0, 0.0]","[-3.2021176452250435, -5.500970003716958]","[[188016.86464132403, 398439.3892440555], [1359143.9059367923, 462424.84410758165], [1359143.9059367923, 245533.37351848598], [188016.86464132403, 245533.37351848598]]",[0.051248050508811406],19.84578936771547,0.5
392.905224553091,[2.3902452631501894],[3.3897047707229158],11115.281796659508,7837.924379880068,[3279.1297615836243],22.75072023774431,1.9818561639123415,1e-06,1e-06,1.4647828546921535,1.1684844645757613,32.64649697106955,-5.317785990507327,-3.635857707124103,188016.8571605581,7.9937860098836495,-11.629643717007752,1359143.9512356014,"[0.0, 0.0]","[-3.202117922867263, -5.500970480015542]","[[188016.8571605581, 398439.4011890853], [1359143.9512356014, 462424.86338214984], [1359143.9512356014, 245533.3733133137], [188016.8571605581, 245533.3733133137]]",[0.0512480436823851],19.845786335970356,0.5
393.405224553091,[2.39024362947037],[3.389704643293601],11115.281173028665,7837.918877731108,[3279.1297008781626],22.750720255690226,1.9818561639123415,1e-06,1e-06,1.4647828546921535,1.1684844680216095,32.64649681158693,-5.31778568759082,-3.635843757814314,188016.84972298157,7.993800946927763,-11.629644704742077,1359143.9961171912,"[0.0, 0.0]","[-3.20211819891488, -5.500970953467854]","[[188016.84972298157, 398439.41318104276], [1359143.9961171912, 462424.8827018935], [1359143.9961171912, 245533.37311532805], [188016.84972298157, 245533.37311532805]]",[0.05124803686485976],19.84578334880588,0.5
393.905224553091,[2.390242009932359],[3.3897045168747555],11115.280554680394,7837.913423343675,[3279.1296407536065],22.750720273440116,1.9818561639123415,1e-06,1e-06,1.4647828546921535,1.1684844714288976,32.646496653452914,-5.3177853877773185,-3.6358300986926224,188016.84236779192,7.993815582842444,-11.629645681535067,1359144.0406554383,"[0.0, 0.0]","[-3.2021184718964637, -5.500971421771047]","[[188016.84236779192, 398439.4249255384], [1359144.0406554383, 462424.90165287955], [1359144.0406554383, 245533.37291359899], [188016.84236779192, 245533.37291359899]]",[0.051248030153033884],19.845780367958078,0.5
394.405224553091,[2.3902404036833276],[3.389704391584481],11115.279941517303,7837.908013579467,[3279.129581066975],22.750720291084793,1.9818561639123415,1e-06,1e-06,1.4647828546921535,1.1684844748169014,32.64649649664699,-5.317785089945773,-3.635816383565327,188016.83505506674,7.993830269123464,-11.629646652688791,1359144.0847834747,"[0.0, 0.0]","[-3.2021187433102023, -5.500971887275735]","[[188016.83505506674, 398439.4367161741], [1359144.0847834747, 462424.92064828286], [1359144.0847834747, 245533.3727189361], [188016.83505506674, 245533.3727189361]]",[0.05124802344995944],19.8457774309425,0.5
394.905224553091,[2.390238811338801],[3.389704267287603],11115.279333547824,7837.9026507753715,[3279.1295219515196],22.750720308536724,1.9818561639123415,1e-06,1e-06,1.4647828546921535,1.168484478166993,32.64649634116705,-5.317784795165132,-3.6358029537543644,188016.8278233457,7.993844659330534,-11.629647613084899,1359144.1285739357,"[0.0, 0.0]","[-3.202119011709362, -5.500972347717716]","[[188016.8278233457, 398439.44826350175], [1359144.1285739357, 462424.93928111834], [1359144.1285739357, 245533.37252059267], [188016.8278233457, 245533.37252059267]]",[0.051248016850810235],19.84577450013758,0.5
395.405224553091,[2.3902372320596768],[3.389704144100361],11115.2787306765,7837.897331843771,[3279.1294632666336],22.750720325885197,1.9818561639123415,1e-06,1e-06,1.4647828546921535,1.168484481498124,32.64649618699292,-5.3177845023331685,-3.635789468876851,188016.82063337637,7.993859099059364,-11.629648567936215,1359144.171961073,"[0.0, 0.0]","[-3.2021192785669585, -5.500972805408156]","[[188016.82063337637, 398439.45985619613], [1359144.171961073, 462424.9579576275], [1359144.171961073, 245533.37232919678], [188016.82063337637, 245533.37232919678]]",[0.05124801026026523],19.845771612429022,0.5
395.905224553091,[2.3902356664517814],[3.3897040218896377],11115.278132910971,7837.8920590844355,[3279.1294051433447],22.750720343044172,1.9818561639123415,1e-06,1e-06,1.4647828546921535,1.1684844847919786,32.64649603412255,-5.317784212500907,-3.63577626452701,188016.81352305162,7.993873247683553,-11.629649512210563,1359144.2150163054,"[0.0, 0.0]","[-3.2021195424605864, -5.500973258120846]","[[188016.81352305162, 398439.4712096665], [1359144.2150163054, 462424.97627765423], [1359144.2150163054, 245533.37213418214], [188016.81352305162, 245533.37213418214]]",[0.051248003771900995],19.84576873082683,0.5
396.405224553091,[2.390234113690021],[3.3897039007699696],11115.277540158128,7837.886829461277,[3279.129347443385],22.75072036010143,1.9818561639123415,1e-06,1e-06,1.4647828546921535,1.168484488067191,32.64649588253616,-5.317783924584618,-3.635763006034665,188016.80645377786,7.993887444998563,-11.629650451033228,1359144.2576749844,"[0.0, 0.0]","[-3.2021198048385804, -5.500973708128213]","[[188016.80645377786, 398439.4826077419], [1359144.2576749844, 462424.99464062136], [1359144.2576749844, 245533.3719459984], [188016.80645377786, 245533.3719459984]]",[0.05124799729199662],19.84576589159752,0.5
396.905224553091,[2.390232574369621],[3.3897037806108252],11115.276952426757,7837.88164523413,[3279.1292902956206],22.750720376972357,1.9818561639123415,1e-06,1e-06,1.4647828546921535,1.1684844913057528,32.64649573223153,-5.317783639617681,-3.6357500233606856,188016.79946281193,7.993901356095648,-11.629651379456334,1359144.3000073314,"[0.0, 0.0]","[-3.202120064302317, -5.50097415324138]","[[188016.79946281193, 398439.4937706092], [1359144.3000073314, 462425.01265309064], [1359144.3000073314, 245533.3717542568], [188016.79946281193, 245533.3717542568]]",[0.051247990912557724],19.84576305837208,0.5
397.405224553091,[2.3902310476799786],[3.389703661523984],11115.27636962248,7837.876503419904,[3279.1292335640746],22.750720393743272,1.9818561639123415,1e-06,1e-06,1.4647828546921535,1.1684844945259854,32.646495583189335,-5.317783356534551,-3.6357369874529013,188016.79251220784,7.993915315066488,-11.62965230251939,1359144.3419497858,"[0.0, 0.0]","[-3.2021203222758228, -5.5009745956945775]","[[188016.79251220784, 398439.5049773331], [1359144.3419497858, 462425.0307077801], [1359144.3419497858, 245533.37156923139], [188016.79251220784, 245533.37156923139]]",[0.05124798454143652],19.845760266808167,0.5
397.905224553091,[2.390229534205837],[3.389703543381749],11115.27579175607,7837.871406238912,[3279.1291773754583],22.750720410330995,1.9818561639123415,1e-06,1e-06,1.4647828546921535,1.168484497710182,32.64649543540747,-5.317783076351265,-3.635724222732904,188016.78563859712,7.99392899262449,-11.629653215357393,1359144.3835713875,"[0.0, 0.0]","[-3.2021205773840085, -5.5009750333357745]","[[188016.78563859712, 398439.51595279743], [1359144.3835713875, 462425.04841785564], [1359144.3835713875, 245533.37138070798], [188016.78563859712, 245533.37138070798]]",[0.051247978269094274],19.84575748114728,0.5
398.405224553091,[2.3902280331500876],[3.389703426294016],11115.275218734705,7837.866350757763,[3279.129121596076],22.750720426820386,1.9818561639123415,1e-06,1e-06,1.4647828546921535,1.1684845008763578,32.6464952888669,-5.317782798020177,-3.6357114056739306,188016.77880467125,7.9939427172512865,-11.629654122925217,1359144.4248096428,"[0.0, 0.0]","[-3.202120831027011, -5.500975468361669]","[[188016.77880467125, 398439.52697138133], [1359144.4248096428, 462425.06616944104], [1359144.4248096428, 245533.37119878794], [188016.77880467125, 245533.37119878794]]",[0.051247972004930455],19.845754736448555,0.5
398.905224553091,[2.3902265450881766],[3.389703310134355],11115.274650566123,7837.861339161213,[3279.1290663505165],22.75072044312965,1.9818561639123415,1e-06,1e-06,1.4647828546921535,1.1684845040071026,32.64649514356552,-5.317782522540253,-3.6356988552495295,188016.77204644584,7.993956165190184,-11.629655020439714,1359144.4657324345,"[0.0, 0.0]","[-3.2021210818527694, -5.500975898656264]","[[188016.77204644584, 398439.5377625887], [1359144.4657324345, 462425.0835821993], [1359144.4657324345, 245533.37101342858], [188016.77204644584, 245533.37101342858]]",[0.05124796583788693],19.84575199755373,0.5
399.405224553091,[2.390225069236064],[3.389703195012194],11115.274087163516,7837.856368564053,[3279.129011507313],22.75072045934224,1.9818561639123415,1e-06,1e-06,1.4647828546921535,1.168484507120128,32.6464949994845,-5.317782248881434,-3.635686253363076,188016.76532723923,7.993969659409402,-11.629655912772478,1359144.5062783177,"[0.0, 0.0]","[-3.2021213312379206, -5.5009763263794795]","[[188016.76532723923, 398439.54859619256], [1359144.5062783177, 462425.10103577166], [1359144.5062783177, 245533.37083456182], [188016.76532723923, 245533.37083456182]]",[0.05124795967888439],19.845749298933377,0.5
399.905224553091,[2.3902236061595405],[3.389703080802536],11115.273528532362,7837.851441114466,[3279.128957189],22.750720475377726,1.9818561639123415,1e-06,1e-06,1.4647828546921535,1.168484510198318,32.646494856621985,-5.317781978025923,-3.635673913638243,188016.75868246306,7.993982881582383,-11.629656795220626,1359144.546514032,"[0.0, 0.0]","[-3.202121577853108, -5.50097674945085]","[[188016.75868246306, 398439.5592062347], [1359144.546514032, 462425.11815620103], [1359144.546514032, 245533.37065231346], [188016.75868246306, 245533.37065231346]]",[0.05124795361537263],19.845746606019503,0.5
400.405224553091,[2.3902221550878675],[3.389702967612579],11115.272974585901,7837.846553976051,[3279.128903266283],22.75072049131815,1.9818561639123415,1e-06,1e-06,1.4647828546921535,1.1684845132590862,32.646494714959374,-5.317781708960942,-3.635661523313047,188016.75207605012,7.993996149261022,-11.62965767257407,1359144.5863791686,"[0.0, 0.0]","[-3.202121823051876, -5.500977169993925]","[[188016.75207605012, 398439.56985796365], [1359144.5863791686, 462425.1353167629], [1359144.5863791686, 245533.3704764488], [188016.75207605012, 245533.3704764488]]",[0.051247947559766006],19.845743952703963,0.5
400.905224553091,[2.390220716577279],[3.389702855320274],11115.272425332272,7837.841709260712,[3279.1288498596296],22.75072050708446,1.9818561639123415,1e-06,1e-06,1.4647828546921535,1.1684845162856028,32.64649457449468,-5.317781442652221,-3.6356493907487106,188016.7455428183,7.994009149460112,-11.629658540208823,1359144.6259393455,"[0.0, 0.0]","[-3.2021220655272065, -5.50097758596327]","[[188016.7455428183, 398439.5802898835], [1359144.6259393455, 462425.1521497742], [1359144.6259393455, 245533.37029725936], [188016.7455428183, 245533.37029725936]]",[0.0512479415980473],19.84574130499908,0.5
401.405224553091,[2.390219289869902],[3.3897027440299734],11115.271880682898,7837.836904179536,[3279.12879684196],22.750720522757298,1.9818561639123415,1e-06,1e-06,1.4647828546921535,1.1684845192949904,32.64649443520989,-5.317781178103975,-3.6356372084341047,188016.7390473061,7.994022194400259,-11.629659402834363,1359144.6651351622,"[0.0, 0.0]","[-3.2021223066098634, -5.500977999446799]","[[188016.7390473061, 398439.5907627897], [1359144.6651351622, 462425.16902224266], [1359144.6651351622, 245533.37012434631], [188016.7390473061, 245533.37012434631]]",[0.05124793564410138],19.845738696227762,0.5
401.905224553091,[2.3902178755124552],[3.3897026336225338],11115.271340648449,7837.832140808294,[3279.1287443316805],22.750720538258932,1.9818561639123415,1e-06,1e-06,1.4647828546921535,1.1684845222707019,32.64649429710289,-5.317780916265731,-3.6356252795525847,188016.73262374656,7.994034976351713,-11.629660255904298,1359144.7040311445,"[0.0, 0.0]","[-3.2021225450147996, -5.500978408433368]","[[188016.73262374656, 398439.6010195774], [1359144.7040311445, 462425.1855726604], [1359144.7040311445, 245533.3699481644], [188016.73262374656, 245533.3699481644]]",[0.051247929782466985],19.845736092972892,0.5
402.405224553091,[2.390216472760117],[3.3897025242005485],11115.27080514185,7837.827416405993,[3279.128692203855],22.75072055366868,1.9818561639123415,1e-06,1e-06,1.4647828546921535,1.1684845252295715,32.64649416015595,-5.317780656158409,-3.6356133017570755,188016.72623727357,7.994047802292016,-11.629661104049092,1359144.7425688878,"[0.0, 0.0]","[-3.202122782050458, -5.500978814975824]","[[188016.72623727357, 398439.61131666275], [1359144.7425688878, 462425.20216187194], [1359144.7425688878, 245533.36977815354], [188016.72623727357, 245533.36977815354]]",[0.0512479239284751],19.845733527998,0.5
402.905224553091,[2.390215082150512],[3.3897024156462803],11115.270274171722,7837.822733013889,[3279.128640574924],22.75072056891009,1.9818561639123415,1e-06,1e-06,1.4647828546921535,1.1684845281553304,32.64649402436709,-5.317780398715589,-3.635601573138274,188016.71992154504,7.994060369660474,-11.629661942798748,1359144.7808118262,"[0.0, 0.0]","[-3.202123016453318, -5.500979217096775]","[[188016.71992154504, 398439.621401259], [1359144.7808118262, 462425.2184344407], [1359144.7808118262, 245533.36960492886], [188016.71992154504, 245533.36960492886]]",[0.05124791816524459],19.84573096844692,0.5
403.405224553091,[2.39021370295086],[3.389702308061005],11115.269747653645,7837.818087935391,[3279.12858932201],22.75072058406115,1.9818561639123415,1e-06,1e-06,1.4647828546921535,1.1684845310645295,32.64649388971884,-5.317780142974646,-3.6355897964262454,188016.71364228075,7.994072980279611,-11.629662776705857,1359144.8187025404,"[0.0, 0.0]","[-3.2021232495099077, -5.500979616814664]","[[188016.71364228075, 398439.6315254765], [1359144.8187025404, 462425.2347451529], [1359144.8187025404, 245533.3694377716], [188016.71364228075, 245533.3694377716]]",[0.051247912409528334],19.84572844653316,0.5
403.905224553091,[2.390212335690132],[3.3897022013290967],11115.26922559657,7837.813483178732,[3279.128538559609],22.75072059904671,1.9818561639123415,1e-06,1e-06,1.4647828546921535,1.1684845339411742,32.646493756209225,-5.317779889853479,-3.6355782647095225,188016.7074325737,7.994085336666046,-11.629663601375569,1359144.8563034008,"[0.0, 0.0]","[-3.2021234799778844, -5.500980012185265]","[[188016.7074325737, 398439.64144077105], [1359144.8563034008, 462425.25074453594], [1359144.8563034008, 245533.3692674543], [188016.7074325737, 245533.3692674543]]",[0.051247906743050214],19.84572592995216,0.5
404.405224553091,[2.3902109796479514],[3.389702095549831],11115.268707916628,7837.8089160930085,[3279.1284881669408],22.75072061394343,1.9818561639123415,1e-06,1e-06,1.4647828546921535,1.1684845368015375,32.64649362382107,-5.317779638405617,-3.635566685706692,188016.70125871862,7.994097735577384,-11.629664421284076,1359144.893557952,"[0.0, 0.0]","[-3.2021237091221764, -5.5009804051931415]","[[188016.70125871862, 398439.651395022], [1359144.893557952, 462425.2667814225], [1359144.893557952, 245533.36910310274], [188016.70125871862, 245533.36910310274]]",[0.05124790108396005],19.845723450376646,0.5
404.905224553091,[2.3902096353442377],[3.3897019906093107],11115.268194621845,7837.804388652121,[3279.1284382565555],22.750720628677428,1.9818561639123415,1e-06,1e-06,1.4647828546921535,1.1684845396298922,32.64649349255245,-5.317779389533559,-3.6355553475856937,188016.6951532533,7.994109884524562,-11.629665232110256,1359144.9305275208,"[0.0, 0.0]","[-3.2021239357213, -5.500980793926686]","[[188016.6951532533, 398439.66114385735], [1359144.9305275208, 462425.28251220676], [1359144.9305275208, 245533.36893564416], [188016.6951532533, 245533.36893564416]]",[0.05124789551260988],19.845720976044337,0.5
405.405224553091,[2.390208302070288],[3.3897018866056903],11115.267685631548,7837.79989824829,[3279.1283887097],22.75072064332408,1.9818561639123415,1e-06,1e-06,1.4647828546921535,1.1684845424422385,32.646493362386536,-5.317779142306716,-3.6355439629725765,188016.6890830383,7.994122075282405,-11.629666038254982,1359144.9671565918,"[0.0, 0.0]","[-3.202124161018971, -5.500981180337203]","[[188016.6890830383, 398439.67093099514], [1359144.9671565918, 462425.29827986483], [1359144.9671565918, 245533.36877405117], [188016.6890830383, 245533.36877405117]]",[0.05124788994852373],19.845718538096275,0.5
405.905224553091,[2.390206980337691],[3.3897017834269136],11115.267180953368,7837.795446823567,[3279.1283396370277],22.750720657810735,1.9818561639123415,1e-06,1e-06,1.4647828546921535,1.168484545223114,32.64649323332128,-5.317778897612444,-3.6355328151974504,188016.6830800648,7.994134020272384,-11.629666835469834,1359145.0035054625,"[0.0, 0.0]","[-3.202124383814198, -5.500981562545099]","[[188016.6830800648, 398439.6805161661], [1359145.0035054625, 462425.3137465599], [1359145.0035054625, 245533.36860940338], [188016.6830800648, 245533.36860940338]]",[0.05124788447070454],19.845716105303385,0.5
406.405224553091,[2.3902056694500913],[3.389701681169195],11115.266680506984,7837.791031815397,[3279.1282909217675],22.75072067221152,1.9818561639123415,1e-06,1e-06,1.4647828546921535,1.1684845479882502,32.646493105340255,-5.317778654535781,-3.635521621710211,188016.67711175003,7.994146006371807,-11.629667628082018,1359145.0395195563,"[0.0, 0.0]","[-3.2021246053298, -5.500981942468946]","[[188016.67711175003, 398439.6901389967], [1359145.0395195563, 462425.3292495097], [1359145.0395195563, 245533.3684505228], [188016.67711175003, 245533.3684505228]]",[0.05124787900002732],19.845713708283924,0.5
406.905224553091,[2.3902043699099633],[3.389701579722149],11115.266184299346,7837.786655131593,[3279.128242672753],22.75072068645499,1.9818561639123415,1e-06,1e-06,1.4647828546921535,1.168484550722443,32.64649297844153,-5.317778413949161,-3.6355106610863572,188016.67120954828,7.99415775082781,-11.629668411914167,1359145.0752581516,"[0.0, 0.0]","[-3.202124824384978, -5.500982318260769]","[[188016.67120954828, 398439.6995632497], [1359145.0752581516, 462425.34445654735], [1359145.0752581516, 245533.3682886387], [188016.67120954828, 245533.3682886387]]",[0.051247873614169354],19.8457113163331,0.5
407.405224553091,[2.3902030810323307],[3.389701479181009],11115.265692253513,7837.782314251574,[3279.1281947751604],22.75072070061402,1.9818561639123415,1e-06,1e-06,1.4647828546921535,1.1684845534411612,32.646492852608674,-5.317778174952989,-3.6354996555169805,188016.66534142348,7.994169535703747,-11.629669191220728,1359145.1106675952,"[0.0, 0.0]","[-3.2021250421820064, -5.500982691806845]","[[188016.66534142348, 398439.70902453095], [1359145.1106675952, 462425.3596992325], [1359145.1106675952, 245533.3681324249], [188016.66534142348, 245533.3681324249]]",[0.05124786823533319],19.845708959555115,0.5
407.905224553091,[2.3902018033117423],[3.3897013794370214],11115.265204375506,7837.778011052731,[3279.1281473359713],22.7507207146184,1.9818561639123415,1e-06,1e-06,1.4647828546921535,1.1684845561294552,32.646492727839984,-5.317777938405091,-3.6354888788997073,188016.6595383015,7.9941810829950555,-11.629669961894763,1359145.1458061668,"[0.0, 0.0]","[-3.202125257559944, -5.500983061290273]","[[188016.6595383015, 398439.7182905701], [1359145.1458061668, 462425.3746509754], [1359145.1458061668, 245533.36797325808], [188016.6595383015, 245533.36797325808]]",[0.0512478629398917],19.84570660776065,0.5
408.405224553091,[2.390200536074764],[3.389701280583451],11115.264720588531,7837.773743056986,[3279.128100242308],22.750720728539743,1.9818561639123415,1e-06,1e-06,1.4647828546921535,1.1684845588025348,32.64649260411937,-5.317777703420927,-3.6354780580933266,188016.65376868483,7.994192670025882,-11.629670728119208,1359145.1806211085,"[0.0, 0.0]","[-3.202125471700804, -5.500983428565645]","[[188016.65376868483, 398439.7275930141], [1359145.1806211085, 462425.3896377646], [1359145.1806211085, 245533.36781966634], [188016.65376868483, 245533.36781966634]]",[0.05124785765135484],19.845704290548586,0.5
408.905224553091,[2.3901992798075864],[3.3897011825137944],11115.264240899947,7837.769512110071,[3279.128053599372],22.75072074230902,1.9818561639123415,1e-06,1e-06,1.4647828546921535,1.1684845614457011,32.646492481444966,-5.317777470843934,-3.6354674623956953,188016.64806297974,7.994204023460327,-11.629671485856022,1359145.2151697283,"[0.0, 0.0]","[-3.2021256834631826, -5.500983791846546]","[[188016.64806297974, 398439.7367034934], [1359145.2151697283, 462425.40433849604], [1359145.2151697283, 245533.36766317114], [188016.64806297974, 245533.36766317114]]",[0.051247852444812635],19.84570197823637,0.5
409.405224553091,[2.3901980338478497],[3.38970108531979],11115.263765234233,7837.765315774643,[3279.1280072961363],22.750720755996667,1.9818561639123415,1e-06,1e-06,1.4647828546921535,1.1684845640739068,32.64649235980113,-5.317777239804439,-3.635456823250024,188016.64239021752,7.994215415967858,-11.629672239217882,1359145.2494001524,"[0.0, 0.0]","[-3.202125894009274, -5.500984152956455]","[[188016.64239021752, 398439.7458497674], [1359145.2494001524, 462425.4190736868], [1359145.2494001524, 245533.36751215757], [188016.64239021752, 245533.36751215757]]",[0.05124784724505887],19.845699699925976,0.5
409.905224553091,[2.390196798673556],[3.3897009888964575],11115.263293597918,7837.761155865472,[3279.1279614360838],22.7507207695348,1.9818561639123415,1e-06,1e-06,1.4647828546921535,1.1684845666727024,32.64649223918599,-5.317777011131711,-3.6354464054356868,188016.63678029444,7.994226578798873,-11.62967298423456,1359145.2833687281,"[0.0, 0.0]","[-3.202126102216791, -5.500984510138959]","[[188016.63678029444, 398439.7548072979], [1359145.2833687281, 462425.43352761964], [1359145.2833687281, 245533.36735828925], [188016.63678029444, 245533.36735828925]]",[0.05124784212592383],19.84569742643315,0.5
410.405224553091,[2.3901955736334477],[3.3897008933340143],11115.262825916803,7837.757029986076,[3279.127915910051],22.750720782992676,1.9818561639123415,1e-06,1e-06,1.4647828546921535,1.168484569256789,32.64649211958391,-5.317776783970672,-3.6354359449009053,188016.63120276094,7.994237780048763,-11.629673724949669,1359145.3170244484,"[0.0, 0.0]","[-3.20212630922844, -5.500984865186929]","[[188016.63120276094, 398439.7638000233], [1359145.3170244484, 462425.4480154348], [1359145.3170244484, 245533.36720981056], [188016.63120276094, 245533.36720981056]]",[0.05124783701346286],19.845695186371344,0.5
410.905224553091,[2.390194359198093],[3.389700798529358],11115.262362197538,7837.75293992259,[3279.1278708197374],22.750720796303547,1.9818561639123415,1e-06,1e-06,1.4647828546921535,1.168484571811958,32.64649200099342,-5.3177765591366555,-3.6354257019815464,188016.62568701175,7.9942487554782815,-11.629674457459828,1359145.350422717,"[0.0, 0.0]","[-3.2021265139407706, -5.500985216373397]","[[188016.62568701175, 398439.7726071741], [1359145.350422717, 462425.4622267145], [1359145.350422717, 245533.36705852498], [188016.62568701175, 245533.36705852498]]",[0.05124783198026712],19.84569295104623,0.5
411.405224553091,[2.3901931547267523],[3.3897007045710756],11115.261902366856,7837.748883317448,[3279.127826057833],22.7507208095355,1.9818561639123415,1e-06,1e-06,1.4647828546921535,1.168484574352666,32.64649188339905,-5.317776335788954,-3.6354154170593347,188016.62020310853,7.994259768681275,-11.62967518574061,1359145.3835133847,"[0.0, 0.0]","[-3.202126717477302, -5.500985565461145]","[[188016.62020310853, 398439.7814489289], [1359145.3835133847, 462425.4764713077], [1359145.3835133847, 245533.36691253856], [188016.62020310853, 245533.36691253856]]",[0.05124782695363345],19.845690748590883,0.5
411.905224553091,[2.390191960681799],[3.3897006113576533],11115.261446430908,7837.744861925892,[3279.127781724354],22.750720822622924,1.9818561639123415,1e-06,1e-06,1.4647828546921535,1.1684845768649412,32.646491766799215,-5.317776114729235,-3.63540534609956,188016.61477995248,7.994270559854499,-11.629675905954059,1359145.416350923,"[0.0, 0.0]","[-3.202126918753136, -5.500985910752246]","[[188016.61477995248, 398439.790108224], [1359145.416350923, 462425.4904440071], [1359145.416350923, 245533.36676379247], [188016.61477995248, 245533.36676379247]]",[0.05124782200493446],19.84568855079271,0.5
412.405224553091,[2.3901907764335766],[3.3897005189765936],11115.26099431887,7837.7408734309265,[3279.1277377137585],22.75072083563275,1.9818561639123415,1e-06,1e-06,1.4647828546921535,1.1684845793629983,32.64649165117879,-5.317775895130868,-3.6353952338424733,188016.60938810802,7.994281388166655,-11.629676622009129,1359145.4488860257,"[0.0, 0.0]","[-3.2021271188728857, -5.500986253979835]","[[188016.60938810802, 398439.798801542], [1359145.4488860257, 462425.5044494602], [1359145.4488860257, 245533.3666202566], [188016.60938810802, 245533.3666202566]]",[0.0512478170626875],19.845686385312487,0.5
412.905224553091,[2.390189602436847],[3.389700427328149],11115.260546037052,7837.736919558858,[3279.127694124402],22.75072084850047,1.9818561639123415,1e-06,1e-06,1.4647828546921535,1.1684845818331,32.64649153653619,-5.317775677782078,-3.6353853319553764,188016.6040559909,7.994291998177005,-11.629677330132381,1359145.4811722478,"[0.0, 0.0]","[-3.2021273167698743, -5.5009865934745115]","[[188016.6040559909, 398439.8073154639], [1359145.4811722478, 462425.518187585], [1359145.4811722478, 245533.36647400734], [188016.6040559909, 245533.36647400734]]",[0.051247812197066714],19.845684224411247,0.5
413.405224553091,[2.3901884380724594],[3.389700336497977],11115.260101514632,7837.732998031415,[3279.127650852527],22.750720861291903,1.9818561639123415,1e-06,1e-06,1.4647828546921535,1.1684845842892222,32.64649142285657,-5.317775461870122,-3.63537538946332,188016.59875465964,7.994302644703794,-11.629678034167114,1359145.5131611126,"[0.0, 0.0]","[-3.2021275135301948, -5.500986930940309]","[[188016.59875465964, 398439.81586283795], [1359145.5131611126, 462425.5319579139], [1359145.5131611126, 245533.3663328808], [188016.59875465964, 245533.3663328808]]",[0.05124780733778949],19.845682095285394,0.5
413.905224553091,[2.3901872837870988],[3.389700246387687],11115.259660756703,7837.729110544422,[3279.1276079948184],22.750720873943614,1.9818561639123415,1e-06,1e-06,1.4647828546921535,1.168484586717858,32.646491310138344,-5.317775248169964,-3.635365653810368,188016.5935120532,7.9943130765926185,-11.629678730402986,1359145.5449052756,"[0.0, 0.0]","[-3.202127708105056, -5.500987264735834]","[[188016.5935120532, 398439.8242338271], [1359145.5449052756, 462425.5454654017], [1359145.5449052756, 245533.36618908643], [188016.5935120532, 245533.36618908643]]",[0.051247802553852216],19.845679970661646,0.5
414.405224553091,[2.390186138972263],[3.389700157082345],11115.25922369637,7837.72525485866,[3279.12756544925],22.750720886520316,1.9818561639123415,1e-06,1e-06,1.4647828546921535,1.168484589132749,32.6464911983669,-5.317775035882528,-3.6353558782341793,188016.58829971592,7.99432354438477,-11.629679422618949,1359145.576357074,"[0.0, 0.0]","[-3.202127901562366, -5.500987596536595]","[[188016.58829971592, 398439.8326377069], [1359145.576357074, 462425.5590045537], [1359145.576357074, 245533.36605032886], [188016.58829971592, 245533.36605032886]]",[0.051247797776152015],19.84567787727987,0.5
414.905224553091,[2.390185004067497],[3.3897000684849194],11115.258790337728,7837.721432642695,[3279.127523310896],22.75072089895964,1.9818561639123415,1e-06,1e-06,1.4647828546921535,1.1684845915206155,32.646491087540824,-5.317774825769779,-3.635346306025667,188016.5831451178,7.994333801141465,-11.629680107167133,1359145.6075682784,"[0.0, 0.0]","[-3.202128092870903, -5.500987924728685]","[[188016.5831451178, 398439.840868162], [1359145.6075682784, 462425.5722852754], [1359145.6075682784, 245533.36590894818], [188016.5831451178, 245533.36590894818]]",[0.05124779307252731],19.845675788324584,0.5
415.405224553091,[2.390183878474208],[3.389699980678539],11115.258360613343,7837.717641693903,[3279.1274814794456],22.750720911325224,1.9818561639123415,1e-06,1e-06,1.4647828546921535,1.1684845938949675,32.64649097764567,-5.317774617046021,-3.6353366945628522,188016.57802028063,7.994344093200027,-11.62968078776288,1359145.6384920261,"[0.0, 0.0]","[-3.202128283080618, -5.5009882509594545]","[[188016.57802028063, 398439.84913095663], [1359145.6384920261, 462425.58559713117], [1359145.6384920261, 245533.36577251976], [188016.57802028063, 245533.36577251976]]",[0.05124778837503464],19.845673730086773,0.5
415.905224553091,[2.3901827626243857],[3.389699893568567],11115.257934529782,7837.713883652282,[3279.1274400483862],22.750720923555726,1.9818561639123415,1e-06,1e-06,1.4647828546921535,1.1684845962427486,32.64649086867996,-5.317774410460439,-3.6353272830535275,188016.57295221323,7.994354177765899,-11.629681460819427,1359145.6691792228,"[0.0, 0.0]","[-3.202128471177595, -5.500988573642098]","[[188016.57295221323, 398439.85722323816], [1359145.6691792228, 462425.59865489556], [1359145.6691792228, 245533.36563351235], [188016.57295221323, 245533.36563351235]]",[0.051247783750373775],19.845671676201157,0.5
416.405224553091,[2.390181655929818],[3.3896998072362114],11115.257512019001,7837.710156353255,[3279.127398919085],22.75072093571372,1.9818561639123415,1e-06,1e-06,1.4647828546921535,1.1684845985772414,32.64649076062949,-5.317774205240546,-3.635317832949738,188016.56791340755,7.9943642970401925,-11.62968212998993,1359145.6995837907,"[0.0, 0.0]","[-3.20212865819425, -5.500988894396398]","[[188016.56791340755, 398439.86534731544], [1359145.6995837907, 462425.61174327007], [1359145.6995837907, 245533.36549937405], [188016.56791340755, 245533.36549937405]]",[0.05124777913174234],19.845669652517326,0.5
416.905224553091,[2.3901805588152385],[3.3896997215884763],11115.257093087535,7837.706461409212,[3279.127358183432],22.75072094773891,1.9818561639123415,1e-06,1e-06,1.4647828546921535,1.1684846008856105,32.64649065349283,-5.317774002122929,-3.6353085794409594,188016.56293041838,7.994374212306923,-11.629682791747882,1359145.7297557772,"[0.0, 0.0]","[-3.20212884313362, -5.500989211662155]","[[188016.56293041838, 398439.87330374366], [1359145.7297557772, 462425.6245818207], [1359145.7297557772, 245533.36536270007], [188016.56293041838, 245533.36536270007]]",[0.05124777458471951],19.845667633112633,0.5
417.405224553091,[2.3901794707020985],[3.389699636705252],11115.256677668754,7837.702796691309,[3279.127317744487],22.750720959692806,1.9818561639123415,1e-06,1e-06,1.4647828546921535,1.1684846031809148,32.64649054725618,-5.317773800348081,-3.6352992879862427,188016.5579761998,7.994384161698747,-11.62968344968499,1359145.7596498772,"[0.0, 0.0]","[-3.2021290270107836, -5.500989527031875]","[[188016.5579761998, 398439.8812914335], [1359145.7596498772, 462425.63745046715], [1359145.7596498772, 245533.3652308134], [188016.5579761998, 245533.3652308134]]",[0.0512477700436251],19.845665643402693,0.5
417.905224553091,[2.390178392007868],[3.3896995524953297],11115.25626576981,7837.69916378442,[3279.127277692593],22.750720971516127,1.9818561639123415,1e-06,1e-06,1.4647828546921535,1.1684846054505325,32.64649044191793,-5.317773600640221,-3.635290189827458,188016.5530768611,7.994393910506403,-11.629684100333861,1359145.7893153024,"[0.0, 0.0]","[-3.2021292088455677, -5.500989838971648]","[[188016.5530768611, 398439.88911428733], [1359145.7893153024, 462425.6500734817], [1359145.7893153024, 245533.36509643364], [188016.5530768611, 245533.36509643364]]",[0.05124776557293765],19.845663657900026,0.5
418.405224553091,[2.390177322163989],[3.3896994690373377],11115.25585732535,7837.695560596276,[3279.1272379324064],22.75072098326935,1.9818561639123415,1e-06,1e-06,1.4647828546921535,1.1684846077073048,32.64649033746463,-5.317773402252586,-3.635281054359041,188016.54820580996,7.994403692867024,-11.629684747226065,1359145.8187075094,"[0.0, 0.0]","[-3.2021293896359433, -5.500990149047213]","[[188016.54820580996, 398439.8969678787], [1359145.8187075094, 462425.66272608796], [1359145.8187075094, 245533.3649667608], [188016.54820580996, 245533.3649667608]]",[0.05124776110807883],19.845661701593606,0.5
418.905224553091,[2.3901762615809767],[3.389699386240695],11115.255452339588,7837.6919886854275,[3279.127198552798],22.75072099489419,1.9818561639123415,1e-06,1e-06,1.4647828546921535,1.1684846099388226,32.64649023389467,-5.317773205897247,-3.635272108941649,188016.54338871728,7.994413278010768,-11.629685386952417,1359145.8478748784,"[0.0, 0.0]","[-3.202129568418249, -5.500990455750409]","[[188016.54338871728, 398439.9046594014], [1359145.8478748784, 462425.6751371863], [1359145.8478748784, 245533.36483463677], [188016.54338871728, 245533.36483463677]]",[0.05124775671244491],19.84565974942383,0.5
419.405224553091,[2.390175209699788],[3.389699304183867],11115.255050751937,7837.688445994544,[3279.127159459987],22.750721006450114,1.9818561639123415,1e-06,1e-06,1.4647828546921535,1.1684846121577102,32.646490131194696,-5.317773010839973,-3.6352631268404707,188016.53859943722,7.994422896144727,-11.629686022985197,1359145.8767736177,"[0.0, 0.0]","[-3.2021297461736613, -5.500990760620677]","[[188016.53859943722, 398439.9123811459], [1359145.8767736177, 462425.6875773797], [1359145.8767736177, 245533.36470714075], [188016.53859943722, 245533.36470714075]]",[0.05124775232254163],19.845657825960156,0.5
419.905224553091,[2.3901741669239684],[3.3896992227770806],11115.254652564274,7837.684934055798,[3279.1271207413715],22.750721017879805,1.9818561639123415,1e-06,1e-06,1.4647828546921535,1.1684846143517666,32.646490029363235,-5.317772817780877,-3.6352543315990147,188016.53386320983,7.994432320373392,-11.629686651972406,1359145.9054512938,"[0.0, 0.0]","[-3.202129921954696, -5.500991062175156]","[[188016.53386320983, 398439.91994354315], [1359145.9054512938, 462425.69978012046], [1359145.9054512938, 245533.3645772346], [188016.53386320983, 245533.3645772346]]",[0.05124774800070099],19.84565590656367,0.5
420.405224553091,[2.390173132703526],[3.3896991420976765],11115.254257717677,7837.681450845323,[3279.1270823047525],22.750721029241742,1.9818561639123415,1e-06,1e-06,1.4647828546921535,1.1684846165334055,32.64648992838721,-5.317772625998045,-3.6352455002910915,188016.5291543287,7.994441777036798,-11.62968727732789,1359145.9338648499,"[0.0, 0.0]","[-3.202130096726089, -5.500991361927495]","[[188016.5291543287, 398439.9275356535], [1359145.9338648499, 462425.7120114661], [1359145.9338648499, 245533.3644518787], [188016.5291543287, 245533.3644518787]]",[0.05124774368449535],19.845654015391364,0.5
420.905224553091,[2.3901721074356073],[3.3896990620577707],11115.253866215086,7837.677997870686,[3279.1270442360137],22.750721040479558,1.9818561639123415,1e-06,1e-06,1.4647828546921535,1.1684846186906301,32.6464898282652,-5.317772436179867,-3.635236852705418,188016.52449760935,7.994451043050731,-11.629687895756149,1359145.9620610545,"[0.0, 0.0]","[-3.202130269556269, -5.500991658419765]","[[188016.52449760935, 398439.9349710922], [1359145.9620610545, 462425.72400934575], [1359145.9620610545, 245533.36432415314], [188016.52449760935, 245533.36432415314]]",[0.051247739435209466],19.845652128217974,0.5
421.405224553091,[2.3901710905796856],[3.3896989827325386],11115.25347799596,7837.674573142922,[3279.127006444572],22.750721051650753,1.9818561639123415,1e-06,1e-06,1.4647828546921535,1.1684846208356452,32.64648972898425,-5.317772247616533,-3.6352281696581485,188016.5198677771,7.994460340955584,-11.629688510613732,1359145.9899975772,"[0.0, 0.0]","[-3.2021304413937415, -5.500991953140099]","[[188016.5198677771, 398439.94243574573], [1359145.9899975772, 462425.73603535106], [1359145.9899975772, 245533.36420090162], [188016.5198677771, 245533.36420090162]]",[0.05124773519146375],19.84565026879493,0.5
421.905224553091,[2.3901700825258474],[3.389698904036384],11115.253093065734,7837.671178142918,[3279.1269690148342],22.75072106269992,1.9818561639123415,1e-06,1e-06,1.4647828546921535,1.1684846229566566,32.64648963054293,-5.317772060984856,-3.635219667250226,188016.51528923135,7.994469451410055,-11.62968911866028,1359146.0177203948,"[0.0, 0.0]","[-3.2021306113225503, -5.500992244655022]","[[188016.51528923135, 398439.9497463566], [1359146.0177203948, 462425.7478318085], [1359146.0177203948, 245533.3640753201], [188016.51528923135, 245533.3640753201]]",[0.05124773101351488],19.84564841330369,0.5
422.405224553091,[2.390169082742901],[3.3896988260426033],11115.252711362817,7837.667810915924,[3279.1269318577256],22.750721073683586,1.9818561639123415,1e-06,1e-06,1.4647828546921535,1.1684846250656629,32.646489532928456,-5.317771875586959,-3.6352111299748344,188016.51073712122,7.994478593221345,-11.62968972319618,1359146.0451878898,"[0.0, 0.0]","[-3.202130780275375, -5.50099253442784]","[[188016.51073712122, 398439.9570856927], [1359146.0451878898, 462425.7596559203], [1359146.0451878898, 245533.3639541375], [188016.51073712122, 245533.3639541375]]",[0.05124772684101285],19.845646585096908,0.5
422.905224553091,[2.3901680916139787],[3.3896987486675245],11115.25233289424,7837.6644729167,[3279.1268950562635],22.75072108454727,1.9818561639123415,1e-06,1e-06,1.4647828546921535,1.168484627151068,32.64648943613969,-5.317771692088311,-3.635202770306364,188016.50623543668,7.994487550728934,-11.629690321035298,1359146.0724452694,"[0.0, 0.0]","[-3.202130947351556, -5.500992821049063]","[[188016.50623543668, 398439.96427357214], [1359146.0724452694, 462425.7712543376], [1359146.0724452694, 245533.3638306641], [188016.50623543668, 245533.3638306641]]",[0.05124772273320306],19.845644760755892,0.5
423.405224553091,[2.390167108617124],[3.3896986719832047],11115.251957599312,7837.661162224278,[3279.126858522835],22.750721095346545,1.9818561639123415,1e-06,1e-06,1.4647828546921535,1.1684846292246702,32.64648934016384,-5.317771509802731,-3.635194376355514,188016.50175974375,7.9944965390672,-11.629690915422714,1359146.099451609,"[0.0, 0.0]","[-3.202131113468106, -5.500993105957375]","[[188016.50175974375, 398439.971489695], [1359146.099451609, 462425.7828799458], [1359146.099451609, 245533.36371151567], [188016.50175974375, 245533.36371151567]]",[0.05124771863074859],19.84564296324129,0.5
423.905224553091,[2.3901661341290987],[3.3896985959070007],11115.251585483837,7837.657880269285,[3279.126822339101],22.75072110602786,1.9818561639123415,1e-06,1e-06,1.4647828546921535,1.1684846312750667,32.64648924499966,-5.317771329384504,-3.6351861570304322,188016.4973336302,7.9945053461953535,-11.629691503225786,1359146.126251366,"[0.0, 0.0]","[-3.2021312777395394, -5.500993387767012]","[[188016.4973336302, 398439.97855690325], [1359146.126251366, 462425.7942836475], [1359146.126251366, 245533.363590115], [188016.4973336302, 245533.363590115]]",[0.051247714591900514],19.845641169527553,0.5
424.405224553091,[2.3901651676364177],[3.389698520509856],11115.251216488401,7837.654625162009,[3279.126786418905],22.75072111664585,1.9818561639123415,1e-06,1e-06,1.4647828546921535,1.168484633313859,32.64648915063498,-5.317771150158994,-3.6351779039988514,188016.49293307215,7.994514183636227,-11.629692087635078,1359146.1528042967,"[0.0, 0.0]","[-3.2021314410674506, -5.500993667892502]","[[188016.49293307215, 398439.98565188044], [1359146.1528042967, 462425.80571408296], [1359146.1528042967, 245533.36347296662], [188016.49293307215, 245533.36347296662]]",[0.051247710558317984],19.845639402189892,0.5
424.905224553091,[2.3901642095098596],[3.3896984457108514],11115.250850619854,7837.6513983102095,[3279.1267508425462],22.750721127147848,1.9818561639123415,1e-06,1e-06,1.4647828546921535,1.1684846353298357,32.64648905706832,-5.31777097276949,-3.635169822660771,188016.48858126084,7.9945228429098165,-11.629692665570587,1359146.1791541125,"[0.0, 0.0]","[-3.20213160258121, -5.500993944971311]","[[188016.48858126084, 398439.9926004436], [1359146.1791541125, 462425.81692633877], [1359146.1791541125, 245533.36335360378], [188016.48858126084, 245533.36335360378]]",[0.05124770658727376],19.845637638589285,0.5
425.405224553091,[2.3901632592443542],[3.3896983715794806],11115.250487818781,7837.6481978551155,[3279.126715525271],22.750721137587586,1.9818561639123415,1e-06,1e-06,1.4647828546921535,1.168484637334402,32.6464889642877,-5.317770796552667,-3.6351617081824656,188016.4842545762,7.994531531986752,-11.629693240169217,1359146.2052612454,"[0.0, 0.0]","[-3.2021317631672708, -5.500994220394244]","[[188016.4842545762, 398439.9995763094], [1359146.2052612454, 462425.82816487877], [1359146.2052612454, 245533.36323842194], [188016.4842545762, 245533.36323842194]]",[0.05124770262140684],19.84563590092194,0.5
425.905224553091,[2.390162317204543],[3.3896982980360417],11115.250128091597,7837.645025181242,[3279.1266805460723],22.75072114791329,1.9818561639123415,1e-06,1e-06,1.4647828546921535,1.1684846393165356,32.646488872291684,-5.317770622141034,-3.635153762514335,188016.4799758199,7.994540045888471,-11.629693808402806,1359146.2311686743,"[0.0, 0.0]","[-3.2021319219696696, -5.500994492821655]","[[188016.4799758199, 398440.00640821975], [1359146.2311686743, 462425.83918890276], [1359146.2311686743, 245533.36312106275], [188016.4799758199, 245533.36312106275]]",[0.05124769871702808],19.84563416692889,0.5
426.405224553091,[2.3901613828935293],[3.3896982251492465],11115.249771381154,7837.641878460028,[3279.126645821622],22.75072115817777,1.9818561639123415,1e-06,1e-06,1.4647828546921535,1.168484641287451,32.64648878106857,-5.3177704488824205,-3.635145784262818,188016.47572176871,7.994548589092631,-11.629694373355449,1359146.256837498,"[0.0, 0.0]","[-3.2021320798599486, -5.5009947636210095]","[[188016.47572176871, 398440.0132669738], [1359146.256837498, 462425.85023876914], [1359146.256837498, 245533.36300781442], [188016.47572176871, 245533.36300781442]]",[0.05124769481773991],19.845632458433744,0.5
426.905224553091,[2.3901604566703454],[3.3896981528403765],11115.249417692477,7837.638759054342,[3279.1266114295527],22.750721168330138,1.9818561639123415,1e-06,1e-06,1.4647828546921535,1.16848464323631,32.64648869061682,-5.317770277398684,-3.635137971987831,188016.4715148412,7.994556960062141,-11.629694932049972,1359146.2823099669,"[0.0, 0.0]","[-3.2021322359964732, -5.500995031475098]","[[188016.4715148412, 398440.0199841891], [1359146.2823099669, 462425.86107772065], [1359146.2823099669, 245533.36289242524], [188016.4715148412, 245533.36289242524]]",[0.05124769097890771],19.845630753551216,0.5
427.405224553091,[2.390159538046343],[3.38969808117722],11115.249066970251,7837.635665166097,[3279.1265772879683],22.750721178422307,1.9818561639123415,1e-06,1e-06,1.4647828546921535,1.168484645174139,32.646488600924954,-5.317770107048597,-3.635130127675893,188016.46733220396,7.994565359842795,-11.629695487518688,1359146.307547836,"[0.0, 0.0]","[-3.202132391236177, -5.500995297728447]","[[188016.46733220396, 398440.0267277975], [1359146.307547836, 462425.8719420808], [1359146.307547836, 245533.36278107797], [188016.46733220396, 245533.36278107797]]",[0.05124768714508056],19.845629073738536,0.5
427.905224553091,[2.39015862737392],[3.389698010082234],11115.248719218893,7837.6325981332575,[3279.1265434731863],22.750721188404246,1.9818561639123415,1e-06,1e-06,1.4647828546921535,1.168484647090282,32.64648851199166,-5.317769938443599,-3.635122446554817,188016.4631958996,7.994573590279344,-11.629696036834162,1359146.3325926492,"[0.0, 0.0]","[-3.2021325447515943, -5.500995561085972]","[[188016.4631958996, 398440.0333322432], [1359146.3325926492, 462425.88259906665], [1359146.3325926492, 245533.3626676258], [188016.4631958996, 245533.3626676258]]",[0.051247683370694554],19.845627397477813,0.5
428.405224553091,[2.390157724173219],[3.389697939622015],11115.248374383904,7837.629556189899,[3279.126509904704],22.750721198327,1.9818561639123415,1e-06,1e-06,1.4647828546921535,1.1684846489955802,32.646488423805465,-5.317769770953223,-3.63511473393487,188016.45908347765,7.994581849043129,-11.629696582978,1359146.3574068022,"[0.0, 0.0]","[-3.2021326973852573, -5.500995822869652]","[[188016.45908347765, 398440.03996263887], [1359146.3574068022, 462425.89328103466], [1359146.3574068022, 245533.3625581477], [188016.45908347765, 245533.3625581477]]",[0.05124767960122958],19.84562574586607,0.5
428.905224553091,[2.3901568287908517],[3.389697869720471],11115.24803247005,7837.6265406519,[3279.1264766575378],22.750721208141357,1.9818561639123415,1e-06,1e-06,1.4647828546921535,1.1684846508795566,32.646488336364996,-5.317769605178652,-3.6351071817650222,188016.4550166107,7.9945899413070265,-11.629697123072049,1359146.382031141,"[0.0, 0.0]","[-3.202132848323557, -5.500996081806124]","[[188016.4550166107, 398440.0464562084], [1359146.382031141, 462425.9037591101], [1359146.382031141, 245533.36244660002], [188016.4550166107, 245533.36244660002]]",[0.0512476758902077],19.845624097746654,0.5
429.405224553091,[2.390155940754438],[3.389697800443084],11115.24769342366,7837.623549781015,[3279.126443652508],22.75072121789753,1.9818561639123415,1e-06,1e-06,1.4647828546921535,1.1684846527528696,32.646488249659114,-5.317769440499984,-3.6350995986252883,188016.4509732255,7.994598061422266,-11.629697660047555,1359146.40642869,"[0.0, 0.0]","[-3.2021329983948905, -5.500996339195121]","[[188016.4509732255, 398440.0529752924], [1359146.40642869, 462425.9142617485], [1359146.40642869, 245533.36233895965], [188016.4509732255, 245533.36233895965]]",[0.051247672184024304],19.845622473862402,0.5
429.905224553091,[2.3901550604051223],[3.3896977317149997],11115.247357249378,7837.620584872253,[3279.126410963398],22.75072122754714,1.9818561639123415,1e-06,1e-06,1.4647828546921535,1.168484654605219,32.64648816368651,-5.317769277508323,-3.6350921732428105,188016.44697463055,7.994606017832041,-11.629698191074851,1359146.4306396116,"[0.0, 0.0]","[-3.202133146799342, -5.500996593784754]","[[188016.44697463055, 398440.0593598467], [1359146.4306396116, 462425.92456391663], [1359146.4306396116, 245533.3622292846], [188016.44697463055, 245533.3622292846]]",[0.051247668535303055],19.84562085341183,0.5
430.405224553091,[2.3901541872785557],[3.3896976636005776],11115.247023894482,7837.6176442169635,[3279.1263785123933],22.750721237139537,1.9818561639123415,1e-06,1e-06,1.4647828546921535,1.1684846564470845,32.646488078436164,-5.317769115594158,-3.635084717409086,188016.44299912296,7.994614001626928,-11.629698719036014,1359146.454627554,"[0.0, 0.0]","[-3.2021332943513854, -5.500996846852877]","[[188016.44299912296, 398440.06576948793], [1359146.454627554, 462425.93489023636], [1359146.454627554, 245533.36212345122], [188016.44299912296, 245533.36212345122]]",[0.05124766489133872],19.84561925678958,0.5
430.905224553091,[2.3901533217100477],[3.3896975960263247],11115.246693363726,7837.614729087949,[3279.126346371992],22.750721246627144,1.9818561639123415,1e-06,1e-06,1.4647828546921535,1.168484658268338,32.64648799390676,-5.317768955338678,-3.635077416685249,188016.43906765385,7.994621824463536,-11.629699241148785,1359146.4784319992,"[0.0, 0.0]","[-3.202133440264518, -5.500997097168619]","[[188016.43906765385, 398440.0720468572], [1359146.4784319992, 462425.9450194501], [1359146.4784319992, 245533.36201561705], [188016.43906765385, 245533.36201561705]]",[0.05124766130387217],19.845617663543365,0.5
431.405224553091,[2.3901524632429823],[3.389697529055214],11115.246365604275,7837.611837805048,[3279.1263144656887],22.75072125605852,1.9818561639123415,1e-06,1e-06,1.4647828546921535,1.1684846600792833,32.6464879100875,-5.3177687961426265,-3.6350700860217557,188016.43515888468,7.994629674225166,-11.629699760246922,1359146.5020172093,"[0.0, 0.0]","[-3.2021335853395367, -5.500997345988377]","[[188016.43515888468, 398440.0783488921], [1359146.5020172093, 462425.95517240977], [1359146.5020172093, 245533.36191156015], [188016.43515888468, 245533.36191156015]]",[0.05124765772108276],19.845616093725447,0.5
431.905224553091,[2.390151612206723],[3.389697462615297],11115.246040621938,7837.608971618736,[3279.126282864798],22.750721265386854,1.9818561639123415,1e-06,1e-06,1.4647828546921535,1.1684846618699627,32.64648782697702,-5.317768638577417,-3.6350629078629026,188016.43129341456,7.994637365731819,-11.629700273594722,1359146.5254220054,"[0.0, 0.0]","[-3.202133728803177, -5.500997592101999]","[[188016.43129341456, 398440.0845208766], [1359146.5254220054, 462425.96513157396], [1359146.5254220054, 245533.36180553632], [188016.43129341456, 245533.36180553632]]",[0.051247654193842286],19.845614527226886,0.5
432.405224553091,[2.3901507681532506],[3.3896973967685025],11115.245718364646,7837.606128879997,[3279.1262514940518],22.75072127465989,1.9818561639123415,1e-06,1e-06,1.4647828546921535,1.1684846636505068,32.64648774456475,-5.317768482053838,-3.6350557002668324,188016.42745026317,7.994645083711873,-11.629700783978706,1359146.548611246,"[0.0, 0.0]","[-3.2021338714427685, -5.500997836744709]","[[188016.42745026317, 398440.0907171127], [1359146.548611246, 462425.97511408594], [1359146.548611246, 245533.36170322623], [188016.42745026317, 245533.36170322623]]",[0.05124765067120037],19.84561298376329,0.5
432.905224553091,[2.390149931405493],[3.389697331444042],11115.245398838108,7837.603310815452,[3279.1262204236127],22.750721283831638,1.9818561639123415,1e-06,1e-06,1.4647828546921535,1.1684846654111258,32.646487662849495,-5.317768327133717,-3.635048642617562,188016.42364968458,7.99465264609114,-11.629701288708702,1359146.5716231025,"[0.0, 0.0]","[-3.2021340124980195, -5.500998078726695]","[[188016.42364968458, 398440.09678547975], [1359146.5716231025, 462425.98490605253], [1359146.5716231025, 245533.3615989821], [188016.42364968458, 245533.3615989821]]",[0.051247647203175616],19.845611443563318,0.5
433.405224553091,[2.390149101522971],[3.3896972667026697],11115.245081990639,7837.600515803792,[3279.126189579461],22.750721292949002,1.9818561639123415,1e-06,1e-06,1.4647828546921535,1.168484667161779,32.64648758182068,-5.317768173237758,-3.635041556023225,188016.4198710497,7.994660234501339,-11.629701790524564,1359146.5944230212,"[0.0, 0.0]","[-3.202134152743076, -5.500998319262539]","[[188016.4198710497, 398440.10287769296], [1359146.5944230212, 462425.9947209772], [1359146.5944230212, 245533.3614983894], [188016.4198710497, 245533.3614983894]]",[0.05124764373967163],19.845609926011605,0.5
433.905224553091,[2.390148278824054],[3.389697202474734],11115.244767827611,7837.597745053827,[3279.1261590305608],22.75072130196678,1.9818561639123415,1e-06,1e-06,1.4647828546921535,1.1684846688928416,32.64648750147717,-5.317768020918336,-3.635034616857922,188016.4161342727,7.994667669923672,-11.629702286781594,1359146.6170485364,"[0.0, 0.0]","[-3.202134291430391, -5.500998557182288]","[[188016.4161342727, 398440.1088441842], [1359146.6170485364, 462426.0043485565], [1359146.6170485364, 245533.3613958953], [188016.4161342727, 245533.3613958953]]",[0.051247640329867644],19.845608411668728,0.5
434.405224553091,[2.390147462874857],[3.3896971388201282],11115.244456298788,7837.594996968881,[3279.126128704152],22.750721310931095,1.9818561639123415,1e-06,1e-06,1.4647828546921535,1.1684846706141063,32.6464874218085,-5.317767869605885,-3.63502764923453,188016.4124190713,7.994675130938731,-11.629702780173261,1359146.63946567,"[0.0, 0.0]","[-3.2021344293210827, -5.500998793680133]","[[188016.4124190713, 398440.11483412026], [1359146.63946567, 462426.0139987068], [1359146.63946567, 245533.36129699126], [188016.4124190713, 245533.36129699126]]",[0.05124763692450897],19.8456069195939,0.5
434.905224553091,[2.3901466539884972],[3.389697075670549],11115.24414741003,7837.59227273777,[3279.12609866804],22.750721319797478,1.9818561639123415,1e-06,1e-06,1.4647828546921535,1.1684846723161089,32.646487342813714,-5.317767719843507,-3.63502082656521,188016.40874502523,7.994682441534167,-11.629703268099377,1359146.6617113259,"[0.0, 0.0]","[-3.202134565680175, -5.50099902760581]","[[188016.40874502523, 398440.120700445], [1359146.6617113259, 462426.02346465696], [1359146.6617113259, 245533.36119621768], [188016.40874502523, 245533.36119621768]]",[0.05124763357194882],19.845605430674016,0.5
435.405224553091,[2.3901458517387164],[3.389697013084555],11115.243841110825,7837.58957079172,[3279.1260688506727],22.750721328611302,1.9818561639123415,1e-06,1e-06,1.4647828546921535,1.1684846740084784,32.64648726448246,-5.317767571071193,-3.6350139759156264,188016.40509219258,7.994689777292706,-11.629703753208332,1359146.6837521018,"[0.0, 0.0]","[-3.2021347012560404, -5.500999260133479]","[[188016.40509219258, 398440.12658982095], [1359146.6837521018, 462426.03295279905], [1359146.6837521018, 245533.3610989738], [188016.40509219258, 245533.3610989738]]",[0.05124763022375935],19.845603963648355,0.5
435.905224553091,[2.3901450564332256],[3.389696950995228],11115.243537407807,7837.586892299159,[3279.1260393187445],22.750721337328848,1.9818561639123415,1e-06,1e-06,1.4647828546921535,1.1684846756819087,32.646487186813715,-5.317767423822927,-3.635007267785568,188016.40147982407,7.994696965157914,-11.629704232943482,1359146.7056242798,"[0.0, 0.0]","[-3.202134835326024, -5.500999490132142]","[[188016.40147982407, 398440.1323576616], [1359146.7056242798, 462426.0422598346], [1359146.7056242798, 245533.36099989185], [188016.40147982407, 245533.36099989185]]",[0.051247626927481665],19.845602499724688,0.5
436.405224553091,[2.390144267652663],[3.389696889459759],11115.24323625003,7837.584235716789,[3279.1260100018994],22.750721345994712,1.9818561639123415,1e-06,1e-06,1.4647828546921535,1.1684846773458673,32.64648710979742,-5.31776727754811,-3.635000532146023,188016.39788831325,7.994704177762628,-11.629704709908651,1359146.7272950166,"[0.0, 0.0]","[-3.202134968625948, -5.500999718756293]","[[188016.39788831325, 398440.1381481657], [1359146.7272950166, 462426.05158868857], [1359146.7272950166, 245533.3609042806], [188016.39788831325, 245533.3609042806]]",[0.051247623635501637],19.84560105732766,0.5
436.905224553091,[2.390143485700046],[3.389696828412688],11115.242937645067,7837.581602194934,[3279.1259809656967],22.75072135456591,1.9818561639123415,1e-06,1e-06,1.4647828546921535,1.1684846789912053,32.64648703343249,-5.317767132771765,-3.6349939366329522,188016.39433658705,7.9947112449573865,-11.629705181590339,1359146.748799987,"[0.0, 0.0]","[-3.202135100445234, -5.500999944893871]","[[188016.39433658705, 398440.14381917496], [1359146.748799987, 462426.0607394764], [1359146.748799987, 245533.36080686195], [188016.39433658705, 245533.36080686195]]",[0.05124762039456178],19.84559961798055,0.5
437.405224553091,[2.390142710162648],[3.3896967679104284],11115.242641543398,7837.578990214854,[3279.1259521409543],22.750721363086296,1.9818561639123415,1e-06,1e-06,1.4647828546921535,1.1684846806272302,32.646486957709044,-5.317766988952515,-3.6349873140713953,188016.39080536852,7.994718336477092,-11.629705650548487,1359146.770106898,"[0.0, 0.0]","[-3.2021352315073632, -5.501000169679969]","[[188016.39080536852, 398440.14951246796], [1359146.770106898, 462426.0699117173], [1359146.770106898, 245533.3607128555], [188016.39080536852, 245533.3607128555]]",[0.05124761715784727],19.845598199798683,0.5
437.905224553091,[2.3901419413384244],[3.3896967078878792],11115.242347950121,7837.576400907701,[3279.1259235921525],22.75072137151361,1.9818561639123415,1e-06,1e-06,1.4647828546921535,1.168484682244947,32.64648688262605,-5.31776684660659,-3.634980829285098,188016.3873132668,7.994725285026675,-11.629706114311773,1359146.7912508254,"[0.0, 0.0]","[-3.202135361113764, -5.5010003920213]","[[188016.3873132668, 398440.15508827125], [1359146.7912508254, 462426.07890888024], [1359146.7912508254, 245533.36061707235], [188016.3873132668, 245533.36061707235]]",[0.05124761397131637],19.84559678461555,0.5
438.405224553091,[2.3901411788218674],[3.389696648401422],11115.242056819528,7837.573832781171,[3279.125895251266],22.750721379890955,1.9818561639123415,1e-06,1e-06,1.4647828546921535,1.168484683853508,32.646486808173734,-5.317766705201691,-3.6349743179040956,188016.38384132847,7.99473225749324,-11.629706575397336,1359146.812200018,"[0.0, 0.0]","[-3.2021354899756824, -5.501000613033813]","[[188016.38384132847, 398440.1606859845], [1359146.812200018, 462426.0879271367], [1359146.812200018, 245533.3605246439], [188016.38384132847, 245533.3605246439]]",[0.05124761078893979],19.84559539024233,0.5
438.905224553091,[2.3901404229059624],[3.3896965893864364],11115.241768154558,7837.5712869474855,[3279.125867181673],22.750721388176792,1.9818561639123415,1e-06,1e-06,1.4647828546921535,1.1684846854440671,32.64648673435113,-5.317766565245387,-3.63496794198511,188016.38040785026,7.994739089390237,-11.629707031375347,1359146.8329889628,"[0.0, 0.0]","[-3.2021356174063045, -5.501000831642585]","[[188016.38040785026, 398440.1661681806], [1359146.8329889628, 462426.09677325474], [1359146.8329889628, 245533.36043046857], [188016.38040785026, 245533.36043046857]]",[0.05124760765590429],19.845593998817474,0.5
439.405224553091,[2.390139673191615],[3.38969653089848],11115.241481910773,7837.568761938166,[3279.1258393165194],22.750721396413514,1.9818561639123415,1e-06,1e-06,1.4647828546921535,1.1684846870256238,32.64648666114863,-5.317766426214316,-3.634961539919175,188016.37699419705,7.994745944801252,-11.629707484720427,1359146.8535864428,"[0.0, 0.0]","[-3.2021357441049787, -5.501001048944863]","[[188016.37699419705, 398440.17167191784], [1359146.8535864428, 462426.1056401104], [1359146.8535864428, 245533.3603395918], [188016.37699419705, 245533.3603395918]]",[0.05124760452695368],19.845592627853218,0.5
439.905224553091,[2.39013892996697],[3.389696472874435],11115.241198092383,7837.566258846986,[3279.125811718106],22.75072140456025,1.9818561639123415,1e-06,1e-06,1.4647828546921535,1.1684846885894822,32.646486588565324,-5.317766288607515,-3.6349552710400417,188016.3736183582,7.994752662003634,-11.629707933043676,1359146.874026365,"[0.0, 0.0]","[-3.20213586939635, -5.501001263883733]","[[188016.3736183582, 398440.1770620781], [1359146.874026365, 462426.1143377186], [1359146.874026365, 245533.36024699733], [188016.3736183582, 245533.36024699733]]",[0.05124760144651554],19.845591259787803,0.5
440.405224553091,[2.390138192839799],[3.3896964153682867],11115.240916653527,7837.563776230617,[3279.125784320679],22.75072141265869,1.9818561639123415,1e-06,1e-06,1.4647828546921535,1.168484690144489,32.646486516591665,-5.317766151910419,-3.634948976451426,188016.37026201142,7.994759402326849,-11.629708378778275,1359146.8942780395,"[0.0, 0.0]","[-3.2021359939680965, -5.5010014775380816]","[[188016.37026201142, 398440.182473419], [1359146.8942780395, 462426.12305571814], [1359146.8942780395, 245533.36015764618], [188016.37026201142, 245533.36015764618]]",[0.0512475983700933],19.84558991183947,0.5
440.905224553091,[2.390137462093373],[3.389696358318321],11115.240637599676,7837.561315164488,[3279.125757185553],22.750721420668672,1.9818561639123415,1e-06,1e-06,1.4647828546921535,1.1684846916820937,32.64648644522674,-5.317766016613689,-3.6349428128162913,188016.36694284476,7.994766006758994,-11.629708819575285,1359146.9143748018,"[0.0, 0.0]","[-3.2021361171561455, -5.501001688868654]","[[188016.36694284476, 398440.1877730875], [1359146.9143748018, 462426.1316073088], [1359146.9143748018, 245533.36006660605], [188016.36694284476, 245533.36006660605]]",[0.05124759534136993],19.84558856674135,0.5
441.405224553091,[2.3901367373421794],[3.389696301777599],11115.240360885517,7837.558874229817,[3279.12573024803],22.75072142863116,1.9818561639123415,1e-06,1e-06,1.4647828546921535,1.1684846932109958,32.64648637446135,-5.317765882211377,-3.6349366239024334,188016.36364284265,7.994772633924697,-11.62970925782713,1359146.9342864754,"[0.0, 0.0]","[-3.2021362396366273, -5.501001898936281]","[[188016.36364284265, 398440.1930935818], [1359146.9342864754, 462426.14017894916], [1359146.9342864754, 245533.3599787548], [188016.36364284265, 245533.3599787548]]",[0.05124759231659474],19.845587241422564,0.5
441.905224553091,[2.3901360188645393],[3.3896962456851734],11115.240086515478,7837.5564544833005,[3279.125703568376],22.750721436506673,1.9818561639123415,1e-06,1e-06,1.4647828546921535,1.1684846947227883,32.646486304294456,-5.317765749185932,-3.6349305637421594,188016.36037939636,7.994779127482161,-11.62970969122432,1359146.954045838,"[0.0, 0.0]","[-3.202136360756649, -5.501002106719149]","[[188016.36037939636, 398440.1983042798], [1359146.954045838, 462426.1485869757], [1359146.954045838, 245533.35988924294], [188016.36037939636, 245533.35988924294]]",[0.0512475893387172],19.845585918906128,0.5
442.405224553091,[2.3901353062815205],[3.3896961900937264],11115.239814446852,7837.554054530442,[3279.125677083028],22.750721444335486,1.9818561639123415,1e-06,1e-06,1.4647828546921535,1.1684846962260236,32.646486234716974,-5.317765617039899,-3.634924478729147,188016.35713479304,7.994785643389889,-11.629710122119036,1359146.9736232164,"[0.0, 0.0]","[-3.202136481180986, -5.501002313260248]","[[188016.35713479304, 398440.20353545254], [1359146.9736232164, 462426.1570147142], [1359146.9736232164, 245533.3598028664], [188016.35713479304, 245533.3598028664]]",[0.0512475863647221],19.845584615837012,0.5
442.905224553091,[2.3901345998665815],[3.389696134942967],11115.239544682776,7837.551675409563,[3279.125650851236],22.75072145207879,1.9818561639123415,1e-06,1e-06,1.4647828546921535,1.1684846977124372,32.646486165727936,-5.3177654862476125,-3.6349185203069965,188016.3539261316,7.994792027933556,-11.629710548240553,1359146.9930508405,"[0.0, 0.0]","[-3.2021366002677114, -5.501002517554982]","[[188016.3539261316, 398440.208658673], [1359146.9930508405, 462426.1652815864], [1359146.9930508405, 245533.3597148572], [188016.3539261316, 245533.3597148572]]",[0.05124758343683702],19.845583315523193,0.5
443.405224553091,[2.390133899247272],[3.389696080284709],11115.239277181272,7837.549315749948,[3279.125624810492],22.75072145977618,1.9818561639123415,1e-06,1e-06,1.4647828546921535,1.168484699190437,32.64648609731847,-5.317765356319974,-3.6349125374504183,188016.3507359974,7.994798434451184,-11.629710971901602,1359147.0122995444,"[0.0, 0.0]","[-3.202136718670423, -5.50100272062875]","[[188016.3507359974, 398440.2138020238], [1359147.0122995444, 462426.1735678389], [1359147.0122995444, 245533.35962993067], [188016.3507359974, 245533.35962993067]]",[0.051247580512769425],19.845582034330167,0.5
443.905224553091,[2.390133204692432],[3.389696026059893],11115.239011945985,7837.546976572284,[3279.1255990190043],22.750721467389496,1.9818561639123415,1e-06,1e-06,1.4647828546921535,1.168484700651897,32.64648602948756,-5.317765227723366,-3.6349066790594975,188016.34758120155,7.994804711810048,-11.629711390869545,1359147.0314010025,"[0.0, 0.0]","[-3.202136835757968, -5.501002921493876]","[[188016.34758120155, 398440.2188392349], [1359147.0314010025, 462426.1816959257], [1359147.0314010025, 245533.3595433989], [188016.34758120155, 245533.3595433989]]",[0.051247577634037735],19.845580755846193,0.5
444.405224553091,[2.3901325158361533],[3.389695972319174],11115.238748934922,7837.544656529976,[3279.125573415382],22.750721474957665,1.9818561639123415,1e-06,1e-06,1.4647828546921535,1.1684847021050853,32.64648596222651,-5.317765099976885,-3.6349007966434215,188016.34444462162,7.994811010775038,-11.62971180741846,1359147.0503265406,"[0.0, 0.0]","[-3.202136952173012, -5.501003121158575]","[[188016.34444462162, 398440.2238962389], [1359147.0503265406, 462426.1898430678], [1359147.0503265406, 245533.35945989806], [188016.34444462162, 245533.35945989806]]",[0.05124757475905926],19.845579496162042,0.5
444.905224553091,[2.390131832942474],[3.389695919004745],11115.238488152514,7837.542356625621,[3279.1255480568534],22.75072148244316,1.9818561639123415,1e-06,1e-06,1.4647828546921535,1.1684847035420112,32.64648589553428,-5.31776497353909,-3.6348950366046893,188016.34134278705,7.9948171827483065,-11.629712219352996,1359147.069107311,"[0.0, 0.0]","[-3.202137067294946, -5.5010033186516605]","[[188016.34134278705, 398440.22884888377], [1359147.069107311, 462426.19783469866], [1359147.069107311, 245533.3593748189], [188016.34134278705, 245533.3593748189]]",[0.05124757192865595],19.84557823914145,0.5
445.405224553091,[2.3901311556514604],[3.3896958661659538],11115.238229555762,7837.540075534534,[3279.1255228829955],22.750721489884288,1.9818561639123415,1e-06,1e-06,1.4647828546921535,1.1684847049708038,32.64648582940231,-5.317764847937166,-3.6348892529432533,188016.33825886247,7.99482337596578,-11.629712628909033,1359147.0877151133,"[0.0, 0.0]","[-3.202137181755662, -5.501003514964491]","[[188016.33825886247, 398440.2338209902], [1359147.0877151133, 462426.20584506576], [1359147.0877151133, 245533.3592927198], [188016.33825886247, 245533.3592927198]]",[0.05124756910194258],19.845577000605054,0.5
445.905224553091,[2.390130484223238],[3.3896958137465356],11115.237973151152,7837.537814244362,[3279.1254979501514],22.750721497244125,1.9818561639123415,1e-06,1e-06,1.4647828546921535,1.1684847063836075,32.64648576382962,-5.317764723621931,-3.6348835896046126,188016.33520910013,7.9948294443236705,-11.629713033928283,1359147.1061805787,"[0.0, 0.0]","[-3.2021372949449916, -5.501003709142125]","[[188016.33520910013, 398440.23869048967], [1359147.1061805787, 462426.2137025323], [1359147.1061805787, 245533.35920906885], [188016.33520910013, 245533.35920906885]]",[0.05124756631905605],19.845575764687503,0.5
446.405224553091,[2.3901298183034103],[3.389695761794976],11115.237718896175,7837.535571450912,[3279.1254731988756],22.750721504560328,1.9818561639123415,1e-06,1e-06,1.4647828546921535,1.168484707788414,32.64648569880785,-5.317764600128543,-3.634877903040149,188016.33217694715,7.9948355335687324,-11.629713436608881,1359147.1244759783,"[0.0, 0.0]","[-3.2021374074841757, -5.501003902159342]","[[188016.33217694715, 398440.2435791237], [1359147.1244759783, 462426.22157842066], [1359147.1244759783, 245533.3591283479], [188016.33217694715, 245533.3591283479]]",[0.05124756353979759],19.84557454694384,0.5
446.905224553091,[2.3901291581477913],[3.389695710255547],11115.237466795823,7837.533348125407,[3279.1254486845523],22.75072151179662,1.9818561639123415,1e-06,1e-06,1.4647828546921535,1.1684847091775,32.64648563433593,-5.317764477900257,-3.6348723347778673,188016.32917838273,7.9948415000509385,-11.629713834828806,1359147.142631433,"[0.0, 0.0]","[-3.202137518773344, -5.50100409307724]","[[188016.32917838273, 398440.2483668739], [1359147.142631433, 462426.22930397594], [1359147.142631433, 245533.35904610125], [188016.32917838273, 245533.35904610125]]",[0.05124756080362996],19.845573331775054,0.5
447.405224553091,[2.390128503408466],[3.389695659176054],11115.237216808824,7837.53114298735,[3279.125424348759],22.75072151899,1.9818561639123415,1e-06,1e-06,1.4647828546921535,1.168484710558724,32.64648557040567,-5.317764356480011,-3.6348667436803908,188016.32619713215,7.99484748706908,-11.629714230749471,1359147.1606196756,"[0.0, 0.0]","[-3.2021376294232624, -5.501004282854139]","[[188016.32619713215, 398440.25317343674], [1359147.1606196756, 462426.2370476429], [1359147.1606196756, 245533.35896673534], [188016.32619713215, 245533.35896673534]]",[0.05124755807102974],19.84557213447505,0.5
447.905224553091,[2.390127854336337],[3.3896956085018113],11115.236968940428,7837.528956989625,[3279.125400245946],22.750721526104805,1.9818561639123415,1e-06,1e-06,1.4647828546921535,1.1684847119244903,32.64648550701605,-5.317764236303637,-3.63486126889984,188016.32324890638,7.9948533533843715,-11.629714622284212,1359147.1784703226,"[0.0, 0.0]","[-3.202137738844166, -5.5010044705670085]","[[188016.32324890638, 398440.2578808087], [1359147.1784703226, 462426.24464349926], [1359147.1784703226, 245533.35888586924], [188016.32324890638, 245533.35888586924]]",[0.0512475553807972],19.845570939706693,0.5
448.405224553091,[2.390127210589511],[3.3896955582799406],11115.23672315041,7837.526788873805,[3279.125376318663],22.750721533177426,1.9818561639123415,1e-06,1e-06,1.4647828546921535,1.1684847132825265,32.646485444159,-5.317764116921739,-3.634855771666139,188016.32031770376,7.994859239892207,-11.629715011558346,1359147.1961565674,"[0.0, 0.0]","[-3.202137847636541, -5.501004657158002]","[[188016.32031770376, 398440.2626066787], [1359147.1961565674, 462426.2522571652], [1359147.1961565674, 245533.35880783567], [188016.32031770376, 245533.35880783567]]",[0.051247552694071795],19.845569762507132,0.5
448.905224553091,[2.390126572414736],[3.3896955084563953],11115.236479443038,7837.524639576982,[3279.1253526204514],22.750721540172794,1.9818561639123415,1e-06,1e-06,1.4647828546921535,1.1684847146253652,32.646485381833486,-5.317763998762837,-3.6348503887970764,188016.31741897162,7.994865007723092,-11.629715396520169,1359147.2137075232,"[0.0, 0.0]","[-3.2021379552205316, -5.501004841719638]","[[188016.31741897162, 398440.2672350224], [1359147.2137075232, 462426.2597255012], [1359147.2137075232, 245533.35872832726], [188016.31741897162, 245533.35872832726]]",[0.051247550049003034],19.84556858779673,0.5
449.405224553091,[2.390125939475928],[3.389695459077666],11115.23623777924,7837.522507862049,[3279.1253290948116],22.75072154712668,1.9818561639123415,1e-06,1e-06,1.4647828546921535,1.1684847159606035,32.64648532003156,-5.31776388138506,-3.634844983852247,188016.31453697677,7.994870795407053,-11.6297157792593,1359147.2310968393,"[0.0, 0.0]","[-3.2021380621865387, -5.501005025178223]","[[188016.31453697677, 398440.2718815535], [1359147.2310968393, 462426.2672113474], [1359147.2310968393, 245533.35865160366], [188016.31453697677, 245533.35865160366]]",[0.051247547407382486],19.845567430360187,0.5
449.905224553091,[2.390125312015729],[3.3896954100902112],11115.23599816196,7837.520394650529,[3279.1253057944064],22.75072155400461,1.9818561639123415,1e-06,1e-06,1.4647828546921535,1.1684847172808992,32.646485258752364,-5.317763765209753,-3.634839691350635,188016.31168690723,7.994876466408016,-11.62971615775865,1359147.248353139,"[0.0, 0.0]","[-3.2021381679644576, -5.5010052066415085]","[[188016.31168690723, 398440.2764321968], [1359147.248353139, 462426.2745543054], [1359147.248353139, 245533.3585734298], [188016.31168690723, 245533.3585734298]]",[0.0512475448067189],19.845566275370984,0.5
450.405224553091,[2.390124689703307],[3.389695361540506],11115.23576055528,7837.518298724799,[3279.125282663681],22.750721560841765,1.9818561639123415,1e-06,1e-06,1.4647828546921535,1.1684847185937222,32.64648519798794,-5.3177636498024645,-3.6348343771440454,188016.30885329406,7.9948821569284405,-11.629716534072486,1359147.2654505088,"[0.0, 0.0]","[-3.202138273134779, -5.501005387020284]","[[188016.30885329406, 398440.28100072173], [1359147.2654505088, 462426.28191447887], [1359147.2654505088, 245533.35849799414], [188016.30885329406, 245533.35849799414]]",[0.05124754220944581],19.84556513736565,0.5
450.905224553091,[2.3901240727776503],[3.3896953133755576],11115.23552496087,7837.516220992236,[3279.1252597543917],22.750721567604234,1.9818561639123415,1e-06,1e-06,1.4647828546921535,1.1684847198918533,32.646485137737386,-5.317763535577454,-3.6348291734946088,188016.3060510704,7.9948877327231,-11.629716906217709,1359147.2824170971,"[0.0, 0.0]","[-3.2021383771369214, -5.50100556543722]","[[188016.3060510704, 398440.2854749675], [1359147.2824170971, 462426.28913416155], [1359147.2824170971, 245533.35842113264], [188016.3060510704, 245533.35842113264]]",[0.05124753965244243],19.845564001766565,0.5
451.405224553091,[2.390123460913324],[3.389695265640916],11115.235291343031,7837.514160255209,[3279.125237011943],22.750721574326604,1.9818561639123415,1e-06,1e-06,1.4647828546921535,1.1684847211826368,32.64648507799302,-5.3177634221075785,-3.63482394850422,188016.30326502692,7.994893327709917,-11.629717276214137,1359147.2992274268,"[0.0, 0.0]","[-3.202138480541712, -5.501005742787882]","[[188016.30326502692, 398440.2899667949], [1359147.2992274268, 462426.29637077084], [1359147.2992274268, 245533.3583469634], [188016.30326502692, 245533.3583469634]]",[0.0512475370987726],19.845562882866243,0.5
451.905224553091,[2.390122854345503],[3.389695218284399],11115.235059703162,7837.512117406523,[3279.1252144872283],22.75072158097555,1.9818561639123415,1e-06,1e-06,1.4647828546921535,1.1684847224589756,32.646485018753935,-5.317763309800123,-3.6348188322139094,188016.30050984575,7.994898809898132,-11.629717642112041,1359147.3159091673,"[0.0, 0.0]","[-3.2021385827978817, -5.501005918209608]","[[188016.30050984575, 398440.29436592694], [1359147.3159091673, 462426.3034692494], [1359147.3159091673, 245533.35827139206], [188016.30050984575, 245533.35827139206]]",[0.05124753458469605],19.845561766331762,0.5
452.405224553091,[2.3901222527538124],[3.38969517135132],11115.23483000783,7837.510091267284,[3279.1251921265484],22.750721587585065,1.9818561639123415,1e-06,1e-06,1.4647828546921535,1.1684847237280902,32.646484960012515,-5.317763198235129,-3.634813694941272,188016.29777057323,7.99490431095586,-11.629718005897132,1359147.332437273,"[0.0, 0.0]","[-3.202138684466749, -5.501006092582986]","[[188016.29777057323, 398440.2987823451], [1359147.332437273, 462426.31058436964], [1359147.332437273, 245533.35819846787], [188016.29777057323, 245533.35819846787]]",[0.051247532073897234],19.8455606662157,0.5
452.905224553091,[2.3901216563696313],[3.38969512478974],11115.234602256327,7837.5080827158,[3279.125169979939],22.750721594122385,1.9818561639123415,1e-06,1e-06,1.4647828546921535,1.1684847249830024,32.646484901767906,-5.317763087813045,-3.634808664544323,188016.295061645,7.994909701108099,-11.629718365652423,1359147.3488389514,"[0.0, 0.0]","[-3.202138785006307, -5.501006265059813]","[[188016.295061645, 398440.3031076236], [1359147.3488389514, 462426.3175636778], [1359147.3488389514, 245533.35812416527], [188016.295061645, 245533.35812416527]]",[0.05124752960202713],19.845559568425784,0.5
453.405224553091,[2.390121064878303],[3.3896950786445497],11115.234376416995,7837.506090594159,[3279.125147994635],22.75072160062095,1.9818561639123415,1e-06,1e-06,1.4647828546921535,1.1684847262308113,32.64648484401255,-5.317762978120958,-3.6348036135163397,188016.2923683583,7.994915109814144,-11.629718723330484,1359147.3650895723,"[0.0, 0.0]","[-3.2021388849683867, -5.5010064365058735]","[[188016.2923683583, 398440.30744989874], [1359147.3650895723, 462426.32455934933], [1359147.3650895723, 245533.3580524653], [188016.2923683583, 245533.3580524653]]",[0.05124752713337952],19.845558486778636,0.5
453.905224553091,[2.3901204785067596],[3.389695032864792],11115.234152489289,7837.504115763936,[3279.12512621977],22.750721607048526,1.9818561639123415,1e-06,1e-06,1.4647828546921535,1.1684847274646566,32.6464847867457,-5.317762869552593,-3.634798667571033,188016.28970490673,7.994920409475242,-11.629719077046275,1359147.3812158862,"[0.0, 0.0]","[-3.202138983820133, -5.501006606087237]","[[188016.28970490673, 398440.31170256325], [1359147.3812158862, 462426.3314214871], [1359147.3812158862, 245533.35797941], [188016.28970490673, 245533.35797941]]",[0.0512475247030075],19.845557407418582,0.5
454.405224553091,[2.39011989694608],[3.3896949874939044],11115.23393043996,7837.502157088256,[3279.125104603515],22.750721613437996,1.9818561639123415,1e-06,1e-06,1.4647828546921535,1.168484728691518,32.64648472995992,-5.31776276170197,-3.6347937013404135,188016.28705683377,7.994925727379382,-11.629719428719795,1359147.3971936814,"[0.0, 0.0]","[-3.202139082104082, -5.501006774655124]","[[188016.28705683377, 398440.3159719398], [1359147.3971936814, 462426.3382997146], [1359147.3971936814, 245533.35790891363], [188016.28705683377, 245533.35790891363]]",[0.051247522275803536],19.845556343930287,0.5
454.905224553091,[2.39011932041935],[3.389694942482879],11115.233710272096,7837.500215414142,[3279.12508319419],22.750721619757666,1.9818561639123415,1e-06,1e-06,1.4647828546921535,1.1684847299046497,32.64648467365441,-5.3177626549562005,-3.6347888384274256,188016.28443809517,7.994930938070183,-11.629719776497609,1359147.4130492588,"[0.0, 0.0]","[-3.2021391792963394, -5.501006941389592]","[[188016.28443809517, 398440.3201532107], [1359147.4130492588, 462426.34504665097], [1359147.4130492588, 245533.35783708474], [188016.28443809517, 245533.35783708474]]",[0.051247519886232426],19.84555528269067,0.5
455.405224553091,[2.3901187486224913],[3.389694897873656],11115.233491950296,7837.498289622545,[3279.1250619407792],22.75072162603987,1.9818561639123415,1e-06,1e-06,1.4647828546921535,1.168484731110915,32.6464846178219,-5.317762548916127,-3.634783955571379,188016.28183447736,7.994936166695936,-11.629720122267315,1359147.4287588065,"[0.0, 0.0]","[-3.202139275930324, -5.501007107127609]","[[188016.28183447736, 398440.3243509117], [1359147.4287588065, 462426.3518094049], [1359147.4287588065, 245533.3577677718], [188016.28183447736, 245533.3577677718]]",[0.051247517499776726],19.845554237056387,0.5
455.905224553091,[2.3901181817749686],[3.3896948536181406],11115.233275478091,7837.496380546809,[3279.1250408908504],22.75072163225345,1.9818561639123415,1e-06,1e-06,1.4647828546921535,1.1684847323036813,32.64648456246158,-5.3177624439623745,-3.6347791742978757,188016.27925970106,7.994941289908866,-11.629720464206741,1359147.4443481874,"[0.0, 0.0]","[-3.20213937149096, -5.501007271063018]","[[188016.27925970106, 398440.3284619868], [1359147.4443481874, 462426.35844307265], [1359147.4443481874, 245533.35769714872], [188016.27925970106, 245533.35769714872]]",[0.05124751515032181],19.845553193633005,0.5
456.405224553091,[2.3901176195780836],[3.3896948097578594],11115.233060821578,7837.494487087543,[3279.1250199942297],22.750721638430186,1.9818561639123415,1e-06,1e-06,1.4647828546921535,1.1684847334896964,32.646484507566356,-5.317762339702465,-3.6347743734157802,188016.27669979175,7.994946430756045,-11.629720804171825,1359147.459793996,"[0.0, 0.0]","[-3.202139466502687, -5.501007434018698]","[[188016.27669979175, 398440.33258921624], [1359147.459793996, 462426.36509229336], [1359147.459793996, 245533.35762899934], [188016.27669979175, 245533.35762899934]]",[0.05124751280392992],19.845552165552967,0.5
456.905224553091,[2.3901170622475156],[3.389694766245193],11115.232847983018,7837.492610063687,[3279.1249992976504],22.75072164453946,1.9818561639123415,1e-06,1e-06,1.4647828546921535,1.1684847346624394,32.64648445313537,-5.317762236510629,-3.6347696724112097,188016.27416823982,7.994951467959709,-11.629721140370918,1359147.475121652,"[0.0, 0.0]","[-3.2021395604590737, -5.501007595202016]","[[188016.27416823982, 398440.33663127385], [1359147.475121652, 462426.37161459366], [1359147.475121652, 245533.35755956182], [188016.27416823982, 245533.35755956182]]",[0.051247510493917764],19.84555113964677,0.5
457.405224553091,[2.390116509489272],[3.3896947231211847],11115.232636929824,7837.490748393322,[3279.1249787517945],22.7507216506125,1.9818561639123415,1e-06,1e-06,1.4647828546921535,1.1684847358285437,32.64648439916169,-5.317762134000993,-3.634764952126261,188016.27165130537,7.994956522502491,-11.629721474628752,1359147.490308146,"[0.0, 0.0]","[-3.2021396538757942, -5.501007755422051]","[[188016.27165130537, 398440.34068921546], [1359147.490308146, 462426.37815218704], [1359147.490308146, 245533.35749255645], [188016.27165130537, 245533.35749255645]]",[0.051247508186917],19.84555012882629,0.5
457.905224553091,[2.390115961515777],[3.3896946803392094],11115.23242766498,7837.488902882922,[3279.124958402646],22.750721656619213,1.9818561639123415,1e-06,1e-06,1.4647828546921535,1.1684847369815985,32.64648434564447,-5.317762032541507,-3.6347603300430364,188016.26916225234,7.994961475140826,-11.629721805183863,1359147.5053784715,"[0.0, 0.0]","[-3.202139746254883, -5.501007913899489]","[[188016.26916225234, 398440.34466341423], [1359147.5053784715, 462426.3845649903], [1359147.5053784715, 245533.35742428456], [188016.26916225234, 245533.35742428456]]",[0.051247505915685485],19.84554912014314,0.5
458.405224553091,[2.3901154180380155],[3.3896946379391433],11115.2322201548,7837.487072468819,[3279.1249382016917],22.750721662590305,1.9818561639123415,1e-06,1e-06,1.4647828546921535,1.1684847381281274,32.646484292576815,-5.317761931752766,-3.634755689003839,188016.2666875714,7.994966444826559,-11.629722133830398,1359147.5203100042,"[0.0, 0.0]","[-3.2021398381033355, -5.501008071429787]","[[188016.2666875714, 398440.3486532298], [1359147.5203100042, 462426.39099282864], [1359147.5203100042, 245533.35735840414], [188016.2666875714, 245533.35735840414]]",[0.05124750364741496],19.84554812629249,0.5
458.905224553091,[2.3901148792644373],[3.3896945958751656],11115.232014402263,7837.48525794259,[3279.1249181941375],22.75072166849618,1.9818561639123415,1e-06,1e-06,1.4647828546921535,1.1684847392618252,32.646484239958,-5.31776183199654,-3.634751144517111,188016.2642403038,7.994971314319116,-11.629722458836227,1359147.535127321,"[0.0, 0.0]","[-3.2021399289316017, -5.501008227246755]","[[188016.2642403038, 398440.35256070894], [1359147.535127321, 462426.3972979729], [1359147.535127321, 245533.35729127834], [188016.2642403038, 245533.35729127834]]",[0.05124750141431305],19.845547134543263,0.5
459.405224553091,[2.390114344911047],[3.389694554186989],11115.231810375895,7837.483458258962,[3279.1248983322803],22.75072167436703,1.9818561639123415,1e-06,1e-06,1.4647828546921535,1.168484740389106,32.6464841877812,-5.317761732899798,-3.634746581391255,188016.26180716677,7.994976200574229,-11.629722781965484,1359147.5498081727,"[0.0, 0.0]","[-3.202140019238139, -5.501008382132488]","[[188016.26180716677, 398440.35648354376], [1359147.5498081727, 462426.40361790074], [1359147.5498081727, 245533.3572265038], [188016.26180716677, 245533.3572265038]]",[0.05124749918412205],19.845546157377502,0.5
459.905224553091,[2.390113815182914],[3.3896945128292106],11115.231608077516,7837.481674196647,[3279.1248786605793],22.750721680173758,1.9818561639123415,1e-06,1e-06,1.4647828546921535,1.1684847415037718,32.646484136045785,-5.31776163481825,-3.6347421131976603,188016.2594009832,7.994980988317593,-11.629723101515253,1359147.5643767284,"[0.0, 0.0]","[-3.2021401085416006, -5.501008535333663]","[[188016.2594009832, 398440.3603254238], [1359147.5643767284, 462426.40981719346], [1359147.5643767284, 245533.3571605048], [188016.2594009832, 245533.3571605048]]",[0.051247496988509465],19.845545182277892,0.5
460.405224553091,[2.390113289800954],[3.3896944718409032],11115.231407476316,7837.479904728423,[3279.124859132146],22.750721685946054,1.9818561639123415,1e-06,1e-06,1.4647828546921535,1.1684847426121285,32.646484084744884,-5.3177615373851115,-3.634737626678941,188016.2570086929,7.994985792541058,-11.62972341922,1359147.578811108,"[0.0, 0.0]","[-3.2021401973321173, -5.5010086876192466]","[[188016.2570086929, 398440.3641824011], [1359147.578811108, 462426.4160310213], [1359147.578811108, 245533.35709681766], [188016.2570086929, 245533.35709681766]]",[0.051247494795759144],19.845544221516963,0.5
460.905224553091,[2.390112768966398],[3.3896944311773294],11115.231208573668,7837.478150618561,[3279.1248397906647],22.750721691655293,1.9818561639123415,1e-06,1e-06,1.4647828546921535,1.1684847437080816,32.646484033877925,-5.31776144095012,-3.63473323349848,188016.25464290357,7.9949904999067485,-11.629723733405228,1359147.5931350777,"[0.0, 0.0]","[-3.202140285136369, -5.501008838248509]","[[188016.25464290357, 398440.36795978283], [1359147.5931350777, 462426.42212623917], [1359147.5931350777, 245533.35703192677], [188016.25464290357, 245533.35703192677]]",[0.0512474926370067],19.84554326278749,0.5
461.405224553091,[2.3901122524049683],[3.38969439087718],11115.231011340202,7837.4764108575,[3279.124820590041],22.75072169733069,1.9818561639123415,1e-06,1e-06,1.4647828546921535,1.1684847447978317,32.64648398343826,-5.317761345152662,-3.634728822299735,188016.25229077434,7.994995223476678,-11.629724045776413,1359147.6073271255,"[0.0, 0.0]","[-3.2021403724362845, -5.5010089879775625]","[[188016.25229077434, 398440.37175200885], [1359147.6073271255, 462426.4282357487], [1359147.6073271255, 245533.35696930872], [188016.25229077434, 245533.35696930872]]",[0.05124749048106832],19.845542318155946,0.5
461.905224553091,[2.3901117403149463],[3.38969435089629],11115.230815776795,7837.474686198167,[3279.1248015732594],22.750721702944087,1.9818561639123415,1e-06,1e-06,1.4647828546921535,1.1684847458753862,32.6464839334252,-5.317761250336578,-3.6347245028721886,188016.249964701,7.994999851815123,-11.629724354687312,1359147.6214106155,"[0.0, 0.0]","[-3.202140458766535, -5.5010091360781255]","[[188016.249964701, 398440.3754659756], [1359147.6214106155, 462426.4342286398], [1359147.6214106155, 245533.35690550716], [188016.249964701, 245533.35690550716]]",[0.05124748835855698],19.845541375521762,0.5
462.405224553091,[2.390111232425854],[3.389694311272678],11115.230621854298,7837.472975645167,[3279.124782694941],22.7507217085242,1.9818561639123415,1e-06,1e-06,1.4647828546921535,1.1684847469468418,32.646483883832275,-5.317761156147323,-3.6347201657291066,188016.24765205864,7.995004496085301,-11.629724661814407,1359147.6353644002,"[0.0, 0.0]","[-3.2021405446008804, -5.501009283293563]","[[188016.24765205864, 398440.37919453735], [1359147.6353644002, 462426.44023558224], [1359147.6353644002, 245533.35684394027], [188016.24765205864, 245533.35684394027]]",[0.05124748623881252],19.845540446748828,0.5
462.905224553091,[2.3901107289332084],[3.3896942719630467],11115.23042957409,7837.471279940708,[3279.124763997378],22.75072171404336,1.9818561639123415,1e-06,1e-06,1.4647828546921535,1.1684847480063065,32.646483834658795,-5.317761062922995,-3.634715918817392,188016.24536503496,7.995009046721975,-11.629724965539367,1359147.6492114498,"[0.0, 0.0]","[-3.202140629481827, -5.501009428907854]","[[188016.24536503496, 398440.3828461529], [1359147.6492114498, 462426.446127863], [1359147.6492114498, 245533.3567812098], [188016.24536503496, 245533.3567812098]]",[0.051247484151934246],19.84553951993973,0.5
463.405224553091,[2.3901102295713583],[3.389694233004561],11115.230238906897,7837.469598107116,[3279.124745435982],22.750721719529803,1.9818561639123415,1e-06,1e-06,1.4647828546921535,1.168484749059775,32.646483785898454,-5.317760970314956,-3.634711654487205,188016.24309121654,7.9950136130234455,-11.62972526751065,1359147.662930965,"[0.0, 0.0]","[-3.2021407138752136, -5.501009573651868]","[[188016.24309121654, 398440.3865121188], [1359147.662930965, 462426.4520339597], [1359147.662930965, 245533.3567206764], [188016.24309121654, 245533.3567206764]]",[0.05124748206777628],19.845538606759177,0.5
463.905224553091,[2.390109734531668],[3.389694194354685],11115.230049854003,7837.467930871151,[3279.124727052279],22.750721724956307,1.9818561639123415,1e-06,1e-06,1.4647828546921535,1.1684847501014544,32.6464837375504,-5.317760878655639,-3.634707478872599,188016.24084258644,7.9950180872641,-11.629725566136699,1359147.6765455415,"[0.0, 0.0]","[-3.202140797331201, -5.501009716821645]","[[188016.24084258644, 398440.39010243124], [1359147.6765455415, 462426.4578273213], [1359147.6765455415, 245533.35665899896], [188016.24084258644, 245533.35665899896]]",[0.05124748001593231],19.845537695509474,0.5
464.405224553091,[2.390109243553465],[3.389694156050374],11115.229862388069,7837.466277273314,[3279.1247088024556],22.750721730350648,1.9818561639123415,1e-06,1e-06,1.4647828546921535,1.1684847511372374,32.6464836896086,-5.317760787602278,-3.6347032861326056,188016.23860694023,7.99502257690591,-11.629725863038516,1359147.6900347283,"[0.0, 0.0]","[-3.2021408803078493, -5.501009859135776]","[[188016.23860694023, 398440.39370685245], [1359147.6900347283, 462426.46363426617], [1359147.6900347283, 245533.35659948178], [188016.23860694023, 245533.35659948178]]",[0.051247477966763245],19.845536797659538,0.5
464.905224553091,[2.390108756825163],[3.389694118049342],11115.229676508927,7837.464638029087,[3279.124690727368],22.75072173568605,1.9818561639123415,1e-06,1e-06,1.4647828546921535,1.168484752161429,32.64648364207221,-5.317760697481711,-3.634699180618611,188016.23639605948,7.995026976032818,-11.62972615665143,1359147.7034207357,"[0.0, 0.0]","[-3.202140962362785, -5.501009999902031]","[[188016.23639605948, 398440.39723689033], [1359147.7034207357, 462426.4693303679], [1359147.7034207357, 245533.35653883973], [188016.23639605948, 245533.35653883973]]",[0.05124747594936568],19.845535901708054,0.5
465.405224553091,[2.3901082740900756],[3.389694080388031],11115.229492189974,7837.463012193746,[3279.1246727839143],22.750721740989825,1.9818561639123415,1e-06,1e-06,1.4647828546921535,1.1684847531798233,32.646483594935205,-5.3177606079569255,-3.6346950582670843,188016.23419794466,7.995031390301904,-11.629726448568988,1359147.716683459,"[0.0, 0.0]","[-3.2021410439464244, -5.501010139827022]","[[188016.23419794466, 398440.4007807998], [1359147.716683459, 462426.4750398245], [1359147.716683459, 245533.35648032167], [188016.23419794466, 245533.35648032167]]",[0.051247473934598206],19.845535018931358,0.5
465.905224553091,[2.390107795533289],[3.3896940430250804],11115.229309431696,7837.461400470185,[3279.12465501225],22.750721746235673,1.9818561639123415,1e-06,1e-06,1.4647828546921535,1.1684847541868213,32.6464835481969,-5.317760519349269,-3.6346910216773836,188016.23202417968,7.995035715575341,-11.629726737252724,1359147.7298447324,"[0.0, 0.0]","[-3.2021411246238602, -5.501010278230137]","[[188016.23202417968, 398440.40425157466], [1359147.7298447324, 462426.480640299], [1359147.7298447324, 245533.35642069764], [188016.23202417968, 245533.35642069764]]",[0.05124747195106896],19.845534138021243,0.5
466.405224553091,[2.3901073209026507],[3.389694005995887],11115.22912820655,7837.459801930305,[3279.1246373700073],22.750721751450406,1.9818561639123415,1e-06,1e-06,1.4647828546921535,1.168484755188119,32.64648350185115,-5.317760431327399,-3.6346869685325487,188016.22986296643,7.995040055737036,-11.629727024269584,1359147.7428847954,"[0.0, 0.0]","[-3.202141204837887, -5.501010415806104]","[[188016.22986296643, 398440.40773598826], [1359147.7428847954, 462426.4862539044], [1359147.7428847954, 245533.35636316208], [188016.22986296643, 245533.35636316208]]",[0.051247469970125636],19.845533270064738,0.5
466.905224553091,[2.3901068503805685],[3.3896939692602035],11115.228948516355,7837.458217266578,[3279.124619896657],22.750721756608176,1.9818561639123415,1e-06,1e-06,1.4647828546921535,1.168484756178212,32.64648345589745,-5.317760344207263,-3.6346829997098666,188016.22772569393,7.995044308397212,-11.629727308107078,1359147.7558251082,"[0.0, 0.0]","[-3.202141284160953, -5.501010551885747]","[[188016.22772569393, 398440.4111484953], [1359147.7558251082, 462426.4917603577], [1359147.7558251082, 245533.35630453896], [188016.22772569393, 245533.35630453896]]",[0.05124746801989595],19.845532403943484,0.5
467.405224553091,[2.390106383718511],[3.389693932852557],11115.228770333228,7837.456645564548,[3279.1246025505725],22.75072176173537,1.9818561639123415,1e-06,1e-06,1.4647828546921535,1.1684847571627004,32.64648341032972,-5.317760257663082,-3.6346790146100716,188016.22560076238,7.9950485756955345,-11.629727590305606,1359147.768646245,"[0.0, 0.0]","[-3.202141363028357, -5.5010106871521085]","[[188016.22560076238, 398440.41457441205], [1359147.768646245, 462426.49727972096], [1359147.768646245, 245533.35624796915], [188016.22560076238, 245533.35624796915]]",[0.05124746607220879],19.845531550558363,0.5
467.905224553091,[2.390105921095777],[3.3896938967337458],11115.228593660158,7837.455087504909,[3279.124585370559],22.75072176680656,1.9818561639123415,1e-06,1e-06,1.4647828546921535,1.1684847581361717,32.646483365147446,-5.317760172005495,-3.6346751124157777,188016.2234993698,7.995052756962252,-11.62972786937803,1359147.7813693108,"[0.0, 0.0]","[-3.202141441019745, -5.501010820947283]","[[188016.2234993698, 398440.41792962985], [1359147.7813693108, 462426.50269373186], [1359147.7813693108, 245533.35619033015], [188016.2234993698, 245533.35619033015]]",[0.05124746415471951],19.845530698977655,0.5
468.405224553091,[2.390105462268606],[3.389693860937372],11115.228418468487,7837.453542190434,[3279.1245683156553],22.75072177184768,1.9818561639123415,1e-06,1e-06,1.4647828546921535,1.168484759104133,32.646483320344714,-5.317760086914192,-3.6346711942178445,188016.221410111,7.995056952621326,-11.62972814683917,1359147.793975202,"[0.0, 0.0]","[-3.202141518563163, -5.501010953942845]","[[188016.221410111, 398440.4212980322], [1359147.793975202, 462426.5081204361], [1359147.793975202, 245533.3561347101], [188016.221410111, 245533.3561347101]]",[0.05124746223973004],19.845529859919285,0.5
468.905224553091,[2.390105007412726],[3.3896938254247093],11115.228244760588,7837.452010288573,[3279.1245514240254],22.750721776833736,1.9818561639123415,1e-06,1e-06,1.4647828546921535,1.168484760061262,32.6464832759209,-5.317760002694597,-3.634667357535136,188016.2193439963,7.995061063691423,-11.62972842122656,1359147.8064846657,"[0.0, 0.0]","[-3.202141595245247, -5.5010110854919]","[[188016.2193439963, 398440.42459692137], [1359147.8064846657, 462426.51344355446], [1359147.8064846657, 245533.35607803872], [188016.2193439963, 245533.35607803872]]",[0.05124746035443199],19.845529022635052,0.5
469.405224553091,[2.390104556288835],[3.3896937902292303],11115.228072509793,7837.450490918427,[3279.1245346554206],22.75072178179023,1.9818561639123415,1e-06,1e-06,1.4647828546921535,1.1684847610129732,32.64648323187032,-5.317759919031785,-3.634663505116748,188016.21728981135,7.995065188913031,-11.62972869402978,1359147.8188789184,"[0.0, 0.0]","[-3.2021416714868947, -5.5010112162547795]","[[188016.21728981135, 398440.4279087744], [1359147.8188789184, 462426.5187791544], [1359147.8188789184, 245533.3560233523], [188016.21728981135, 245533.3560233523]]",[0.05124745847159153],19.84552819766293,0.5
469.905224553091,[2.390104109069431],[3.3896937553127975],11115.227901718214,7837.448984735306,[3279.1245180473575],22.750721786692573,1.9818561639123415,1e-06,1e-06,1.4647828546921535,1.1684847619540342,32.64648318819229,-5.317759836226045,-3.6346597328447956,188016.21525838194,7.99506923096601,-11.629728963810805,1359147.8311783662,"[0.0, 0.0]","[-3.2021417468816793, -5.5010113455954395]","[[188016.21525838194, 398440.43115228123], [1359147.8311783662, 462426.52401290747], [1359147.8311783662, 245533.3559676323], [188016.21525838194, 245533.3559676323]]",[0.05124745661794396],19.845527374435164,0.5
470.405224553091,[2.390103665519322],[3.389693720708102],11115.227732358899,7837.447490873399,[3279.1245015602603],22.75072179156586,1.9818561639123415,1e-06,1e-06,1.4647828546921535,1.1684847628897685,32.64648314488119,-5.317759753967733,-3.634655945101656,188016.2132386823,7.995073286932552,-11.629729232034208,1359147.8433645412,"[0.0, 0.0]","[-3.2021418218433855, -5.501011474163085]","[[188016.2132386823, 398440.4344085343], [1359147.8433645412, 462426.52925893245], [1359147.8433645412, 245533.35591386392], [188016.2132386823, 245533.35591386392]]",[0.05124745476671276],19.84552656331279,0.5
470.905224553091,[2.390103225808476],[3.3896936863779445],11115.227564434781,7837.446009978123,[3279.12448523098],22.750721796385903,1.9818561639123415,1e-06,1e-06,1.4647828546921535,1.1684847638150309,32.64648310193638,-5.317759672552116,-3.6346522361582743,188016.21124135586,7.995077261128074,-11.629729497286348,1359147.855457498,"[0.0, 0.0]","[-3.202141895972451, -5.501011601332384]","[[188016.21124135586, 398440.43759758957], [1359147.855457498, 462426.53440482204], [1359147.855457498, 245533.35585907928], [188016.21124135586, 245533.35585907928]]",[0.05124745294418404],19.845525753905488,0.5
471.405224553091,[2.390102789705056],[3.3896936523542576],11115.227397918801,7837.444541196351,[3279.1244690206436],22.750721801177377,1.9818561639123415,1e-06,1e-06,1.4647828546921535,1.1684847647350565,32.64648305935236,-5.3177595916747356,-3.6346485120039915,188016.20925556243,7.995081249002908,-11.6297297610069,1359147.8674390828,"[0.0, 0.0]","[-3.202141969675709, -5.501011727741664]","[[188016.20925556243, 398440.4407991763], [1359147.8674390828, 462426.5395627762], [1359147.8674390828, 245533.3558062136], [188016.20925556243, 245533.3558062136]]",[0.05124745112403143],19.845524956400364,0.5
471.905224553091,[2.390102357376356],[3.389693618600341],11115.227232813464,7837.443085163276,[3279.1244529654923],22.75072180591651,1.9818561639123415,1e-06,1e-06,1.4647828546921535,1.168484765644786,32.6464830171285,-5.317759511625909,-3.6346448653283687,188016.2072917669,7.995085156477614,-11.629730021805983,1359147.8793290188,"[0.0, 0.0]","[-3.202142042560322, -5.501011852776107]","[[188016.2072917669, 398440.44393469195], [1359147.8793290188, 462426.544622274], [1359147.8793290188, 245533.35575234864], [188016.2072917669, 245533.35575234864]]",[0.051247449332099855],19.84552416058151,0.5
472.405224553091,[2.390101928594701],[3.3896935851477994],11115.227069092693,7837.4416410408685,[3279.1244370272602],22.750721810627546,1.9818561639123415,1e-06,1e-06,1.4647828546921535,1.1684847665493665,32.646482975259346,-5.317759432106269,-3.6346412036945708,188016.2053393102,7.995089077404714,-11.629730281099285,1359147.8911094486,"[0.0, 0.0]","[-3.2021421150262737, -5.501011977063248]","[[188016.2053393102, 398440.4470825309], [1359147.8911094486, 462426.54969363706], [1359147.8911094486, 245533.35570037036], [188016.2053393102, 245533.35570037036]]",[0.05124744754250373],19.84552337646503,0.5
472.905224553091,[2.390101503524309],[3.3896935519605345],11115.226906759095,7837.440209452916,[3279.124421241637],22.750721815287115,1.9818561639123415,1e-06,1e-06,1.4647828546921535,1.1684847674438235,32.64648293374432,-5.31775935340128,-3.6346376182402196,188016.20340848246,7.995092919279955,-11.629730537520174,1359147.902799769,"[0.0, 0.0]","[-3.202142186687311, -5.501012099998611]","[[188016.20340848246, 398440.45016540686], [1359147.902799769, 462426.5546681952], [1359147.902799769, 245533.35564740963], [188016.20340848246, 245533.35564740963]]",[0.0512474457806553],19.845522594006468,0.5
473.405224553091,[2.3901010819413293],[3.3896935190696253],11115.226745786948,7837.438789575389,[3279.124405570968],22.75072181991906,1.9818561639123415,1e-06,1e-06,1.4647828546921535,1.1684847683332178,32.646482892578035,-5.317759275216601,-3.634634018078657,188016.20148880308,7.995096774381864,-11.62973079246052,1359147.9143824223,"[0.0, 0.0]","[-3.2021422579367282, -5.501012222199288]","[[188016.20148880308, 398440.4532603994], [1359147.9143824223, 462426.55965441914], [1359147.9143824223, 245533.35559630403], [188016.20148880308, 245533.35559630403]]",[0.05124744402110302],19.845521823053865,0.5
473.905224553091,[2.3901006640073477],[3.3896934864395547],11115.226586178675,7837.437382021979,[3279.124390050328],22.75072182450041,1.9818561639123415,1e-06,1e-06,1.4647828546921535,1.1684847692126594,32.64648285175991,-5.317759197832897,-3.634630492816598,188016.1995903895,7.995100551760061,-11.629731044576658,1359147.9258764805,"[0.0, 0.0]","[-3.20214232839475, -5.501012343070859]","[[188016.1995903895, 398440.45629152015], [1359147.9258764805, 462426.56454546464], [1359147.9258764805, 245533.35554423244], [188016.1995903895, 245533.35554423244]]",[0.051247442288832386],19.845521053731353,0.5
474.405224553091,[2.3901002495022228],[3.389693454100634],11115.226427908281,7837.435985982398,[3279.1243746427253],22.750721829054594,1.9818561639123415,1e-06,1e-06,1.4647828546921535,1.1684847700871228,32.64648281128473,-5.31775912096076,-3.634626953096131,188016.1977029376,7.995104342140962,-11.629731295237093,1359147.9372646809,"[0.0, 0.0]","[-3.2021423984480526, -5.501012463220031]","[[188016.1977029376, 398440.4593345525], [1359147.9372646809, 462426.56944797805], [1359147.9372646809, 245533.35549398468], [188016.1977029376, 245533.35549398468]]",[0.05124744055881996],19.845520295721624,0.5
474.905224553091,[2.39009983858498],[3.389693422018319],11115.226270979307,7837.434602060479,[3279.1243593826216],22.750721833559034,1.9818561639123415,1e-06,1e-06,1.4647828546921535,1.1684847709518,32.646482771151796,-5.317759044876143,-3.6346234870165404,188016.1958363942,7.995108056104243,-11.629731543120783,1359147.9485657685,"[0.0, 0.0]","[-3.2021424677232155, -5.501012582062432]","[[188016.1958363942, 398440.4623147867], [1359147.9485657685, 462426.57425691205], [1359147.9485657685, 245533.35544278717], [188016.1958363942, 245533.35544278717]]",[0.05124743885563075],19.845519539314633,0.5
475.405224553091,[2.390099431038827],[3.3896933902224413],11115.226115366355,7837.433229458451,[3279.124344233666],22.750721838036764,1.9818561639123415,1e-06,1e-06,1.4647828546921535,1.1684847718115832,32.646482731356116,-5.317758969294522,-3.634620006720297,188016.19398062825,7.9951117828528595,-11.629731789573157,1359147.9597627795,"[0.0, 0.0]","[-3.2021425366004888, -5.501012700194566]","[[188016.19398062825, 398440.4653067331], [1359147.9597627795, 462426.57907712297], [1359147.9597627795, 245533.35539338307], [188016.19398062825, 245533.35539338307]]",[0.05124743715466154],19.845518794030482,0.5
475.905224553091,[2.39009902702046],[3.389693358678719],11115.225961071916,7837.431868771159,[3279.1243292297568],22.750721842465587,1.9818561639123415,1e-06,1e-06,1.4647828546921535,1.1684847726617449,32.64648269189695,-5.317758894487193,-3.634616598830519,188016.1921454201,7.995115434464935,-11.629732033295454,1359147.9708741405,"[0.0, 0.0]","[-3.2021426047126673, -5.501012817041861]","[[188016.1921454201, 398440.4682369341], [1359147.9708741405, 462426.5838053234], [1359147.9708741405, 245533.355343045], [188016.1921454201, 245533.355343045]]",[0.05124743548006576],19.845518050322173,0.5
476.405224553091,[2.3900986263165582],[3.389693327416592],11115.225808071198,7837.430519213551,[3279.1243143351007],22.750721846868146,1.9818561639123415,1e-06,1e-06,1.4647828546921535,1.168484773507094,32.64648265276935,-5.317758820174419,-3.6346131769630574,188016.19032080867,7.995119098647365,-11.629732275610422,1359147.9818831687,"[0.0, 0.0]","[-3.2021426724336277, -5.5010129331908075]","[[188016.19032080867, 398440.4711786504], [1359147.9818831687, 462426.5885446104], [1359147.9818831687, 245533.35529447024], [188016.19032080867, 245533.35529447024]]",[0.051247433807652926],19.845517317549955,0.5
476.905224553091,[2.3900982290810475],[3.38969329640239],11115.22565636686,7837.4291813700875,[3279.124299583054],22.750721851222607,1.9818561639123415,1e-06,1e-06,1.4647828546921535,1.1684847743429831,32.64648261397258,-5.317758746622948,-3.6346098262841338,188016.1885164093,7.995122688956997,-11.62973251524113,1359147.992807986,"[0.0, 0.0]","[-3.2021427394023783, -5.501013048076504]","[[188016.1885164093, 398440.4740596597], [1359147.992807986, 462426.59319343464], [1359147.992807986, 245533.35524497734], [188016.1885164093, 245533.35524497734]]",[0.05124743216117002],19.845516586327136,0.5
477.405224553091,[2.3900978351045827],[3.3896932656651644],11115.225505934894,7837.427854470205,[3279.12428493843],22.750721855551262,1.9818561639123415,1e-06,1e-06,1.4647828546921535,1.1684847751741407,32.64648257550181,-5.317758673557714,-3.634606461863882,188016.1867224291,7.995126291624331,-11.629732753488213,1359148.0036321867,"[0.0, 0.0]","[-3.202142805986442, -5.501013162275574]","[[188016.1867224291, 398440.4769519898], [1359148.0036321867, 462426.5978531576], [1359148.0036321867, 245533.35519721793], [188016.1867224291, 245533.35519721793]]",[0.05124743051683384],19.845515865856825,0.5
477.905224553091,[2.3900974445382266],[3.3896932351715496],11115.225356777068,7837.426539087646,[3279.124270434028],22.75072185983263,1.9818561639123415,1e-06,1e-06,1.4647828546921535,1.1684847759959973,32.64648253735635,-5.317758601240999,-3.6346031674366372,188016.1849483217,7.995129821659418,-11.629732989096055,1359148.0143735951,"[0.0, 0.0]","[-3.202142871830935, -5.501013275232588]","[[188016.1849483217, 398440.4797846322], [1359148.0143735951, 462426.6024239366], [1359148.0143735951, 245533.3551485559], [188016.1849483217, 245533.3551485559]]",[0.05124742889799223],19.845515146909875,0.5
478.405224553091,[2.3900970571761246],[3.389693204950299],11115.225208870363,7837.42523446468,[3279.1242560352416],22.75072186408861,1.9818561639123415,1e-06,1e-06,1.4647828546921535,1.168484776813202,32.64648249953137,-5.317758529402372,-3.634599859499133,188016.18318445852,7.995133363844332,-11.629733223343464,1359148.0250160731,"[0.0, 0.0]","[-3.202142937297201, -5.501013387514487]","[[188016.18318445852, 398440.4826284053], [1359148.0250160731, 462426.6070054312], [1359148.0250160731, 245533.35510159822], [188016.18318445852, 245533.35510159822]]",[0.05124742728126136],19.845514438534916,0.5
478.905224553091,[2.3900966731669953],[3.38969317496861],11115.22506221655,7837.423941166062,[3279.1242417743256],22.750721868298108,1.9818561639123415,1e-06,1e-06,1.4647828546921535,1.1684847776212615,32.64648246202637,-5.317758458299702,-3.6345966203788294,188016.18144013433,7.995136834617199,-11.629733454996028,1359148.035577148,"[0.0, 0.0]","[-3.2021430020362898, -5.501013498575201]","[[188016.18144013433, 398440.4854134932], [1359148.035577148, 462426.61149947555], [1359148.035577148, 245533.355053753], [188016.18144013433, 245533.355053753]]",[0.05124742568959686],19.845513731657764,0.5
479.405224553091,[2.390096292308093],[3.389693145254765],11115.224916793059,7837.422658445657,[3279.124227617262],22.750721872482636,1.9818561639123415,1e-06,1e-06,1.4647828546921535,1.1684847784247463,32.64648242483639,-5.317758387667086,-3.6345933679755262,188016.17970588265,7.99514031733537,-11.629733685310896,1359148.046040958,"[0.0, 0.0]","[-3.2021430664035426, -5.501013608972158]","[[188016.17970588265, 398440.4882095244], [1359148.046040958, 462426.61600405537], [1359148.046040958, 245533.35500758374], [188016.17970588265, 245533.35500758374]]",[0.05124742410000785],19.845513035175113,0.5
479.905224553091,[2.390095914746011],[3.389693115776445],11115.224772601325,7837.421386859901,[3279.1242135957386],22.750721876621462,1.9818561639123415,1e-06,1e-06,1.4647828546921535,1.1684847792192403,32.64648238796099,-5.317758317758072,-3.6345901832347067,188016.1779908419,7.9951437298398105,-11.629733913074517,1359148.0564247288,"[0.0, 0.0]","[-3.2021431300558163, -5.501013718168422]","[[188016.1779908419, 398440.49094785564], [1359148.0564247288, 462426.620422653], [1359148.0564247288, 245533.35496054182], [188016.1779908419, 245533.35496054182]]",[0.051247422535064376],19.84551234016512,0.5
480.405224553091,[2.3900955402814805],[3.389693086561374],11115.224629618942,7837.420125675467,[3279.1241996763265],22.750721880735743,1.9818561639123415,1e-06,1e-06,1.4647828546921535,1.168484780009237,32.64648235139532,-5.317758248311228,-3.634586985432122,188016.17628570422,7.995147154090887,-11.62973413952301,1359148.0667128665,"[0.0, 0.0]","[-3.2021431933424673, -5.501013826712031]","[[188016.17628570422, 398440.4936969475], [1359148.0667128665, 462426.62485161045], [1359148.0667128665, 245533.3549151476], [188016.17628570422, 245533.3549151476]]",[0.051247420972161166],19.845511655375134,0.5
480.905224553091,[2.390095169058043],[3.3896930575781563],11115.224487848622,7837.418875437547,[3279.1241858901963],22.750721884805085,1.9818561639123415,1e-06,1e-06,1.4647828546921535,1.168484780790393,32.64648231513888,-5.317758179575821,-3.6345838541578246,188016.17459945558,7.995150509305063,-11.629734363462887,1359148.0769223082,"[0.0, 0.0]","[-3.202143255926146, -5.501013934075108]","[[188016.17459945558, 398440.4963893065], [1359148.0769223082, 462426.62919602665], [1359148.0769223082, 245533.35486889526], [188016.17459945558, 245533.35486889526]]",[0.05124741943349044],19.845510972033058,0.5
481.405224553091,[2.390094800880192],[3.3896930288533698],11115.22434726602,7837.417635426432,[3279.1241722044556],22.7507218888503,1.9818561639123415,1e-06,1e-06,1.4647828546921535,1.1684847815671273,32.646482279187126,-5.317758111294838,-3.634580710041348,188016.17292294354,7.9951538760684,-11.629734586109748,1359148.0870377244,"[0.0, 0.0]","[-3.2021433181503625, -5.501014040796541]","[[188016.17292294354, 398440.4990922456], [1359148.0870377244, 462426.6335506293], [1359148.0870377244, 245533.35482426314], [188016.17292294354, 245533.35482426314]]",[0.051247417896825576],19.845510298739423,0.5
481.905224553091,[2.3900944358891723],[3.389693000356661],11115.224207875444,7837.416406178504,[3279.1241586497385],22.750721892851328,1.9818561639123415,1e-06,1e-06,1.4647828546921535,1.168484782335169,32.64648224353937,-5.317758043713364,-3.6345776313345937,188016.1712650031,7.9951571749556365,-11.62973480629023,1359148.0970757646,"[0.0, 0.0]","[-3.2021433796834002, -5.50101414635722]","[[188016.1712650031, 398440.5017394054], [1359148.0970757646, 462426.6378221121], [1359148.0970757646, 245533.35477878735], [188016.1712650031, 245533.35477878735]]",[0.05124741638398592],19.84550962686942,0.5
482.405224553091,[2.3900940738926235],[3.389692972114118],11115.224069652952,7837.415186985785,[3279.124145193745],22.75072189682863,1.9818561639123415,1e-06,1e-06,1.4647828546921535,1.1684847830988636,32.64648220819106,-5.31775797657866,-3.634574540001779,188016.16961663606,7.995160485197573,-11.629735025199352,1359148.107021359,"[0.0, 0.0]","[-3.2021434408630154, -5.501014251287041]","[[188016.16961663606, 398440.50439696724], [1359148.107021359, 462426.6421036093], [1359148.107021359, 245533.35473490437], [188016.16961663606, 245533.35473490437]]",[0.05124741487311867],19.845508964879148,0.5
482.905224553091,[2.390093715029501],[3.3896929440958883],11115.223932602683,7837.41397837587,[3279.1241318665748],22.75072190076249,1.9818561639123415,1e-06,1e-06,1.4647828546921535,1.1684847838540122,32.64648217314175,-5.317757910131718,-3.6345715129805853,188016.1679865288,7.9951637287029484,-11.629735241683534,1359148.116890875,"[0.0, 0.0]","[-3.2021435013630515, -5.501014355075575]","[[188016.1679865288, 398440.5069996865], [1359148.116890875, 462426.6463033818], [1359148.116890875, 245533.354690192], [188016.1679865288, 245533.354690192]]",[0.05124741338567661],19.845508304288582,0.5
483.405224553091,[2.390093359110331],[3.3896929163274527],11115.223796700519,7837.412779651526,[3279.1241186364623],22.75072190467302,1.9818561639123415,1e-06,1e-06,1.4647828546921535,1.1684847846048863,32.64648213838689,-5.31775784412406,-3.6345684735452437,188016.16636583413,7.995166983372371,-11.629735456917615,1359148.1266694972,"[0.0, 0.0]","[-3.2021435615155793, -5.501014458243846]","[[188016.16636583413, 398440.5096126331], [1359148.1266694972, 462426.65051300096], [1359148.1266694972, 245533.3546470458], [188016.16636583413, 245533.3546470458]]",[0.05124741190017378],19.845507653411907,0.5
483.905224553091,[2.3900930062719374],[3.3896928887795195],11115.223661950826,7837.411591332226,[3279.1241055330333],22.750721908540836,1.9818561639123415,1e-06,1e-06,1.4647828546921535,1.168484785347357,32.64648210392602,-5.317757778792627,-3.6345654973426917,188016.16476309302,7.995170172424764,-11.629735669767456,1359148.136373322,"[0.0, 0.0]","[-3.2021436209999536, -5.501014560290007]","[[188016.16476309302, 398440.51217165706], [1359148.136373322, 462426.6546422669], [1359148.136373322, 245533.35460308412], [188016.16476309302, 245533.35460308412]]",[0.05124741043770315],19.845507003911447,0.5
484.405224553091,[2.3900926563282874],[3.3896928614773687],11115.223528330478,7837.410412733184,[3279.124092525009],22.75072191238572,1.9818561639123415,1e-06,1e-06,1.4647828546921535,1.1684847860856256,32.6464820697546,-5.31775771389309,-3.634562508934607,188016.16316960653,7.995173372453621,-11.629735881388228,1359148.1459877742,"[0.0, 0.0]","[-3.2021436801426457, -5.501014661726282]","[[188016.16316960653, 398440.51474073634], [1359148.1459877742, 462426.6587812133], [1359148.1459877742, 245533.35456066215], [188016.16316960653, 245533.35456066215]]",[0.05124740897713941],19.845506363961785,0.5
484.905224553091,[2.390092309413621],[3.3896928343917767],11115.22339584247,7837.409244364271,[3279.1240796415436],22.75072191618861,1.9818561639123415,1e-06,1e-06,1.4647828546921535,1.168484786815632,32.64648203587217,-5.317757649658421,-3.6345595826962835,188016.1615937717,7.995176507968495,-11.629736090664778,1359148.1555286862,"[0.0, 0.0]","[-3.2021437386284153, -5.501014762059309]","[[188016.1615937717, 398440.5172567998], [1359148.1555286862, 462426.66284115764], [1359148.1555286862, 245533.35451743845], [188016.1615937717, 245533.35451743845]]",[0.05124740753922054],19.845505725365218,0.5
485.405224553091,[2.3900919653450874],[3.3896928075479424],11115.223264465218,7837.408085552415,[3279.124066851892],22.750721919968946,1.9818561639123415,1e-06,1e-06,1.4647828546921535,1.1684847875415065,32.64648200227447,-5.317757585848411,-3.6345566444577457,188016.16002703647,7.995179654275205,-11.62973629873295,1359148.1649817263,"[0.0, 0.0]","[-3.2021437967782242, -5.50101486179269]","[[188016.16002703647, 398440.51978274924], [1359148.1649817263, 462426.66691061907], [1359148.1649817263, 245533.35447572867], [188016.16002703647, 245533.35447572867]]",[0.05124740610317681],19.845505096159144,0.5
485.905224553091,[2.390091624254668],[3.3896927809170876],11115.223134201427,7837.406936798845,[3279.1240541846933],22.750721923707992,1.9818561639123415,1e-06,1e-06,1.4647828546921535,1.1684847882592577,32.64648196896081,-5.317757522692104,-3.634553767345949,188016.15847765663,7.99518273715023,-11.62973650449618,1359148.174362463,"[0.0, 0.0]","[-3.202143854282147, -5.50101496044136]","[[188016.15847765663, 398440.522256572], [1359148.174362463, 462426.67090240354], [1359148.174362463, 245533.35443323062], [188016.15847765663, 245533.35443323062]]",[0.05124740468939804],19.845504468283465,0.5
486.405224553091,[2.3900912859624976],[3.3896927545240914],11115.223005030308,7837.405797441577,[3279.124041609745],22.750721927424866,1.9818561639123415,1e-06,1e-06,1.4647828546921535,1.1684847889729464,32.64648193592711,-5.317757459953329,-3.634550878434652,188016.1569372234,7.995185830636615,-11.629736709071267,1359148.183656803,"[0.0, 0.0]","[-3.2021439114557437, -5.501015058500438]","[[188016.1569372234, 398440.5247401159], [1359148.183656803, 462426.67490354733], [1359148.183656803, 245533.35439222105], [188016.1569372234, 245533.35439222105]]",[0.051247403277462536],19.845503849640593,0.5
486.905224553091,[2.390090950598631],[3.389692728340085],11115.222876952626,7837.404667974368,[3279.1240291552012],22.750721931101133,1.9818561639123415,1e-06,1e-06,1.4647828546921535,1.1684847896786483,32.6464819031728,-5.317757397857279,-3.6345480496243,188016.1554138544,7.995188861755935,-11.629736911380235,1359148.1928800493,"[0.0, 0.0]","[-3.2021439679942807, -5.501015155492992]","[[188016.1554138544, 398440.5271724078], [1359148.1928800493, 462426.6788283169], [1359148.1928800493, 245533.35435043633], [188016.1554138544, 245533.35435043633]]",[0.05124740188741848],19.84550323230579,0.5
487.405224553091,[2.3900906179861643],[3.3896927023901036],11115.222749949795,7837.403547746135,[3279.1240167913597],22.75072193475561,1.9818561639123415,1e-06,1e-06,1.4647828546921535,1.1684847903803557,32.64648187069366,-5.3177573361717405,-3.6345452092120922,188016.15389928166,7.995191903308921,-11.629737112521013,1359148.2020183525,"[0.0, 0.0]","[-3.202144024208069, -5.501015251905865]","[[188016.15389928166, 398440.52961425786], [1359148.2020183525, 462426.6827622892], [1359148.2020183525, 245533.35431011528], [188016.15389928166, 245533.35431011528]]",[0.051247400499186545],19.845502624048784,0.5
487.905224553091,[2.3900902882524444],[3.3896926766457676],11115.222624022526,7837.402437240582,[3279.1240045458844],22.750721938370162,1.9818561639123415,1e-06,1e-06,1.4647828546921535,1.1684847910742098,32.64648183848914,-5.317757275118151,-3.6345424278929954,188016.15240148682,7.995194883540535,-11.62973731143353,1359148.2110867538,"[0.0, 0.0]","[-3.2021440797974488, -5.501015347270118]","[[188016.15240148682, 398440.5320057155], [1359148.2110867538, 462426.6866211685], [1359148.2110867538, 245533.35426903213], [188016.15240148682, 245533.35426903213]]",[0.05124739913247885],19.845502017077884,0.5
488.405224553091,[2.390089961223988],[3.389692651131546],11115.222499152129,7837.401335819085,[3279.12399238959],22.750721941963292,1.9818561639123415,1e-06,1e-06,1.4647828546921535,1.1684847917641372,32.646481806555244,-5.317757214468194,-3.634539635166732,188016.15091234067,7.9951978740308505,-11.629737509197582,1359148.2200716394,"[0.0, 0.0]","[-3.2021441350675217, -5.501015442064424]","[[188016.15091234067, 398440.5344065709], [1359148.2200716394, 462426.6904890958], [1359148.2200716394, 245533.35422938783], [188016.15091234067, 245533.35422938783]]",[0.051247397767552876],19.84550141903239,0.5
488.905224553091,[2.39008963702625],[3.389692625819278],11115.222375338491,7837.4002439580545,[3279.1239803496865],22.750721945517164,1.9818561639123415,1e-06,1e-06,1.4647828546921535,1.1684847924463433,32.64648177489141,-5.317757154439564,-3.6345369005398425,188016.14943969046,7.995200804231047,-11.62973770477089,1359148.228987796,"[0.0, 0.0]","[-3.202144189723693, -5.501015535827743]","[[188016.14943969046, 398440.5367578812], [1359148.228987796, 462426.6942831929], [1359148.228987796, 245533.35418899427], [188016.14943969046, 245533.35418899427]]",[0.0512473964237893],19.84550082225141,0.5
489.405224553091,[2.3900893154880594],[3.3896926007333477],11115.22225256429,7837.399161027608,[3279.123968397474],22.75072194904997,1.9818561639123415,1e-06,1e-06,1.4647828546921535,1.1684847931246882,32.64648174349355,-5.317757094807781,-3.634534154698315,188016.14797554386,7.995203744516516,-11.629737899214831,1359148.237821839,"[0.0, 0.0]","[-3.202144244065891, -5.501015629030646]","[[188016.14797554386, 398440.53911843064], [1359148.237821839, 462426.6980861851], [1359148.237821839, 245533.35415001554], [188016.14797554386, 245533.35415001554]]",[0.05124739508177784],19.845500234245996,0.5
489.905224553091,[2.390088996733242],[3.3896925758461807],11115.222130829696,7837.3980874976605,[3279.1239565596784],22.750721952544183,1.9818561639123415,1e-06,1e-06,1.4647828546921535,1.1684847937954415,32.64648171236132,-5.3177570357869035,-3.634531465981013,188016.14652761628,7.995206625523906,-11.629738091504919,1359148.24658831,"[0.0, 0.0]","[-3.2021442978044865, -5.501015721219862]","[[188016.14652761628, 398440.5414302666], [1359148.24658831, 462426.70181658625], [1359148.24658831, 245533.35411030016], [188016.14652761628, 245533.35411030016]]",[0.05124739376057351],19.845499647483855,0.5
490.405224553091,[2.3900886805932613],[3.3896925511812395],11115.222010116062,7837.397022748164,[3279.123944808101],22.750721956017678,1.9818561639123415,1e-06,1e-06,1.4647828546921535,1.1684847944623982,32.64648168149057,-5.317756977156209,-3.6345287662371106,188016.14508804958,7.99520951644746,-11.62973828268457,1359148.255274041,"[0.0, 0.0]","[-3.202144351234407, -5.501015812858101]","[[188016.14508804958, 398440.54375118675], [1359148.255274041, 462426.7055557329], [1359148.255274041, 245533.35407197583], [188016.14508804958, 245533.35407197583]]",[0.051247392441091874],19.84549906934997,0.5
490.905224553091,[2.3900883671897812],[3.389692526711878],11115.221890425159,7837.395967240927,[3279.1239331690413],22.750721959453227,1.9818561639123415,1e-06,1e-06,1.4647828546921535,1.1684847951218913,32.6464816508809,-5.317756919126164,-3.634526122658258,188016.14366442963,7.995212349088206,-11.629738471746464,1359148.2638933344,"[0.0, 0.0]","[-3.2021444040708467, -5.501015903499654]","[[188016.14366442963, 398440.5460242112], [1359148.2638933344, 462426.7092235074], [1359148.2638933344, 245533.3540329271], [188016.14366442963, 245533.3540329271]]",[0.05124739114206808],19.845498492438498,0.5
491.405224553091,[2.390088056357589],[3.3896925024610502],11115.221771738172,7837.394920367857,[3279.1239216147433],22.75072196286842,1.9818561639123415,1e-06,1e-06,1.4647828546921535,1.1684847957776514,32.64648162052845,-5.317756861479753,-3.6345234682371483,188016.14224903006,7.995215191479588,-11.629738659716736,1359148.2724332488,"[0.0, 0.0]","[-3.202144456603787, -5.501015993599464]","[[188016.14224903006, 398440.5483061682], [1359148.2724332488, 462426.7128998822], [1359148.2724332488, 245533.35399524623], [188016.14224903006, 245533.35399524623]]",[0.05124738984473772],19.845497924010406,0.5
491.905224553091,[2.3900877482157217],[3.3896924784024933],11115.221654056655,7837.393882581109,[3279.1239101710717],22.750721966246292,1.9818561639123415,1e-06,1e-06,1.4647828546921535,1.1684847964260727,32.6464815904327,-5.317756804423909,-3.6345208690403297,188016.14084930986,7.995217976564334,-11.629738845604663,1359148.280907837,"[0.0, 0.0]","[-3.2021445085532276, -5.501016082719352]","[[188016.14084930986, 398440.55054103193], [1359148.280907837, 462426.7165060801], [1359148.280907837, 245533.353956853], [188016.14084930986, 245533.353956853]]",[0.05124738856752237],19.845497356784197,0.5
492.405224553091,[2.3900874426017955],[3.389692454558765],11115.221537362075,7837.392853282983,[3279.123898810737],22.75072196960414,1.9818561639123415,1e-06,1e-06,1.4647828546921535,1.1684847970708243,32.646481560589734,-5.317756747745256,-3.634518259182073,188016.13945767176,7.995220771237143,-11.629739030419216,1359148.2893043773,"[0.0, 0.0]","[-3.2021445602042564, -5.501016171306619]","[[188016.13945767176, 398440.5527846791], [1359148.2893043773, 462426.7201207353], [1359148.2893043773, 245533.3539198047], [188016.13945767176, 245533.3539198047]]",[0.051247387291971695],19.845496797898974,0.5
492.905224553091,[2.390087139633253],[3.38969243090403],11115.221421655919,7837.39183291937,[3279.1238875591707],22.750721972925312,1.9818561639123415,1e-06,1e-06,1.4647828546921535,1.1684847977083597,32.646481530999154,-5.31775669164726,-3.6345157036200817,188016.1380814498,7.995223509566415,-11.629739213186497,1359148.2976366936,"[0.0, 0.0]","[-3.202144611281555, -5.501016258930338]","[[188016.1380814498, 398440.5549820241], [1359148.2976366936, 462426.723666393], [1359148.2976366936, 245533.35388205605], [188016.1380814498, 245533.35388205605]]",[0.051247386036198134],19.84549624019543,0.5
493.405224553091,[2.3900868391502947],[3.3896924074607235],11115.221306920763,7837.390820902111,[3279.123876389529],22.75072197622679,1.9818561639123415,1e-06,1e-06,1.4647828546921535,1.168484798342287,32.64648150165726,-5.317756635920121,-3.6345131375771302,188016.13671317458,7.995226257321349,-11.629739394898479,1359148.30589227,"[0.0, 0.0]","[-3.2021446620654754, -5.501016346030398]","[[188016.13671317458, 398440.55718800414], [1359148.30589227, 462426.72722036415], [1359148.30589227, 245533.35384562955], [188016.13671317458, 245533.35384562955]]",[0.05124738478206174],19.84549569069286,0.5
493.905224553091,[2.390086541268154],[3.3896923842031006],11115.2211931571,7837.389817668942,[3279.123865326863],22.750721979492198,1.9818561639123415,1e-06,1e-06,1.4647828546921535,1.16848479896912,32.646481472563494,-5.3177565807638825,-3.634510624918221,188016.13536005636,7.995228949679245,-11.629739574597465,1359148.3140847,"[0.0, 0.0]","[-3.2021447122852966, -5.501016432183101]","[[188016.13536005636, 398440.55934846017], [1359148.3140847, 462426.7307064974], [1359148.3140847, 245533.35380851466], [188016.13536005636, 245533.35380851466]]",[0.05124738354737007],19.84549514235217,0.5
494.405224553091,[2.390086245829818],[3.389692361153292],11115.2210803479,7837.3888226418185,[3279.1238543447384],22.750721982738252,1.9818561639123415,1e-06,1e-06,1.4647828546921535,1.168484799592405,32.646481443714094,-5.317756525972291,-3.6345081019539407,188016.1340147515,7.995231651304891,-11.629739753258832,1359148.322201679,"[0.0, 0.0]","[-3.202144762216651, -5.501016517820933]","[[188016.1340147515, 398440.5615174061], [1359148.322201679, 462426.73420080426], [1359148.322201679, 245533.3537726998], [188016.1340147515, 245533.3537726998]]",[0.051247382314288124],19.84549460207474,0.5
494.905224553091,[2.390085952948836],[3.3896923382860833],11115.22096849393,7837.387836251926,[3279.123843467775],22.75072198594885,1.9818561639123415,1e-06,1e-06,1.4647828546921535,1.1684848002087145,32.64648141510878,-5.317756471742012,-3.634505631478987,188016.13268434964,7.995234298462094,-11.629739929941081,1359148.3302565678,"[0.0, 0.0]","[-3.2021448115933926, -5.501016602527312]","[[188016.13268434964, 398440.563641591], [1359148.3302565678, 462426.73762841], [1359148.3302565678, 245533.35373620797], [188016.13268434964, 245533.35373620797]]",[0.051247381100325055],19.845494062939665,0.5
495.405224553091,[2.3900856624705145],[3.389692315623175],11115.220857578366,7837.386857929967,[3279.123832670016],22.75072198914041,1.9818561639123415,1e-06,1e-06,1.4647828546921535,1.168484800821536,32.64648138674369,-5.317756417870247,-3.6345031508705006,188016.13136162955,7.995236954732604,-11.629740105603105,1359148.3382372754,"[0.0, 0.0]","[-3.202144860686527, -5.50101668672747]","[[188016.13136162955, 398440.56577412446], [1359148.3382372754, 462426.74106405396], [1359148.3382372754, 245533.35370099437], [188016.13136162955, 245533.35370099437]]",[0.05124737988794415],19.845493531732487,0.5
495.905224553091,[2.3900853745064614],[3.389692293139874],11115.220747602212,7837.3858880997195,[3279.123821975645],22.750721992297102,1.9818561639123415,1e-06,1e-06,1.4647828546921535,1.1684848014274996,32.64648135861859,-5.3177563645503785,-3.6345007218695855,188016.1300535621,7.995239557449622,-11.629740279319208,1359148.346156937,"[0.0, 0.0]","[-3.2021449092343435, -5.501016770011837]","[[188016.1300535621, 398440.56786264887], [1359148.346156937, 462426.7444341178], [1359148.346156937, 245533.35366511517], [188016.1300535621, 245533.35366511517]]",[0.051247378694360926],19.8454930016485,0.5
496.405224553091,[2.390085088904954],[3.3896922708575943],11115.220638549203,7837.384926202683,[3279.123811359149],22.750721995435082,1.9818561639123415,1e-06,1e-06,1.4647828546921535,1.1684848020300327,32.64648133072967,-5.317756311583006,-3.634498282906577,188016.12875304784,7.9952421691256745,-11.629740452032252,1359148.3540036622,"[0.0, 0.0]","[-3.202144957503287, -5.501016852798441]","[[188016.12875304784, 398440.56995938043], [1359148.3540036622, 462426.7478120828], [1359148.3540036622, 245533.35363049258], [188016.12875304784, 245533.35363049258]]",[0.05124737750233378],19.845492479359304,0.5
496.905224553091,[2.390084805775468],[3.389692248751739],11115.220530419223,7837.383972654634,[3279.123800844288],22.75072199853878,1.9818561639123415,1e-06,1e-06,1.4647828546921535,1.1684848026258228,32.64648130307671,-5.317756259158269,-3.6344958946836528,188016.12746694012,7.995244728148407,-11.62974062283206,1359148.3617903646,"[0.0, 0.0]","[-3.2021450052360847, -5.501016934684628]","[[188016.12746694012, 398440.57201284275], [1359148.3617903646, 462426.7511255702], [1359148.3617903646, 245533.35359521562], [188016.12746694012, 245533.35359521562]]",[0.05124737632878845],19.845491958174446,0.5
497.405224553091,[2.390084524968692],[3.3896922268433487],11115.220423196442,7837.38302690615,[3279.123790406037],22.750722001624087,1.9818561639123415,1e-06,1e-06,1.4647828546921535,1.168484803218241,32.646481275656015,-5.317756207080107,-3.6344934966662663,188016.12618825867,7.995247295979311,-11.629740792645578,1359148.369505356,"[0.0, 0.0]","[-3.2021450526947093, -5.501017016081414]","[[188016.12618825867, 398440.5740743742], [1359148.369505356, 462426.7544468259], [1359148.369505356, 245533.35356117442], [188016.12618825867, 245533.35356117442]]",[0.05124737515677311],19.845491444653526,0.5
497.905224553091,[2.390084246592604],[3.3896922051088243],11115.220316882478,7837.382089367009,[3279.1237800677036],22.750722004675684,1.9818561639123415,1e-06,1e-06,1.4647828546921535,1.1684848038040294,32.646481248467296,-5.317756155535475,-3.6344911485371654,188016.12492374197,7.995249812040868,-11.629740960578033,1359148.3771613333,"[0.0, 0.0]","[-3.202145099626166, -5.501017096592896]","[[188016.12492374197, 398440.57609336264], [1359148.3771613333, 462426.75770468544], [1359148.3771613333, 245533.35352648975], [188016.12492374197, 245533.35352648975]]",[0.05124737400292935],19.845490932218386,0.5
498.405224553091,[2.390083970500315],[3.38969218356816],11115.220211459453,7837.38115949671,[3279.1237698046716],22.75072200770918,1.9818561639123415,1e-06,1e-06,1.4647828546921535,1.1684848043865022,32.64648122150692,-5.317756104331596,-3.6344887907779366,188016.12366652692,7.99525233676286,-11.629741127540797,1359148.3847468002,"[0.0, 0.0]","[-3.2021451462880446, -5.501017176623219]","[[188016.12366652692, 398440.5781202852], [1359148.3847468002, 462426.7609701838], [1359148.3847468002, 245533.35349302], [188016.12366652692, 245533.35349302]]",[0.05124737285058984],19.84549042731854,0.5
498.905224553091,[2.390083696797671],[3.3896921621985054],11115.22010693025,7837.380237697198,[3279.1237596398955],22.75072201070955,1.9818561639123415,1e-06,1e-06,1.4647828546921535,1.1684848049624563,32.646481194774594,-5.317756053652275,-3.634486482070031,188016.12242323885,7.995254810583901,-11.629741292653932,1359148.3922742454,"[0.0, 0.0]","[-3.2021451924316087, -5.50101725578306]","[[188016.12242323885, 398440.5801053782], [1359148.3922742454, 462426.7641733496], [1359148.3922742454, 245533.35345891758], [188016.12242323885, 245533.35345891758]]",[0.051247371716117054],19.845489923486255,0.5
499.405224553091,[2.390083425340494],[3.3896921410194687],11115.220003277043,7837.379323437795,[3279.123749549149],22.750722013692126,1.9818561639123415,1e-06,1e-06,1.4647828546921535,1.1684848055351504,32.64648116826692,-5.317756003308,-3.6344841638932053,188016.12118712987,7.995257292920485,-11.62974145681369,1359148.399732365,"[0.0, 0.0]","[-3.2021452383101368, -5.501017334469822]","[[188016.12118712987, 398440.5820982721], [1359148.399732365, 462426.7673840259], [1359148.399732365, 245533.35342600965], [188016.12118712987, 245533.35342600965]]",[0.051247370583123245],19.845489427062738,0.5
499.905224553091,[2.3900831562329348],[3.389692120008363],11115.219900501996,7837.378417113998,[3279.1237395550165],22.750722016642126,1.9818561639123415,1e-06,1e-06,1.4647828546921535,1.1684848061014355,32.646481141983315,-5.317755953479489,-3.634481893944212,188016.11996471402,7.995259725210758,-11.62974161915497,1359148.4071334375,"[0.0, 0.0]","[-3.2021452836790645, -5.501017412300772]","[[188016.11996471402, 398440.584050039], [1359148.4071334375, 462426.77053341677], [1359148.4071334375, 245533.35339247977], [188016.11996471402, 245533.35339247977]]",[0.051247369467696105],19.845488931688855,0.5
500.405224553091,[2.39008288933326],[3.3896920991849706],11115.219798589176,7837.377518204077,[3279.1237296336617],22.75072201957463,1.9818561639123415,1e-06,1e-06,1.4647828546921535,1.1684848066645153,32.64648111592055,-5.317755903980398,-3.634479614684551,188016.1187493565,7.995262165874351,-11.629741780558902,1359148.414466347,"[0.0, 0.0]","[-3.2021453287873913, -5.501017489666547]","[[188016.1187493565, 398440.5860094766], [1359148.414466347, 462426.7736901928], [1359148.414466347, 245533.35336012422], [188016.1187493565, 245533.35336012422]]",[0.05124736835372283],19.845488443599386,0.5
500.905224553091,[2.390082624743728],[3.3896920785268425],11115.219697540299,7837.3766270964625,[3279.123719807306],22.750722022475106,1.9818561639123415,1e-06,1e-06,1.4647828546921535,1.1684848072212937,32.64648109007828,-5.3177558549883965,-3.6344773828441816,188016.1175474625,7.995264557330643,-11.629741940174824,1359148.4217431657,"[0.0, 0.0]","[-3.202145373394691, -5.501017566190895]","[[188016.1175474625, 398440.5879284769], [1359148.4217431657, 462426.77678671083], [1359148.4217431657, 245533.3533271573], [188016.1175474625, 245533.3533271573]]",[0.05124736725702163],19.845487956541923,0.5
501.405224553091,[2.3900823623249865],[3.389692058052819],11115.219597337655,7837.375743278153,[3279.1237100525],22.75072202535838,1.9818561639123415,1e-06,1e-06,1.4647828546921535,1.1684848077749206,32.64648106445304,-5.317755806320286,-3.634475141850203,188016.11635250857,7.995266957018941,-11.629742098869144,1359148.4289529668,"[0.0, 0.0]","[-3.202145417745721, -5.501017642257844]","[[188016.11635250857, 398440.58985501813], [1359148.4289529668, 462426.7798904887], [1359148.4289529668, 245533.35329534495], [188016.11635250857, 245533.35329534495]]",[0.05124736616175027],19.845487476646586,0.5
501.905224553091,[2.3900821021773453],[3.389692037741519],11115.21949798523,7837.374867130325,[3279.1237003911037],22.75072202821016,1.9818561639123415,1e-06,1e-06,1.4647828546921535,1.168484808322352,32.646481039044545,-5.31775575815076,-3.6344729474775477,188016.11517079175,7.995269308327806,-11.629742255805354,1359148.43610762,"[0.0, 0.0]","[-3.202145461604138, -5.501017717497483]","[[188016.11517079175, 398440.5917418024], [1359148.43610762, 462426.7829350228], [1359148.43610762, 245533.35326293143], [188016.11517079175, 245533.35326293143]]",[0.051247365083460436],19.845486997765917,0.5
502.405224553091,[2.3900818441640577],[3.3896920176112584],11115.219399464931,7837.373998149458,[3279.12369080006],22.750722031045026,1.9818561639123415,1e-06,1e-06,1.4647828546921535,1.1684848088666842,32.64648101384955,-5.317755710299684,-3.634470744104874,188016.11399589854,7.995271667730606,-11.62974241183548,1359148.4431963826,"[0.0, 0.0]","[-3.2021455052106327, -5.501017792287462]","[[188016.11399589854, 398440.5936360012], [1359148.4431963826, 462426.7859866954], [1359148.4431963826, 245533.35323165322], [188016.11399589854, 245533.35323165322]]",[0.051247364006576326],19.84548652592711,0.5
502.905224553091,[2.3900815883842044],[3.389691997640952],11115.219301780411,7837.373136711781,[3279.123681300844],22.750722033848938,1.9818561639123415,1e-06,1e-06,1.4647828546921535,1.1684848094049252,32.646480988867665,-5.317755662938823,-3.6344685865722113,188016.11283402037,7.995273979564956,-11.629742566137168,1359148.4502309223,"[0.0, 0.0]","[-3.2021455483327355, -5.5010178662639735]","[[188016.11283402037, 398440.59549110977], [1359148.4502309223, 462426.78898011683], [1359148.4502309223, 245533.35319978377], [188016.11283402037, 245533.35319978377]]",[0.051247362946388965],19.84548605508598,0.5
503.405224553091,[2.390081334702535],[3.389691977848527],11115.219204913745,7837.3722823197,[3279.123671870826],22.75072203663622,1.9818561639123415,1e-06,1e-06,1.4647828546921535,1.1684848099401197,32.64648096409559,-5.3177556158910715,-3.634466420190222,188016.1116788511,7.995276299357613,-11.629742719547835,1359148.4572006764,"[0.0, 0.0]","[-3.2021455912071755, -5.501017939798383]","[[188016.1116788511, 398440.59735350846], [1359148.4572006764, 462426.7919805573], [1359148.4572006764, 245533.35316903063], [188016.1116788511, 245533.35316903063]]",[0.051247361887583685],19.84548559116849,0.5
503.905224553091,[2.39008108321685],[3.3896919582134535],11115.21910886908,7837.371435344312,[3279.1236625310894],22.750722039393047,1.9818561639123415,1e-06,1e-06,1.4647828546921535,1.1684848104693248,32.64648093953309,-5.317755569325297,-3.6344642988789246,188016.11053647852,7.995278572380187,-11.629742871259111,1359148.4641171137,"[0.0, 0.0]","[-3.2021456336053573, -5.501018012532966]","[[188016.11053647852, 398440.59917747264], [1359148.4641171137, 462426.79492372426], [1359148.4641171137, 245533.3531376962], [188016.11053647852, 245533.3531376962]]",[0.0512473608451951],19.845485128231925,0.5
504.405224553091,[2.3900808337943373],[3.389691938753389],11115.21901362882,7837.3705952968685,[3279.1236532593616],22.75072204213354,1.9818561639123415,1e-06,1e-06,1.4647828546921535,1.1684848109955346,32.64648091517688,-5.317755523067374,-3.6344621688667758,188016.10940070223,7.995280853227598,-11.629743022094374,1359148.4709698549,"[0.0, 0.0]","[-3.2021456757599958, -5.501018084832871]","[[188016.10940070223, 398440.601008605], [1359148.4709698549, 462426.7978737926], [1359148.4709698549, 245533.3531074594], [188016.10940070223, 245533.3531074594]]",[0.051247359804165234],19.845484672102735,0.5
504.905224553091,[2.390080586530676],[3.3896919194481243],11115.218919197123,7837.369762540773,[3279.1236440764183],22.75072204484409,1.9818561639123415,1e-06,1e-06,1.4647828546921535,1.1684848115158555,32.64648089102667,-5.3177554772833435,-3.6344600831678804,188016.10827750765,7.995283088090844,-11.629743171258724,1359148.4777701795,"[0.0, 0.0]","[-3.202145717446402, -5.501018156346399]","[[188016.10827750765, 398440.6028019485], [1359148.4777701795, 462426.80076754984], [1359148.4777701795, 245533.35307665105], [188016.10827750765, 245533.35307665105]]",[0.0512473587792762],19.845484216937997,0.5
505.405224553091,[2.390080341295281],[3.389691900314606],11115.218825555225,7837.3689365954115,[3279.1236349603314],22.750722047538567,1.9818561639123415,1e-06,1e-06,1.4647828546921535,1.1684848120332307,32.64648086707939,-5.317755431802,-3.634457988914619,188016.10716079877,7.99528533064705,-11.629743319561669,1359148.484507874,"[0.0, 0.0]","[-3.2021457588933666, -5.501018227432538]","[[188016.10716079877, 398440.60460233944], [1359148.484507874, 462426.80366809195], [1359148.484507874, 245533.3530469217], [188016.10716079877, 245533.3530469217]]",[0.05124735775572331],19.845483768466387,0.5
505.905224553091,[2.390080098182868],[3.389691881333312],11115.218732708387,7837.368117820211,[3279.123625931538],22.75072205020361,1.9818561639123415,1e-06,1e-06,1.4647828546921535,1.1684848125448164,32.64648084333459,-5.317755386786588,-3.6344559382308717,188016.10605646035,7.9952875279910245,-11.629743466221896,1359148.4911940321,"[0.0, 0.0]","[-3.2021457998799505, -5.501018297745522]","[[188016.10605646035, 398440.606365576], [1359148.4911940321, 462426.8065132682], [1359148.4911940321, 245533.35301663057], [188016.10605646035, 245533.35301663057]]",[0.051247356748040256],19.845483320943035,0.5
506.405224553091,[2.390079857064837],[3.3896918625211456],11115.21864063901,7837.367305741989,[3279.123616968494],22.750722052852858,1.9818561639123415,1e-06,1e-06,1.4647828546921535,1.1684848130535066,32.64648081978936,-5.317755342068781,-3.6344538791357763,188016.10495849838,7.995289732899437,-11.629743612035213,1359148.4978186137,"[0.0, 0.0]","[-3.2021458406311245, -5.50101836763829]","[[188016.10495849838, 398440.6081357423], [1359148.4978186137, 462426.8093651164], [1359148.4978186137, 245533.35298740043], [188016.10495849838, 245533.35298740043]]",[0.05124735574167055],19.845482880000443,0.5
506.905224553091,[2.390079618033863],[3.389691843858448],11115.21854935069,7837.366500712624,[3279.1236080912777],22.75072205547317,1.9818561639123415,1e-06,1e-06,1.4647828546921535,1.1684848135565038,32.64648079644326,-5.317755297809083,-3.6344518628793026,188016.10387269963,7.995291893353965,-11.629743756233268,1359148.5043925217,"[0.0, 0.0]","[-3.2021458809296095, -5.501018436770843]","[[188016.10387269963, 398440.6098693771], [1359148.5043925217, 462426.8121625274], [1359148.5043925217, 245533.35295761775], [188016.10387269963, 245533.35295761775]]",[0.05124735475090471],19.845482439990185,0.5
507.405224553091,[2.390079380963928],[3.389691825361971],11115.218458826557,7837.36570226826,[3279.1235992787074],22.75072205807793,1.9818561639123415,1e-06,1e-06,1.4647828546921535,1.168484814056654,32.646480773293206,-5.317755253841997,-3.6344498383531345,188016.1027931704,7.995294061245602,-11.629743899598736,1359148.5109058865,"[0.0, 0.0]","[-3.202145920996646, -5.501018505490246]","[[188016.1027931704, 398440.61160982517], [1359148.5109058865, 462426.8149664976], [1359148.5109058865, 245533.35292887836], [188016.1027931704, 245533.35292887836]]",[0.05124735376143027],19.845482006450204,0.5
507.905224553091,[2.3900791459459487],[3.3896918070127198],11115.2183690712,7837.364910754179,[3279.1235905505114],22.750722060654248,1.9818561639123415,1e-06,1e-06,1.4647828546921535,1.1684848145512068,32.64648075033904,-5.317755210325329,-3.6344478559462914,188016.10172560002,7.995296185429709,-11.629744041376,1359148.5173694293,"[0.0, 0.0]","[-3.202145960618615, -5.501018573462202]","[[188016.10172560002, 398440.6133143553], [1359148.5173694293, 462426.81771694473], [1359148.5173694293, 245533.3528995957], [188016.10172560002, 245533.3528995957]]",[0.051247352787297556],19.845481573826888,0.5
508.405224553091,[2.3900789128558593],[3.3896917888268536],11115.218280067027,7837.364125713786,[3279.1235818858677],22.750722063215296,1.9818561639123415,1e-06,1e-06,1.4647828546921535,1.1684848150429605,32.646480727577625,-5.317755167096357,-3.634445865407315,188016.10066419374,7.995298316927233,-11.629744182334548,1359148.5237734448,"[0.0, 0.0]","[-3.202146000012991, -5.501018641027961]","[[188016.10066419374, 398440.615025585], [1359148.5237734448, 462426.8204738423], [1359148.5237734448, 245533.35287133872], [188016.10066419374, 245533.35287133872]]",[0.05124735181443433],19.84548114756525,0.5
508.905224553091,[2.3900786817834585],[3.3896917707855962],11115.218191818298,7837.363347487961,[3279.1235733041976],22.750722065748356,1.9818561639123415,1e-06,1e-06,1.4647828546921535,1.1684848155292111,32.6464807050088,-5.317755124310244,-3.634443916281441,188016.09961454556,7.995300405450223,-11.629744321731664,1359148.530128475,"[0.0, 0.0]","[-3.2021460389697998, -5.501018707858813]","[[188016.09961454556, 398440.61670149927], [1359148.530128475, 462426.8231781147], [1359148.530128475, 245533.35284254758], [188016.09961454556, 245533.35284254758]]",[0.051247350856655396],19.845480722204886,0.5
509.405224553091,[2.3900784526068635],[3.3896917529048958],11115.21810430786,7837.362575628065,[3279.1235647850126],22.750722068266406,1.9818561639123415,1e-06,1e-06,1.4647828546921535,1.1684848160127093,32.646480682629544,-5.317755081806994,-3.634441959160199,188016.0985709582,7.995302501163735,-11.629744460323934,1359148.536424977,"[0.0, 0.0]","[-3.202146077702816, -5.501018774290253]","[[188016.0985709582, 398440.6183840005], [1359148.536424977, 462426.825888729], [1359148.536424977, 245533.35281476492], [188016.0985709582, 245533.35281476492]]",[0.05124734990012477],19.845480303099386,0.5
509.905224553091,[2.390078225413817],[3.389691735166486],11115.218017540581,7837.361810467484,[3279.1235563474193],22.75072207075694,1.9818561639123415,1e-06,1e-06,1.4647828546921535,1.1684848164907966,32.64648066043952,-5.317755039739174,-3.634440042756353,188016.0975389314,7.995304554624511,-11.629744597380864,1359148.5426733175,"[0.0, 0.0]","[-3.2021461160056237, -5.5010188399991815]","[[188016.0975389314, 398440.6200317793], [1359148.5426733175, 462426.8285476016], [1359148.5426733175, 245533.3527864572], [188016.0975389314, 245533.3527864572]]",[0.051247348958425115],19.845479884880042,0.5
510.405224553091,[2.390078000084608],[3.3896917175862047],11115.217931500085,7837.361051565504,[3279.1235479712645],22.750722073232716,1.9818561639123415,1e-06,1e-06,1.4647828546921535,1.1684848169661777,32.646480638436,-5.317754997949471,-3.6344381184919143,188016.09651286376,7.995306615154448,-11.629744733646362,1359148.5488641155,"[0.0, 0.0]","[-3.202146154088424, -5.501018905315387]","[[188016.09651286376, 398440.62168603414], [1359148.5488641155, 462426.8312127094], [1359148.5488641155, 245533.35275914104], [188016.09651286376, 245533.35275914104]]",[0.051247348017952846],19.845479472810556,0.5
510.905224553091,[2.390077776705928],[3.3896917001455287],11115.217846189194,7837.360299251215,[3279.123539675301],22.75072207568145,1.9818561639123415,1e-06,1e-06,1.4647828546921535,1.1684848174362386,32.64648061661853,-5.317754956587881,-3.6344362342605336,188016.09549816273,7.995308634141907,-11.62974486840244,1359148.5550075553,"[0.0, 0.0]","[-3.2021461917481804, -5.501018969921168]","[[188016.09549816273, 398440.62330615], [1359148.5550075553, 462426.83382694493], [1359148.5550075553, 245533.35273130852], [188016.09549816273, 245533.35273130852]]",[0.051247347092062544],19.845479061612345,0.5
511.405224553091,[2.3900775551596793],[3.389691682860399],11115.217761593138,7837.359553090089,[3279.123531439749],22.750722078115658,1.9818561639123415,1e-06,1e-06,1.4647828546921535,1.1684848179036391,32.64648059498438,-5.3177549154997354,-3.6344343423007786,188016.0944893206,7.995310660079554,-11.629745002380332,1359148.5610944172,"[0.0, 0.0]","[-3.202146229191644, -5.501019034140845]","[[188016.0944893206, 398440.62493263313], [1359148.5610944172, 462426.83644731075], [1359148.5610944172, 245533.35270445092], [188016.0944893206, 245533.35270445092]]",[0.05124734616737902],19.84547865646075,0.5
511.905224553091,[2.390077335531108],[3.3896916657125216],11115.217677714458,7837.358813405748,[3279.123523283057],22.750722080523282,1.9818561639123415,1e-06,1e-06,1.4647828546921535,1.1684848183658088,32.64648057353321,-5.31775487483252,-3.6344324897024762,188016.09349165426,7.995312645171623,-11.6297451348741,1359148.567134719,"[0.0, 0.0]","[-3.202146266219174, -5.501019097662028]","[[188016.09349165426, 398440.62652555003], [1359148.567134719, 462426.8390176577], [1359148.567134719, 245533.35267708558], [188016.09349165426, 245533.35267708558]]",[0.05124734525703268],19.845478252165805,0.5
512.405224553091,[2.390077117704366],[3.389691648717539],11115.217594538493,7837.358079771807,[3279.123515185767],22.750722082916628,1.9818561639123415,1e-06,1e-06,1.4647828546921535,1.168484818825363,32.646480552262176,-5.317754834434162,-3.6344306295050615,188016.09249974857,7.995314637097749,-11.62974526660281,1359148.5731193915,"[0.0, 0.0]","[-3.202146303034021, -5.501019160803571]","[[188016.09249974857, 398440.6281247276], [1359148.5731193915, 462426.84159403236], [1359148.5731193915, 245533.35265067883], [188016.09249974857, 245533.35265067883]]",[0.05124734434787286],19.84547785381596,0.5
512.905224553091,[2.3900769017630084],[3.3896916318574335],11115.217512067622,7837.357352505587,[3279.12350716601],22.750722085283826,1.9818561639123415,1e-06,1e-06,1.4647828546921535,1.1684848192797737,32.646480531171164,-5.317754794449669,-3.634428808008863,188016.0915188311,7.995316588863375,-11.629745396872238,1359148.579058285,"[0.0, 0.0]","[-3.2021463394399414, -5.501019223258368]","[[188016.0915188311, 398440.6296909022], [1359148.579058285, 462426.84412122756], [1359148.579058285, 245533.35262377292], [188016.0915188311, 245533.35262377292]]",[0.051247343452809624],19.84547745630836,0.5
513.405224553091,[2.39007668759324],[3.3896916151478482],11115.217430288292,7837.356631188218,[3279.123499204655],22.750722087636994,1.9818561639123415,1e-06,1e-06,1.4647828546921535,1.168484819731613,32.64648051025722,-5.317754754729515,-3.634426979041166,188016.09054357748,7.995318547348347,-11.629745526389513,1359148.5849424878,"[0.0, 0.0]","[-3.202146375636733, -5.501019285339897]","[[188016.09054357748, 398440.6312632321], [1359148.5849424878, 462426.8466543495], [1359148.5849424878, 245533.35259780948], [188016.09054357748, 245533.35259780948]]",[0.051247342558912945],19.845477064646076,0.5
513.905224553091,[2.390076475277122],[3.3896915985708618],11115.217349202165,7837.355916131393,[3279.1234913195303],22.750722089964448,1.9818561639123415,1e-06,1e-06,1.4647828546921535,1.1684848201783948,32.64648048952023,-5.3177547154162825,-3.6344251881238847,188016.08957912744,7.995320466348062,-11.629745654471947,1359148.5907816784,"[0.0, 0.0]","[-3.2021464114315, -5.5010193467462365]","[[188016.08957912744, 398440.63280311396], [1359148.5907816784, 462426.8491391186], [1359148.5907816784, 245533.35257135535], [188016.08957912744, 245533.35257135535]]",[0.05124734167887592],19.845476673811916,0.5
514.405224553091,[2.3900762647031333],[3.3896915821418534],11115.2172687959,7837.35520692446,[3279.123483491822],22.750722092278114,1.9818561639123415,1e-06,1e-06,1.4647828546921535,1.1684848206226484,32.64648046895746,-5.317754676362954,-3.6344233898608422,188016.08862024633,7.995322391954119,-11.629745781814961,1359148.5965670946,"[0.0, 0.0]","[-3.20214644702064, -5.501019407785561]","[[188016.08862024633, 398440.6343490477], [1359148.5965670946, 462426.85162971413], [1359148.5965670946, 245533.35254582777], [188016.08862024633, 245533.35254582777]]",[0.051247340799986],19.84547628872492,0.5
514.905224553091,[2.390076055951514],[3.389691565842919],11115.217189070218,7837.354503872439,[3279.123475739062],22.750722094566502,1.9818561639123415,1e-06,1e-06,1.4647828546921535,1.16848482106193,32.64648044856858,-5.317754637709699,-3.6344216290095233,188016.08767198757,7.995324278737655,-11.629745907747179,1359148.602308257,"[0.0, 0.0]","[-3.202146482214462, -5.501019468160978]","[[188016.08767198757, 398440.635863078], [1359148.602308257, 462426.85407276894], [1359148.602308257, 245533.35251981768], [188016.08767198757, 245533.35251981768]]",[0.0512473399347231],19.845475904452144,0.5
515.405224553091,[2.3900758489125034],[3.3896915496897564],11115.217110013944,7837.353806571235,[3279.1234680427697],22.750722096841322,1.9818561639123415,1e-06,1e-06,1.4647828546921535,1.1684848214987253,32.64648042835097,-5.317754599311988,-3.634419860936987,188016.08672920425,7.995326172015211,-11.629746032952198,1359148.6079965439,"[0.0, 0.0]","[-3.202146517206109, -5.501019528175556]","[[188016.08672920425, 398440.6373830576], [1359148.6079965439, 462426.85652155126], [1359148.6079965439, 245533.35249471868], [188016.08672920425, 245533.35249471868]]",[0.05124733907058835],19.84547552583006,0.5
515.905224553091,[2.3900756436655692],[3.389691533664481],11115.217031626751,7837.353115322553,[3279.1234604201477],22.750722099091288,1.9818561639123415,1e-06,1e-06,1.4647828546921535,1.1684848219306323,32.6464804083044,-5.317754561307657,-3.6344181296476563,188016.0857968649,7.995328027122639,-11.629746156770295,1359148.6136413193,"[0.0, 0.0]","[-3.202146551809091, -5.501019587537385]","[[188016.0857968649, 398440.63887166965], [1359148.6136413193, 462426.8589235908], [1359148.6136413193, 245533.35246914526], [188016.0857968649, 245533.35246914526]]",[0.051247338219851765],19.845475148008497,0.5
516.405224553091,[2.3900754401025988],[3.3896915177825244],11115.216953897789,7837.352429728549,[3279.123452853068],22.750722101327916,1.9818561639123415,1e-06,1e-06,1.4647828546921535,1.1684848223600948,32.646480388426255,-5.3177545235545685,-3.6344163912564227,188016.08486990878,7.995329888617107,-11.62974627987353,1359148.619234109,"[0.0, 0.0]","[-3.202146586213331, -5.501019646544457]","[[188016.08486990878, 398440.6403661327], [1359148.619234109, 462426.861331264], [1359148.619234109, 245533.35244446763], [188016.08486990878, 245533.35244446763]]",[0.05124733737022381],19.845474775742755,0.5
516.905224553091,[2.3900752383013417],[3.389691502026295],11115.216876826667,7837.351750084574,[3279.123445358433],22.750722103540113,1.9818561639123415,1e-06,1e-06,1.4647828546921535,1.1684848227847509,32.6464803687162,-5.317754486188251,-3.6344146890327806,188016.08395322153,7.995331712580139,-11.62974640161292,1359148.6247841194,"[0.0, 0.0]","[-3.2021466202354016, -5.501019704909745]","[[188016.08395322153, 398440.64182975324], [1359148.6247841194, 462426.86369297706], [1359148.6247841194, 245533.35241932352], [188016.08395322153, 245533.35241932352]]",[0.051247336533769644],19.84547440426414,0.5
517.405224553091,[2.390075038155849],[3.389691486411012],11115.216800402719,7837.351076000496,[3279.1234379183734],22.750722105739197,1.9818561639123415,1e-06,1e-06,1.4647828546921535,1.1684848232070033,32.64648034917178,-5.317754449068961,-3.6344129798262657,188016.08304182708,7.995333542823175,-11.629746522649441,1359148.6302830165,"[0.0, 0.0]","[-3.2021466540620573, -5.501019762926193]","[[188016.08304182708, 398440.64329912676], [1359148.6302830165, 462426.86606022995], [1359148.6302830165, 245533.35239506012], [188016.08304182708, 245533.35239506012]]",[0.05124733569840536],19.845474038248064,0.5
517.905224553091,[2.390074839742555],[3.389691470919198],11115.216724625108,7837.350407766771,[3279.1234305495495],22.750722107914253,1.9818561639123415,1e-06,1e-06,1.4647828546921535,1.1684848236245302,32.64648032979261,-5.317754412329939,-3.6344113061791745,188016.08214052912,7.995335336165908,-11.629746642345083,1359148.6357398527,"[0.0, 0.0]","[-3.20214668751295, -5.501019820311635]","[[188016.08214052912, 398440.6447381764], [1359148.6357398527, 462426.8683822949], [1359148.6357398527, 245533.3523703381], [188016.08214052912, 245533.3523703381]]",[0.051247334875993485],19.84547367300587,0.5
518.405224553091,[2.390074642957069],[3.3896914555661235],11115.216649484313,7837.349744999072,[3279.1234232343795],22.750722110076417,1.9818561639123415,1e-06,1e-06,1.4647828546921535,1.1684848240396943,32.64648031057624,-5.317754375833813,-3.634409625667331,188016.08124443542,7.995337135682291,-11.629746761349622,1359148.6411464326,"[0.0, 0.0]","[-3.2021467207717382, -5.501019877354128]","[[188016.08124443542, 398440.6461828815], [1359148.6411464326, 462426.8707098054], [1359148.6411464326, 245533.35234648205], [188016.08124443542, 245533.35234648205]]",[0.05124733405465362],19.845473313134523,0.5
518.905224553091,[2.3900744478751466],[3.3896914403343685],11115.216574978791,7837.349087984996,[3279.1234159892606],22.750722112214966,1.9818561639123415,1e-06,1e-06,1.4647828546921535,1.168484824450212,32.64648029152238,-5.317754339711574,-3.634407980117544,188016.08035826814,7.995338898918419,-11.629746879035963,1359148.6465116541,"[0.0, 0.0]","[-3.202146753661084, -5.501019933776198]","[[188016.08035826814, 398440.64759777224], [1359148.6465116541, 462426.8729928872], [1359148.6465116541, 245533.3523221751], [188016.08035826814, 245533.3523221751]]",[0.05124733324604838],19.845472954024103,0.5
519.405224553091,[2.390074254393269],[3.3896914252389765],11115.216501099247,7837.348436343759,[3279.1234087968974],22.75072211434083,1.9818561639123415,1e-06,1e-06,1.4647828546921535,1.1684848248584063,32.64648027262865,-5.31775430382813,-3.634406327819022,188016.07947721813,7.995340668223548,-11.62974699604257,1359148.6518274639,"[0.0, 0.0]","[-3.2021467863614923, -5.501019989861039]","[[188016.07947721813, 398440.649018223], [1359148.6518274639, 462426.87528132234], [1359148.6518274639, 245533.35229871952], [188016.07947721813, 245533.35229871952]]",[0.051247332438497446],19.845472600194327,0.5
519.905224553091,[2.3900740625863426],[3.3896914102629223],11115.216427844514,7837.34779035953,[3279.1234016734165],22.75072211644347,1.9818561639123415,1e-06,1e-06,1.4647828546921535,1.168484825262032,32.64648025389471,-5.317754268312305,-3.6344047098950227,188016.07860592793,7.9953424018581245,-11.629747111753147,1359148.6571026174,"[0.0, 0.0]","[-3.202146818698691, -5.501020045335871]","[[188016.07860592793, 398440.6504093604], [1359148.6571026174, 462426.877526076], [1359148.6571026174, 245533.3522748207], [188016.07860592793, 245533.3522748207]]",[0.05124733164346712],19.8454722471127,0.5
520.405224553091,[2.3900738723527946],[3.3896913954209507],11115.21635520525,7837.347149658557,[3279.123394601797],22.75072211853365,1.9818561639123415,1e-06,1e-06,1.4647828546921535,1.168484825663373,32.64648023531811,-5.317754233031275,-3.634403085335066,188016.07773966886,7.995344141460407,-11.629747226795473,1359148.6623291837,"[0.0, 0.0]","[-3.20214685085012, -5.501020100479163]","[[188016.07773966886, 398440.65180596476], [1359148.6623291837, 462426.8797760929], [1359148.6623291837, 245533.3522517589], [188016.07773966886, 245533.3522517589]]",[0.051247330849473305],19.84547189922308,0.5
520.905224553091,[2.3900736837659604],[3.389691380696402],11115.216283180562,7837.3465145192085,[3279.123387597892],22.75072212060099,1.9818561639123415,1e-06,1e-06,1.4647828546921535,1.168484826060223,32.64648021689868,-5.317754198111695,-3.634401494572728,188016.07688300582,7.995345845990755,-11.629747340563483,1359148.6675157754,"[0.0, 0.0]","[-3.202146882644448, -5.501020155022723]","[[188016.07688300582, 398440.6531737479], [1359148.6675157754, 462426.8819831618], [1359148.6675157754, 245533.3522282612], [188016.07688300582, 245533.3522282612]]",[0.051247330067789955],19.84547155206903,0.5
521.405224553091,[2.390073496726273],[3.389691366103557],11115.216211760659,7837.34588457507,[3279.1233806449986],22.75072212265608,1.9818561639123415,1e-06,1e-06,1.4647828546921535,1.1684848264548264,32.64648019863398,-5.3177541634229595,-3.634399897286812,188016.07603128967,7.995347556387742,-11.629747453674554,1359148.672654596,"[0.0, 0.0]","[-3.2021469142561405, -5.501020209240272]","[[188016.07603128967, 398440.65454690513], [1359148.672654596, 462426.884195404], [1359148.672654596, 245533.35220558656], [188016.07603128967, 245533.35220558656]]",[0.05124732928712607],19.845471210019866,0.5
521.905224553091,[2.3900733113055668],[3.3896913516262543],11115.216140945264,7837.345260098863,[3279.1233737586685],22.750722124688714,1.9818561639123415,1e-06,1e-06,1.4647828546921535,1.1684848268450145,32.64648018052378,-5.3177541290896055,-3.634398333230081,188016.07518900826,7.995349232302544,-11.629747565532625,1359148.677754112,"[0.0, 0.0]","[-3.202146945516681, -5.501020262868115]","[[188016.07518900826, 398440.6558917258], [1359148.677754112, 462426.8863654205], [1359148.677754112, 245533.35218248333], [188016.07518900826, 245533.35218248333]]",[0.051247328518565685],19.845470868693898,0.5
522.405224553091,[2.3900731274058855],[3.389691337278359],11115.216070724206,7837.344640730149,[3279.1233669224885],22.7507221267093,1.9818561639123415,1e-06,1e-06,1.4647828546921535,1.1684848272329933,32.646480162565695,-5.317754094983227,-3.634396762759195,188016.07435159062,7.995350913985533,-11.629747676744728,1359148.6828066632,"[0.0, 0.0]","[-3.202146976597684, -5.5010203161754605]","[[188016.07435159062, 398440.65724183095], [1359148.6828066632, 462426.88854052435], [1359148.6828066632, 245533.35216018933], [188016.07435159062, 245533.35216018933]]",[0.051247327751007404],19.845470532387075,0.5
522.905224553091,[2.3900729450980576],[3.3896913230440235],11115.216001097411,7837.3440267377755,[3279.1233601517683],22.75072212870781,1.9818561639123415,1e-06,1e-06,1.4647828546921535,1.1684848276166306,32.64648014475944,-5.317754061226259,-3.6343952249598033,188016.07352344933,7.995352561765117,-11.62974778672492,1359148.6878205657,"[0.0, 0.0]","[-3.2021470073334317, -5.501020368903026]","[[188016.07352344933, 398440.6585640747], [1359148.6878205657, 462426.89067411027], [1359148.6878205657, 245533.352137474], [188016.07352344933, 245533.352137474]]",[0.051247326995349646],19.845470196791346,0.5
523.405224553091,[2.3900727642857302],[3.389691308937195],11115.21593205588,7837.343417767193,[3279.1233534303597],22.750722130694474,1.9818561639123415,1e-06,1e-06,1.4647828546921535,1.168484827998096,32.646480127102905,-5.317754027692461,-3.6343936808549984,188016.07270009036,7.995354215215002,-11.62974789607,1359148.6927882917,"[0.0, 0.0]","[-3.2021470378926358, -5.5010204213154505]","[[188016.07270009036, 398440.65989151335], [1359148.6927882917, 462426.8928126972], [1359148.6927882917, 245533.35211555436], [188016.07270009036, 245533.35211555436]]",[0.051247326240677495],19.845469866130507,0.5
523.905224553091,[2.390072585038613],[3.389691294941632],11115.215863597334,7837.342814082935,[3279.1233467733023],22.750722132659433,1.9818561639123415,1e-06,1e-06,1.4647828546921535,1.1684848283752927,32.646480109595586,-5.317753994502204,-3.634392168872921,188016.07188585194,7.99535583533094,-11.629748004203861,1359148.6977180191,"[0.0, 0.0]","[-3.2021470681124113, -5.501020473157813]","[[188016.07188585194, 398440.6611915588], [1359148.6977180191, 462426.89491046383], [1359148.6977180191, 245533.3520932203], [188016.07188585194, 245533.3520932203]]",[0.0512473254977059],19.845469536168807,0.5
524.405224553091,[2.3900724072619566],[3.389691281071578],11115.215795714688,7837.342215336379,[3279.123340164728],22.750722134612747,1.9818561639123415,1e-06,1e-06,1.4647828546921535,1.1684848287503542,32.64648009223538,-5.317753961531372,-3.634390650689568,188016.0710763153,7.99535746102373,-11.629748111713297,1359148.702602346,"[0.0, 0.0]","[-3.2021470981585654, -5.501020524690347]","[[188016.0710763153, 398440.6624967131], [1359148.702602346, 462426.8970131492], [1359148.702602346, 245533.35207166852], [188016.0710763153, 245533.35207166852]]",[0.051247324755702955],19.84546921105915,0.5
524.905224553091,[2.3900722310241416],[3.3896912673110986],11115.215728405847,7837.341621787116,[3279.123333619432],22.750722136544717,1.9818561639123415,1e-06,1e-06,1.4647828546921535,1.1684848291212184,32.646480075022,-5.317753928898313,-3.6343891640915444,188016.0702757465,7.995359053940263,-11.629748218031807,1359148.707449313,"[0.0, 0.0]","[-3.2021471278710285, -5.501020575662385]","[[188016.0702757465, 398440.6637749326], [1359148.707449313, 462426.8990756973], [1359148.707449313, 245533.3520497094], [188016.0702757465, 245533.3520497094]]",[0.05124732402520465],19.84546888663691,0.5
525.405224553091,[2.390072056232143],[3.3896912536740307],11115.215661663235,7837.3410330927745,[3279.123327121795],22.75072213846524,1.9818561639123415,1e-06,1e-06,1.4647828546921535,1.1684848294899832,32.64648005795328,-5.317753896480999,-3.63438767139678,188016.06947980044,7.9953606523396274,-11.629748323736408,1359148.712251639,"[0.0, 0.0]","[-3.202147157412775, -5.501020626329785]","[[188016.06947980044, 398440.66505817516], [1359148.712251639, 462426.90114308125], [1359148.712251639, 245533.35202851944], [188016.06947980044, 245533.35202851944]]",[0.05124732329565875],19.845468566985264,0.5
525.905224553091,[2.3900718829529444],[3.389691240144443],11115.215595483958,7837.340449507793,[3279.1233206863735],22.750722140364786,1.9818561639123415,1e-06,1e-06,1.4647828546921535,1.1684848298546215,32.646480041028894,-5.317753864395774,-3.6343862097544957,188016.06869267134,7.995362218515481,-11.629748428269977,1359148.717017234,"[0.0, 0.0]","[-3.2021471866263767, -5.5010206764460925]","[[188016.06869267134, 398440.6663149368], [1359148.717017234, 462426.9031710047], [1359148.717017234, 245533.3520069291], [188016.06869267134, 245533.3520069291]]",[0.05124732257742374],19.84546824800945,0.5
526.405224553091,[2.390071711095362],[3.3896912267361636],11115.215529861332,7837.339870696485,[3279.12331429782],22.750722142253068,1.9818561639123415,1e-06,1e-06,1.4647828546921535,1.1684848302171957,32.64648002424673,-5.317753832522683,-3.6343847421191526,188016.06791008776,7.99536379008083,-11.629748532199983,1359148.7217389392,"[0.0, 0.0]","[-3.2021472156722, -5.501020726262875]","[[188016.06791008776, 398440.66757663613], [1359148.7217389392, 462426.9052036814], [1359148.7217389392, 245533.35198609493], [188016.06791008776, 245533.35198609493]]",[0.05124732186012557],19.845467933724144,0.5
526.905224553091,[2.390071540725343],[3.389691213433904],11115.215464793708,7837.3392969092865,[3279.123307970437],22.750722144120715,1.9818561639123415,1e-06,1e-06,1.4647828546921535,1.1684848305757123,32.64648000760644,-5.317753800976112,-3.634383305016513,188016.06713617325,7.995365329962169,-11.629748634978682,1359148.726424527,"[0.0, 0.0]","[-3.2021472443953893, -5.501020775537853]","[[188016.06713617325, 398440.668812298], [1359148.726424527, 462426.9071975582], [1359148.726424527, 245533.35196486692], [188016.06713617325, 245533.35196486692]]",[0.05124732115394882],19.845467620103367,0.5
527.405224553091,[2.390071371753025],[3.389691200250714],11115.215400272713,7837.338727815449,[3279.1233016891306],22.750722145977285,1.9818561639123415,1e-06,1e-06,1.4647828546921535,1.1684848309321998,32.64647999110599,-5.317753769638099,-3.63438186201887,188016.06636672738,7.995366875145066,-11.629748737163936,1359148.7310669615,"[0.0, 0.0]","[-3.2021472729535816, -5.501020824518324]","[[188016.06636672738, 398440.6700528165], [1359148.7310669615, 462426.9091961111], [1359148.7310669615, 245533.35194438254], [188016.06636672738, 245533.35194438254]]",[0.05124732044869238],19.845467311094332,0.5
527.905224553091,[2.390071204243196],[3.389691187171856],11115.215336297748,7837.338163661074,[3279.123295467981],22.750722147813587,1.9818561639123415,1e-06,1e-06,1.4647828546921535,1.1684848312846974,32.64647997474509,-5.317753738621132,-3.634380449043249,188016.0656058054,7.995368389173905,-11.629748838217154,1359148.735673885,"[0.0, 0.0]","[-3.202147301194544, -5.5010208729660555]","[[188016.0656058054, 398440.6712677336], [1359148.735673885, 462426.91115651384], [1359148.735673885, 245533.35192351096], [188016.0656058054, 245533.35192351096]]",[0.05124731975437111],19.845467002738665,0.5
528.405224553091,[2.390071038107511],[3.3896911742098004],11115.215272859292,7837.337604120922,[3279.123289292115],22.750722149638996,1.9818561639123415,1e-06,1e-06,1.4647828546921535,1.1684848316352001,32.64647995852164,-5.317753707809219,-3.634379030270793,188016.06484927706,7.99536990841608,-11.629748938686873,1359148.740238383,"[0.0, 0.0]","[-3.202147329273308, -5.501020921124222]","[[188016.06484927706, 398440.6724874261], [1359148.740238383, 462426.9131215146], [1359148.740238383, 245533.35190337047], [188016.06484927706, 245533.35190337047]]",[0.05124731906095462],19.845466698917324,0.5
528.905224553091,[2.3900708734099663],[3.389691161350566],11115.215209958456,7837.3370494379515,[3279.1232831753864],22.75072215144446,1.9818561639123415,1e-06,1e-06,1.4647828546921535,1.16848483198178,32.646479942435406,-5.317753677312963,-3.634377641015476,188016.06410112936,7.99537139702818,-11.629749038043656,1359148.7447679653,"[0.0, 0.0]","[-3.2021473570401757, -5.501020968758624]","[[188016.06410112936, 398440.6736819477], [1359148.7447679653, 462426.915049007], [1359148.7447679653, 245533.35188284924], [188016.06410112936, 245533.35188284924]]",[0.05124731837828945],19.84546639573837,0.5
529.405224553091,[2.3900707100636205],[3.3896911486061256],11115.215147585062,7837.336499292215,[3279.12327710321],22.750722153239227,1.9818561639123415,1e-06,1e-06,1.4647828546921535,1.1684848323263985,32.64647992648429,-5.317753647018323,-3.634376246062459,188016.0633573017,7.9953728907642585,-11.629749136826717,1359148.749255832,"[0.0, 0.0]","[-3.202147384647539, -5.501021016108337]","[[188016.0633573017, 398440.67488116317], [1359148.749255832, 462426.91698101826], [1359148.749255832, 245533.3518630468], [188016.0633573017, 245533.3518630468]]",[0.051247317696514354],19.845466097017656,0.5
529.905224553091,[2.3900705481310207],[3.3896911359626993],11115.21508573999,7837.335953921291,[3279.1232710891754],22.750722155014387,1.9818561639123415,1e-06,1e-06,1.4647828546921535,1.1684848326671604,32.64647991066812,-5.317753617034045,-3.6343748801300535,188016.06262171394,7.995374354385433,-11.629749234515486,1359148.7537093703,"[0.0, 0.0]","[-3.2021474119482694, -5.501021062943037]","[[188016.06262171394, 398440.67605563084], [1359148.7537093703, 462426.9188761515], [1359148.7537093703, 245533.35184287003], [188016.06262171394, 245533.35184287003]]",[0.05124731702530988],19.845465798928533,0.5
530.405224553091,[2.390070387526933],[3.3896911234322724],11115.215024413885,7837.33541301138,[3279.1232651189293],22.750722156779013,1.9818561639123415,1e-06,1e-06,1.4647828546921535,1.1684848330059932,32.64647989498479,-5.31775358724799,-3.6343735085962976,188016.06189037382,7.995375823043844,-11.629749331640141,1359148.758121893,"[0.0, 0.0]","[-3.202147439092154, -5.501021109497827]","[[188016.06189037382, 398440.6772347134], [1359148.758121893, 462426.9207757275], [1359148.758121893, 245533.35182340012], [188016.06189037382, 245533.35182340012]]",[0.05124731635498064],19.845465505222766,0.5
530.905224553091,[2.3900702283128727],[3.389691111001179],11115.214963607366,7837.334876796235,[3279.123259205874],22.750722158524376,1.9818561639123415,1e-06,1e-06,1.4647828546921535,1.1684848333410343,32.64647987943414,-5.317753557767081,-3.6343721655945274,188016.0611671349,7.995377262094337,-11.629749427688864,1359148.762500664,"[0.0, 0.0]","[-3.2021474659345444, -5.5010211555462725]","[[188016.0611671349, 398440.6783894647], [1359148.762500664, 462426.9226390458], [1359148.762500664, 245533.35180356217], [188016.0611671349, 245533.35180356217]]",[0.05124731569504415],19.845465212138013,0.5
531.405224553091,[2.3900700704052613],[3.3896910986809674],11115.214903310305,7837.334344967944,[3279.1232533358498],22.750722160259386,1.9818561639123415,1e-06,1e-06,1.4647828546921535,1.1684848336741789,32.64647986401411,-5.317753528481069,-3.634370817085369,188016.06044807224,7.995378706097711,-11.62974952318308,1359148.7668391052,"[0.0, 0.0]","[-3.2021474926227476, -5.5010212013194995]","[[188016.06044807224, 398440.67954875337], [1359148.7668391052, 462426.92450673267], [1359148.7668391052, 245533.351784419], [188016.06044807224, 245533.351784419]]",[0.0512473150359682],19.84546492336304,0.5
531.905224553091,[2.390069913864225],[3.389691086458682],11115.214843524907,7837.333817755181,[3279.1232475220404],22.750722161975446,1.9818561639123415,1e-06,1e-06,1.4647828546921535,1.168484834003595,32.64647984872448,-5.317753499495096,-3.634369496632246,188016.05973697553,7.995380120987136,-11.629749617619382,1359148.771144364,"[0.0, 0.0]","[-3.202147519014528, -5.5010212465949]","[[188016.05973697553, 398440.68068411655], [1359148.771144364, 462426.9263387666], [1359148.771144364, 245533.35176491403], [188016.05973697553, 245533.35176491403]]",[0.05124731438711153],19.84546463519863,0.5
532.405224553091,[2.3900697586073396],[3.3896910743453725],11115.214784240394,7837.333294854519,[3279.123241750577],22.750722163681324,1.9818561639123415,1e-06,1e-06,1.4647828546921535,1.1684848343311467,32.64647983356332,-5.317753470700745,-3.6343681707614905,188016.0590299845,7.995381540748838,-11.629749711510328,1359148.775409974,"[0.0, 0.0]","[-3.2021475452546713, -5.5010212915996775]","[[188016.0590299845, 398440.6818239434], [1359148.775409974, 462426.928175099], [1359148.775409974, 245533.3517460923], [188016.0590299845, 245533.3517460923]]",[0.051247313739100055],19.845464351271634,0.5
532.905224553091,[2.39006960469451],[3.3896910623281813],11115.214725458367,7837.332776493249,[3279.1232360343697],22.75072216536857,1.9818561639123415,1e-06,1e-06,1.4647828546921535,1.168484834655033,32.646479818530395,-5.317753442201381,-3.6343668724753115,188016.0583308254,7.995382931885956,-11.629749804361268,1359148.7796429552,"[0.0, 0.0]","[-3.202147571203374, -5.50102133611498]","[[188016.0583308254, 398440.682940247], [1359148.7796429552, 462426.92997637787], [1359148.7796429552, 245533.35172691484], [188016.0583308254, 245533.35172691484]]",[0.051247313101136054],19.845464067944977,0.5
533.405224553091,[2.3900694520440764],[3.389691050418133],11115.214667168755,7837.33226237101,[3279.1232303597835],22.750722167045815,1.9818561639123415,1e-06,1e-06,1.4647828546921535,1.1684848349770856,32.64647980362383,-5.3177534138904345,-3.6343655688646095,188016.0576357036,7.995384327811337,-11.629749896675946,1359148.783836951,"[0.0, 0.0]","[-3.202147597003011, -5.501021380364242]","[[188016.0576357036, 398440.68406093726], [1359148.783836951, 462426.9317818804], [1359148.783836951, 245533.35170840903], [188016.0576357036, 245533.35170840903]]",[0.05124731246400386],19.8454637887846,0.5
533.905224553091,[2.39006930071512],[3.3896910386027517],11115.214609373768,7837.331752711936,[3279.123224739538],22.750722168704733,1.9818561639123415,1e-06,1e-06,1.4647828546921535,1.1684848352955344,32.64647978884324,-5.317753385869518,-3.634364292374414,188016.05694828194,7.995385695593654,-11.629749987968069,1359148.787998869,"[0.0, 0.0]","[-3.202147622516083, -5.501021424132216]","[[188016.05694828194, 398440.6851585002], [1359148.787998869, 462426.9335529192], [1359148.787998869, 245533.3516895536], [188016.05694828194, 245533.3516895536]]",[0.05124731183675003],19.845463510214472,0.5
534.405224553091,[2.3900691506276814],[3.38969102689262],11115.214552062627,7837.331247221766,[3279.123219160216],22.750722170353818,1.9818561639123415,1e-06,1e-06,1.4647828546921535,1.1684848356121804,32.6464797741869,-5.317753358033853,-3.6343630106484284,188016.05626482982,7.9953870680846535,-11.629750078733082,1359148.7921224558,"[0.0, 0.0]","[-3.2021476478825894, -5.501021467638611]","[[188016.05626482982, 398440.68626037653], [1359148.7921224558, 462426.93532811105], [1359148.7921224558, 245533.35167135848], [188016.05626482982, 245533.35167135848]]",[0.051247311210313964],19.84546323574068,0.5
534.905224553091,[2.39006900183932],[3.3896910152756803],11115.2144952382,7837.330746119143,[3279.123213634329],22.750722171984894,1.9818561639123415,1e-06,1e-06,1.4647828546921535,1.1684848359252828,32.64647975965448,-5.317753330483349,-3.63436175558752,188016.0555889486,7.995388412905072,-11.629750168492592,1359148.7962145004,"[0.0, 0.0]","[-3.202147672967353, -5.5010215106718015]","[[188016.0555889486, 398440.6873395136], [1359148.7962145004, 462426.9370694177], [1359148.7962145004, 245533.35165281946], [188016.0555889486, 245533.35165281946]]",[0.051247310593590514],19.845462961847254,0.5
535.405224553091,[2.390068854271427],[3.38969100376223],11115.214438889532,7837.330249114768,[3279.123208148683],22.750722173606288,1.9818561639123415,1e-06,1e-06,1.4647828546921535,1.1684848362366136,32.64647974524411,-5.317753303114989,-3.6343604953798376,188016.05491697026,7.995389762353909,-11.629750257733747,1359148.8002688594,"[0.0, 0.0]","[-3.2021476979080155, -5.501021553447794]","[[188016.05491697026, 398440.6884228912], [1359148.8002688594, 462426.9388148069], [1359148.8002688594, 245533.35163492983], [188016.05491697026, 245533.35163492983]]",[0.051247309977671185],19.845462691981364,0.5
535.905224553091,[2.3900687079809724],[3.389690992340226],11115.214383018732,7837.329756424783,[3279.12320271555],22.75072217520998,1.9818561639123415,1e-06,1e-06,1.4647828546921535,1.1684848365444596,32.64647973095572,-5.3177532760270045,-3.634359261389534,188016.0542524359,7.995391084596861,-11.629750345986395,1359148.8042922062,"[0.0, 0.0]","[-3.2021477225716364, -5.5010215957585675]","[[188016.0542524359, 398440.6894839113], [1359148.8042922062, 462426.94052688], [1359148.8042922062, 245533.35161670207], [188016.0542524359, 245533.35161670207]]",[0.0512473093713015],19.84546242268611,0.5
536.405224553091,[2.3900685628907357],[3.3896909810198843],11115.21432761545,7837.329267765052,[3279.1231973219938],22.750722176804164,1.9818561639123415,1e-06,1e-06,1.4647828546921535,1.1684848368505634,32.64647971678727,-5.3177532491181045,-3.634358022338006,188016.0535917387,7.995392411391435,-11.629750433729441,1359148.8082784985,"[0.0, 0.0]","[-3.2021477470936026, -5.501021637816445]","[[188016.0535917387, 398440.6905491012], [1359148.8082784985, 462426.94224296784], [1359148.8082784985, 245533.35159911276], [188016.0535917387, 245533.35159911276]]",[0.05124730876572223],19.84546215735079,0.5
536.905224553091,[2.39006841905623],[3.389690969789737],11115.214272682952,7837.328783346431,[3279.123191980073],22.75072217838093,1.9818561639123415,1e-06,1e-06,1.4647828546921535,1.1684848371532413,32.6464797027387,-5.317753222484877,-3.634356809064286,188016.0529383606,7.995393711436179,-11.629750520500465,1359148.8122342995,"[0.0, 0.0]","[-3.2021477713431916, -5.5010216794168825]","[[188016.0529383606, 398440.6915923088], [1359148.8122342995, 462426.9439262982], [1359148.8122342995, 245533.351581191], [188016.0529383606, 245533.351581191]]",[0.05124730816953236],19.845461892576473,0.5
537.405224553091,[2.390068276401644],[3.3896909586595023],11115.214218209949,7837.328302889896,[3279.123186677055],22.750722179948347,1.9818561639123415,1e-06,1e-06,1.4647828546921535,1.1684848374542063,32.64647968880814,-5.317753196027721,-3.6343555908137546,188016.05228875508,7.99539501595666,-11.629750606770415,1359148.8161536686,"[0.0, 0.0]","[-3.2021477954534503, -5.501021720768677]","[[188016.05228875508, 398440.6926396164], [1359148.8161536686, 462426.94561357645], [1359148.8161536686, 245533.351563897], [188016.05228875508, 245533.351563897]]",[0.051247307574119536],19.84546163169564,0.5
537.905224553091,[2.3900681349819424],[3.3896909476178605],11115.214164199593,7837.327826604074,[3279.1231814248204],22.750722181498645,1.9818561639123415,1e-06,1e-06,1.4647828546921535,1.168484837751803,32.64647967499542,-5.317753169841615,-3.6343543979089077,188016.0516463459,7.995396294175862,-11.62975069208477,1359148.8200430581,"[0.0, 0.0]","[-3.2021478192959436, -5.501021761670746]","[[188016.0516463459, 398440.69366531016], [1359148.8200430581, 462426.9472686466], [1359148.8200430581, 245533.35154627607], [188016.0516463459, 245533.35154627607]]",[0.05124730698793866],19.8454613713664,0.5
538.405224553091,[2.3900679947222887],[3.389690936674397],11115.21411064082,7837.327354213607,[3279.1231762108323],22.75072218303975,1.9818561639123415,1e-06,1e-06,1.4647828546921535,1.1684848380477149,32.64647966129871,-5.31775314382863,-3.634353200111491,188016.05100764614,7.995397576794915,-11.629750776906405,1359148.8238966304,"[0.0, 0.0]","[-3.202147843001448, -5.5010218023283475]","[[188016.05100764614, 398440.69469503465], [1359148.8238966304, 462426.9489275974], [1359148.8238966304, 245533.35152927236], [188016.05100764614, 245533.35152927236]]",[0.05124730640252191],19.845461114865284,0.5
538.905224553091,[2.3900678556767025],[3.38969092581823],11115.21405753756,7837.3268859235595,[3279.123171046777],22.750722184564015,1.9818561639123415,1e-06,1e-06,1.4647828546921535,1.1684848383403155,32.646479647717854,-5.317753118082135,-3.634352027232751,188016.05037602168,7.995398833555726,-11.629750860788477,1359148.8277207224,"[0.0, 0.0]","[-3.202147866443658, -5.501021842543733]","[[188016.05037602168, 398440.69570350926], [1359148.8277207224, 462426.95055488247], [1359148.8277207224, 245533.35151194723], [188016.05037602168, 245533.35151194723]]",[0.051247305826181824],19.845460858906495,0.5
539.405224553091,[2.390067717771938],[3.3896909150585204],11115.214004877971,7837.326421464221,[3279.123165920299],22.750722186079248,1.9818561639123415,1e-06,1e-06,1.4647828546921535,1.1684848386312603,32.646479634251136,-5.317753092505849,-3.634350849543182,188016.0497480442,7.995400094643003,-11.629750944186185,1359148.8315095988,"[0.0, 0.0]","[-3.202147889751202, -5.501021882518761]","[[188016.0497480442, 398440.69671594753], [1359148.8315095988, 462426.95218598377], [1359148.8315095988, 245533.35149522903], [188016.0497480442, 245533.35149522903]]",[0.051247305250592796],19.845460606711548,0.5
539.905224553091,[2.390067581060707],[3.3896909043844827],11115.213952665823,7837.325961036036,[3279.1231608429443],22.750722187577928,1.9818561639123415,1e-06,1e-06,1.4647828546921535,1.1684848389189484,32.64647962089833,-5.317753067191591,-3.634349696355798,188016.04912702358,7.995401330304219,-11.629751026660017,1359148.8352694921,"[0.0, 0.0]","[-3.202147912799871, -5.501021922059014]","[[188016.04912702358, 398440.69770749105], [1359148.8352694921, 462426.9537859489], [1359148.8352694921, 245533.35147819485], [188016.04912702358, 245533.35147819485]]",[0.051247304683928574],19.84546035504984,0.5
540.405224553091,[2.390067445471116],[3.389690893805474],11115.213900890536,7837.325504374159,[3279.1231558025393],22.75072218906772,1.9818561639123415,1e-06,1e-06,1.4647828546921535,1.1684848392050085,32.646479607657625,-5.317753042044686,-3.6343485384377345,188016.04850958879,7.995402570219937,-11.629751108657672,1359148.8389947598,"[0.0, 0.0]","[-3.2021479357161446, -5.501021961362951]","[[188016.04850958879, 398440.69870293187], [1359148.8389947598, 462426.9553896664], [1359148.8389947598, 245533.35146175727], [188016.04850958879, 245533.35146175727]]",[0.05124730411800281],19.84546010708878,0.5
540.905224553091,[2.3900673110550184],[3.3896908833105965],11115.213849554715,7837.325051675661,[3279.123150810395],22.75072219054124,1.9818561639123415,1e-06,1e-06,1.4647828546921535,1.1684848394878673,32.646479594528955,-5.317753017155398,-3.6343474046090023,188016.04789899365,7.99540378513791,-11.629751189746912,1359148.8426915323,"[0.0, 0.0]","[-3.2021479583778563, -5.5010220002393915]","[[188016.04789899365, 398440.6996778303], [1359148.8426915323, 462426.9569627729], [1359148.8426915323, 245533.35144500906], [188016.04789899365, 245533.35144500906]]",[0.05124730356085142],19.845459859652003,0.5
541.405224553091,[2.3900671777418006],[3.3896908729092208],11115.213798648794,7837.324602680577,[3279.123145854625],22.75072219200602,1.9818561639123415,1e-06,1e-06,1.4647828546921535,1.168484839769125,32.64647958151056,-5.3177529924306475,-3.63434626613099,188016.0472919245,7.995405004237,-11.62975127036799,1359148.8463542543,"[0.0, 0.0]","[-3.2021479809093902, -5.501022038883484]","[[188016.0472919245, 398440.70065655897], [1359148.8463542543, 462426.958539566], [1359148.8463542543, 245533.35142884735], [188016.0472919245, 245533.35142884735]]",[0.05124730300442675],19.845459615853756,0.5
541.905224553091,[2.3900670455824047],[3.389690862590468],11115.213748174647,7837.324157582432,[3279.1231409463057],22.750722193454806,1.9818561639123415,1e-06,1e-06,1.4647828546921535,1.168484840047235,32.64647956860233,-5.3177529679592075,-3.6343451513377545,188016.04669158006,7.9954061987581895,-11.629751350095944,1359148.8499889665,"[0.0, 0.0]","[-3.202148003190658, -5.5010220771072795]","[[188016.04669158006, 398440.7016150902], [1359148.8499889665, 462426.96008626197], [1359148.8499889665, 245533.35141238035], [188016.04669158006, 245533.35141238035]]",[0.05124730245662899],19.845459372570996,0.5
542.405224553091,[2.390066914507214],[3.3896908523637785],11115.213698123534,7837.323716124949,[3279.123136073726],22.750722194894998,1.9818561639123415,1e-06,1e-06,1.4647828546921535,1.168484840323771,32.6464795558025,-5.317752943649548,-3.634344031972148,188016.04609470232,7.995407397391375,-11.629751429363523,1359148.8535902007,"[0.0, 0.0]","[-3.202148025343966, -5.501022115102644]","[[188016.04609470232, 398440.70257738826], [1359148.8535902007, 462426.9616365844], [1359148.8535902007, 245533.35139649006], [188016.04609470232, 245533.35139649006]]",[0.05124730190954544],19.84545913286567,0.5
542.905224553091,[2.3900667845665735],[3.3896908422184384],11115.213648497338,7837.323278499318,[3279.1231312478058],22.750722196319458,1.9818561639123415,1e-06,1e-06,1.4647828546921535,1.168484840597212,32.6464795431109,-5.3177529195889255,-3.6343429358938693,188016.04550443654,7.995408571859116,-11.629751507752985,1359148.8571638921,"[0.0, 0.0]","[-3.202148047251161, -5.501022152684705]","[[188016.04550443654, 398440.70351982774], [1359148.8571638921, 462426.9631573148], [1359148.8571638921, 245533.3513802995], [188016.04550443654, 245533.3513802995]]",[0.05124730137094413],19.845458893667185,0.5
543.405224553091,[2.390066655691768],[3.389690832163308],11115.213599285986,7837.322844452624,[3279.123126457003],22.75072219773547,1.9818561639123415,1e-06,1e-06,1.4647828546921535,1.1684848408691058,32.646479530525994,-5.317752895687378,-3.6343418353201855,188016.04491757927,7.995409750369561,-11.629751585689746,1359148.8607046674,"[0.0, 0.0]","[-3.2021480690325457, -5.501022190042205]","[[188016.04491757927, 398440.70446597075], [1359148.8607046674, 462426.9646816104], [1359148.8607046674, 245533.35136467582], [188016.04491757927, 245533.35136467582]]",[0.05124730083304511],19.845458657986065,0.5
543.905224553091,[2.3900665279325235],[3.3896908221880757],11115.213550492195,7837.322414173681,[3279.1231217120935],22.750722199136014,1.9818561639123415,1e-06,1e-06,1.4647828546921535,1.1684848411379563,32.64647951804744,-5.317752872030687,-3.6343407576435425,188016.04433722293,7.995410905119627,-11.62975166276317,1359148.8642183612,"[0.0, 0.0]","[-3.2021480905719533, -5.501022226993347]","[[188016.04433722293, 398440.70539258805], [1359148.8642183612, 462426.96617680986], [1359148.8642183612, 245533.35134875705], [188016.04433722293, 245533.35134875705]]",[0.05124730030348603],19.845458422803272,0.5
544.405224553091,[2.390066401221687],[3.3896908123018368],11115.213502107328,7837.321987415167,[3279.123117001731],22.75072220052826,1.9818561639123415,1e-06,1e-06,1.4647828546921535,1.1684848414052849,32.646479505673824,-5.317752848530394,-3.63433967554613,188016.04376021773,7.995412063845549,-11.62975173939168,1359148.867699692,"[0.0, 0.0]","[-3.2021481119876802, -5.501022263723647]","[[188016.04376021773, 398440.7063228472], [1359148.867699692, 462426.96767551557], [1359148.867699692, 245533.3513333958], [188016.04376021773, 245533.3513333958]]",[0.051247299774617235],19.845458191078816,0.5
544.905224553091,[2.390066275607268],[3.3896908024940653],11115.213454132716,7837.32156435979,[3279.1231123364905],22.750722201905297,1.9818561639123415,1e-06,1e-06,1.4647828546921535,1.1684848416696219,32.6464794934048,-5.317752825270861,-3.634338615961724,188016.04318960445,7.995413199209452,-11.629751815171176,1359148.8711543952,"[0.0, 0.0]","[-3.202148133165497, -5.501022300054458]","[[188016.04318960445, 398440.7072339083], [1359148.8711543952, 462426.96914561326], [1359148.8711543952, 245533.35131774424], [188016.04318960445, 245533.35131774424]]",[0.05124729925394851],19.84545795984432,0.5
545.405224553091,[2.3900661510235963],[3.3896907927738376],11115.213406560279,7837.321144765521,[3279.1231077052084],22.750722203274165,1.9818561639123415,1e-06,1e-06,1.4647828546921535,1.168484841932463,32.64647948123883,-5.3177528021650975,-3.6343375520312975,188016.0426222861,7.995414338481908,-11.629751890513205,1359148.8745772834,"[0.0, 0.0]","[-3.2021481542216748, -5.50102233616815]","[[188016.0426222861, 398440.70814854983], [1359148.8745772834, 462426.9706191583], [1359148.8745772834, 245533.35130264086], [188016.0426222861, 245533.35130264086]]",[0.051247298733958516],19.845457732010093,0.5
545.905224553091,[2.39006602751811],[3.389690783130843],11115.213359391404,7837.320728812737,[3279.1231031182683],22.750722204628076,1.9818561639123415,1e-06,1e-06,1.4647828546921535,1.1684848421923626,32.6464794691758,-5.317752779296043,-3.6343365102350162,188016.0420612523,7.99541545478553,-11.629751965020546,1359148.8779739877,"[0.0, 0.0]","[-3.2021481750439738, -5.501022371889035]","[[188016.0420612523, 398440.709044316], [1359148.8779739877, 462426.9720645759], [1359148.8779739877, 245533.35128725204], [188016.0420612523, 245533.35128725204]]",[0.0512472982220308],19.8454575046576,0.5
546.405224553091,[2.39006590502581],[3.3896907735737223],11115.213312617396,7837.320316262189,[3279.123098564746],22.750722205973965,1.9818561639123415,1e-06,1e-06,1.4647828546921535,1.1684848424507908,32.646479457214014,-5.317752756578178,-3.6343354641657584,188016.04150345805,7.99541657493188,-11.629752039097639,1359148.8813394117,"[0.0, 0.0]","[-3.2021481957466578, -5.501022407396447]","[[188016.04150345805, 398440.7099436026], [1359148.8813394117, 462426.973513383], [1359148.8813394117, 245533.35127240227], [188016.04150345805, 245533.35127240227]]",[0.05124729771077038],19.845457280648283,0.5
546.905224553091,[2.3900657835938612],[3.389690764092628],11115.213266240426,7837.319907292831,[3279.123094054808],22.75072220730515,1.9818561639123415,1e-06,1e-06,1.4647828546921535,1.168484842706327,32.64647944535352,-5.3177527340930535,-3.634334439859799,188016.04095184297,7.995417672494398,-11.629752112354197,1359148.8846790933,"[0.0, 0.0]","[-3.2021482162193884, -5.501022442517662]","[[188016.04095184297, 398440.71082433034], [1359148.8846790933, 462426.97493453464], [1359148.8846790933, 245533.3512572718], [188016.04095184297, 245533.3512572718]]",[0.051247297207437044],19.845457057112597,0.5
547.405224553091,[2.390065663158001],[3.389690754695806],11115.213220251191,7837.3195016683185,[3279.1230895777335],22.750722208628446,1.9818561639123415,1e-06,1e-06,1.4647828546921535,1.1684848429604169,32.64647943359262,-5.317752711756568,-3.634333411352884,188016.0404034132,7.9954187738347855,-11.62975218518767,1359148.8879880165,"[0.0, 0.0]","[-3.2021482365745118, -5.501022477428951]","[[188016.0404034132, 398440.7117085188], [1359148.8879880165, 462426.9763590176], [1359148.8879880165, 245533.35124267123], [188016.0404034132, 245533.35124267123]]",[0.05124729670476002],19.845456836863992,0.5
547.905224553091,[2.3900655437647726],[3.3896907453739744],11115.213174653118,7837.319099565148,[3279.123085143512],22.750722209937283,1.9818561639123415,1e-06,1e-06,1.4647828546921535,1.168484843211663,32.64647942193125,-5.317752689648921,-3.634332404242059,188016.0398610585,7.995419852972361,-11.62975225721442,1359148.89127163,"[0.0, 0.0]","[-3.202148256703537, -5.501022511960554]","[[188016.0398610585, 398440.7125744615], [1359148.89127163, 462426.97775631153], [1359148.89127163, 245533.35122779477], [188016.0398610585, 245533.35122779477]]",[0.05124729620987643],19.84545661708107,0.5
548.405224553091,[2.3900654253508993],[3.3896907361350337],11115.21312943631,7837.318700750579,[3279.1230807415814],22.75072221123836,1.9818561639123415,1e-06,1e-06,1.4647828546921535,1.168484843461487,32.64647941036782,-5.317752667687431,-3.634331393001446,188016.0393218355,7.995420935823745,-11.629752328825191,1359148.8945250018,"[0.0, 0.0]","[-3.2021482767169607, -5.501022546285773]","[[188016.0393218355, 398440.71344380657], [1359148.8945250018, 462426.97915688116], [1359148.8945250018, 245533.35121343937], [188016.0393218355, 245533.35121343937]]",[0.051247295715638186],19.845456400530033,0.5
548.905224553091,[2.390065307961881],[3.389690726969557],11115.213084603307,7837.318305397402,[3279.12307638181],22.750722212525226,1.9818561639123415,1e-06,1e-06,1.4647828546921535,1.1684848437085158,32.6464793989021,-5.317752645950928,-3.6343304027988665,188016.03878858604,7.995421996843788,-11.629752399642655,1359148.8977534883,"[0.0, 0.0]","[-3.2021482965080543, -5.501022580237634]","[[188016.03878858604, 398440.71429521125], [1359148.8977534883, 462426.9805307167], [1359148.8977534883, 245533.35119881268], [188016.03878858604, 245533.35119881268]]",[0.05124729522906296],19.845456184436834,0.5
549.405224553091,[2.390065191535986],[3.389690717885731],11115.213040145649,7837.317913278293,[3279.123072053782],22.750722213804462,1.9818561639123415,1e-06,1e-06,1.4647828546921535,1.1684848439541455,32.64647938753285,-5.317752624358127,-3.634329408534825,188016.0382584157,7.995423061516419,-11.629752470051244,1359148.9009522432,"[0.0, 0.0]","[-3.202148316185464, -5.501022613986596]","[[188016.0382584157, 398440.71514996164], [1359148.9009522432, 462426.9819077733], [1359148.9009522432, 245533.35118469832], [188016.0382584157, 245533.35118469832]]",[0.05124729474312208],19.845455971521304,0.5
549.905224553091,[2.3900650761178395],[3.3896907088740864],11115.212996065164,7837.317524562773,[3279.1230677671983],22.750722215069725,1.9818561639123415,1e-06,1e-06,1.4647828546921535,1.1684848441970268,32.64647937625966,-5.31775260298654,-3.6343284349560463,188016.03773411852,7.995424104723838,-11.629752539679885,1359148.9041265298,"[0.0, 0.0]","[-3.202148335644328, -5.501022647368487]","[[188016.03773411852, 398440.7159870726], [1359148.9041265298, 462426.98325854464], [1359148.9041265298, 245533.35117031712], [188016.03773411852, 245533.35117031712]]",[0.051247294264715616],19.845455759055945,0.5
550.405224553091,[2.390064961646519],[3.3896906999427694],11115.212952353873,7837.317139026603,[3279.123063511824],22.750722216327482,1.9818561639123415,1e-06,1e-06,1.4647828546921535,1.1684848444385334,32.64647936508118,-5.317752581756237,-3.6343274573836197,188016.03721284855,7.995425151522795,-11.629752608906415,1359148.907271582,"[0.0, 0.0]","[-3.202148354991412, -5.501022680550882]","[[188016.03721284855, 398440.71682747384], [1359148.907271582, 462426.9846124832], [1359148.907271582, 245533.35115643966], [188016.03721284855, 245533.35115643966]]",[0.05124729378693259],19.84545554971486,0.5
550.905224553091,[2.3900648481659696],[3.389690691082529],11115.212909013777,7837.316756836689,[3279.1230592971983],22.750722217571507,1.9818561639123415,1e-06,1e-06,1.4647828546921535,1.1684848446773368,32.64647935399728,-5.317752560743434,-3.6343265001493705,188016.03669735332,7.9954261772167,-11.62975267736607,1359148.9103925799,"[0.0, 0.0]","[-3.2021483741235572, -5.501022713372319]","[[188016.03669735332, 398440.71765053103], [1359148.9103925799, 462426.985940577], [1359148.9103925799, 245533.35114229997], [188016.03669735332, 245533.35114229997]]",[0.05124729331655772],19.84545534081639,0.5
551.405224553091,[2.3900647356165563],[3.389690682301164],11115.212866036405,7837.316377773472,[3279.123055113278],22.750722218808146,1.9818561639123415,1e-06,1e-06,1.4647828546921535,1.1684848449147893,32.64647934300649,-5.317752539869557,-3.6343255389893443,188016.0361848347,7.99542720644115,-11.629752745430494,1359148.9134848316,"[0.0, 0.0]","[-3.20214839314584, -5.501022745997657]","[[188016.0361848347, 398440.71847682283], [1359148.9134848316, 462426.98727178515], [1359148.9134848316, 245533.35112865543], [188016.0361848347, 245533.35112865543]]",[0.05124729284679606],19.845455134989763,0.5
551.905224553091,[2.3900646240412518],[3.389690673589585],11115.212823423646,7837.316002000214,[3279.1230509694137],22.750722220031285,1.9818561639123415,1e-06,1e-06,1.4647828546921535,1.168484845149584,32.64647933210864,-5.317752519209511,-3.634324597824957,188016.03567799352,7.995428214915933,-11.62975281274089,1359148.9165534314,"[0.0, 0.0]","[-3.202148411956813, -5.501022778268114]","[[188016.03567799352, 398440.7192860629], [1359148.9165534314, 462426.98857758316], [1359148.9165534314, 245533.3511147532], [188016.03567799352, 245533.3511147532]]",[0.05124729238431777],19.845454929598308,0.5
552.405224553091,[2.3900645133811693],[3.3896906649555447],11115.212781167413,7837.315629300191,[3279.1230468557187],22.750722221247166,1.9818561639123415,1e-06,1e-06,1.4647828546921535,1.1684848453830494,32.646479321302365,-5.3177524986860565,-3.634323652801072,188016.035174079,7.995429226861461,-11.629752879662533,1359148.9195937715,"[0.0, 0.0]","[-3.2021484306597348, -5.501022810345706]","[[188016.035174079, 398440.72009848274], [1359148.9195937715, 462426.98988644284], [1359148.9195937715, 245533.3511013378], [188016.035174079, 245533.3511013378]]",[0.05124729192244247],19.84545472722714,0.5
552.905224553091,[2.3900644036790086],[3.389690656390367],11115.212739270486,7837.315259835442,[3279.1230427814075],22.750722222449774,1.9818561639123415,1e-06,1e-06,1.4647828546921535,1.168484845613902,32.646479310587495,-5.317752478372856,-3.63432272743745,188016.03467574675,7.995430218405431,-11.629752945842881,1359148.9226108545,"[0.0, 0.0]","[-3.20214844915492, -5.501022842074399]","[[188016.03467574675, 398440.7208941368], [1359148.9226108545, 462426.9911703185], [1359148.9226108545, 245533.35108766877], [188016.03467574675, 245533.35108766877]]",[0.05124729146772841],19.84545452528384,0.5
553.405224553091,[2.390064294876825],[3.3896906479013356],11115.212697723888,7837.314893392784,[3279.1230387367846],22.75072222364524,1.9818561639123415,1e-06,1e-06,1.4647828546921535,1.1684848458434487,32.646479299962664,-5.317752458193955,-3.634321798277824,188016.03418029202,7.995431213363304,-11.629753011641128,1359148.9256001522,"[0.0, 0.0]","[-3.202148467543851, -5.501022873613455]","[[188016.03418029202, 398440.72169291833], [1359148.9256001522, 462426.9924572058], [1359148.9256001522, 245533.3510744786], [188016.03418029202, 245533.3510744786]]",[0.05124729101360698],19.84545432631008,0.5
553.905224553091,[2.3900641870163164],[3.389690639479749],11115.212656529673,7837.314530130523,[3279.123034730874],22.750722224827655,1.9818561639123415,1e-06,1e-06,1.4647828546921535,1.168484846070426,32.6464792894277,-5.317752438221779,-3.634320888450304,188016.0336903258,7.995432188260111,-11.629753076710415,1359148.928566582,"[0.0, 0.0]","[-3.202148485728548, -5.501022904809515]","[[188016.0336903258, 398440.7224752141], [1359148.928566582, 462426.99371952657], [1359148.928566582, 245533.35106103914], [188016.0336903258, 245533.35106103914]]",[0.05124729056652697],19.84545412775705,0.5
554.405224553091,[2.3900640800408124],[3.389690631133319],11115.21261568081,7837.3141698400395,[3279.1230307541423],22.750722226003056,1.9818561639123415,1e-06,1e-06,1.4647828546921535,1.1684848462961184,32.64647927898113,-5.317752418381644,-3.634319974889081,188016.0332031886,7.995433166514999,-11.62975314140408,1359148.9315056945,"[0.0, 0.0]","[-3.202148503808768, -5.501022935819116]","[[188016.0332031886, 398440.72326058586], [1359148.9315056945, 462426.9949848094], [1359148.9315056945, 245533.35104807033], [188016.0332031886, 245533.35104807033]]",[0.05124729012002921],19.845453932123693,0.5
554.905224553091,[2.3900639739912553],[3.3896906228531476],11115.212575178302,7837.313812676868,[3279.123026815492],22.750722227165618,1.9818561639123415,1e-06,1e-06,1.4647828546921535,1.1684848465192852,32.64647926862301,-5.3177523987447595,-3.63431908033499,188016.03272144787,7.995434125046074,-11.629753205381064,1359148.9344223249,"[0.0, 0.0]","[-3.202148521688169, -5.501022966491437]","[[188016.03272144787, 398440.7240297491], [1359148.9344223249, 462426.9962259393], [1359148.9344223249, 245533.35103485643], [188016.03272144787, 245533.35103485643]]",[0.05124728968045459],19.845453736904,0.5
555.405224553091,[2.39006386881157],[3.389690614646842],11115.212535015227,7837.31345843466,[3279.1230229055213],22.750722228321287,1.9818561639123415,1e-06,1e-06,1.4647828546921535,1.168484846741189,32.64647925835186,-5.3177523792376995,-3.6343181821122243,188016.03224248902,7.995435086876341,-11.629753268988566,1359148.937312094,"[0.0, 0.0]","[-3.202148539464872, -5.501022996980443]","[[188016.03224248902, 398440.72480193473], [1359148.937312094, 462426.9974699791], [1359148.937312094, 245533.35102210546], [188016.03224248902, 245533.35102210546]]",[0.05124728924145313],19.84545354455498,0.5
555.905224553091,[2.390063764542232],[3.3896906065056873],11115.212495192693,7837.313107267073,[3279.123019032989],22.75072222946433,1.9818561639123415,1e-06,1e-06,1.4647828546921535,1.1684848469606093,32.64647924816762,-5.317752359930487,-3.6343173025754254,188016.0317688357,7.995436029316011,-11.629753331891436,1359148.9401797603,"[0.0, 0.0]","[-3.202148557044101, -5.50102302713784]","[[188016.0317688357, 398440.72555818566], [1359148.9401797603, 462426.99869027355], [1359148.9401797603, 245533.3510091134], [188016.0317688357, 245533.3510091134]]",[0.05124728880925794],19.845453352612658,0.5
556.405224553091,[2.3900636611284845],[3.389690598437042],11115.21245570351,7837.312758972472,[3279.123015188655],22.750722230600594,1.9818561639123415,1e-06,1e-06,1.4647828546921535,1.1684848471787874,32.64647923806899,-5.317752340750901,-3.63431641943248,188016.03129791762,7.995436974998654,-11.629753394431134,1359148.9430210136,"[0.0, 0.0]","[-3.202148574522356, -5.501023057114976]","[[188016.03129791762, 398440.7263174077], [1359148.9430210136, 462426.99991342775], [1359148.9430210136, 245533.3509965764], [188016.03129791762, 245533.3509965764]]",[0.05124728837762652],19.845453163492827,0.5
556.905224553091,[2.3900635586095906],[3.389690590432587],11115.212416549608,7837.312413700197,[3279.1230113811366],22.750722231724456,1.9818561639123415,1e-06,1e-06,1.4647828546921535,1.1684848473945244,32.64647922805568,-5.317752321767829,-3.634315554661555,188016.03083221606,7.9954379016164125,-11.629753456277967,1359148.945840536,"[0.0, 0.0]","[-3.2021485918064814, -5.5010230867661045]","[[188016.03083221606, 398440.72706096235], [1359148.945840536, 462427.0011132354], [1359148.945840536, 245533.35098380252], [188016.03083221606, 245533.35098380252]]",[0.05124728795268718],19.84545297477286,0.5
557.405224553091,[2.3900634569318955],[3.3896905824994468],11115.212377723581,7837.312071252613,[3279.1230076013567],22.750722232841643,1.9818561639123415,1e-06,1e-06,1.4647828546921535,1.1684848476090397,32.6464792181265,-5.317752302910233,-3.6343146863443963,188016.03036920377,7.995438831423314,-11.62975351776771,1359148.9486340934,"[0.0, 0.0]","[-3.2021486089912883, -5.501023116239976]","[[188016.03036920377, 398440.72780743876], [1359148.9486340934, 462427.00231585593], [1359148.9486340934, 245533.35097147603], [188016.03036920377, 245533.35097147603]]",[0.0512472875283019],19.845452788828,0.5
557.905224553091,[2.3900633561343665],[3.3896905746293857],11115.212339227026,7837.311731777668,[3279.1230038577537],22.75072223394663,1.9818561639123415,1e-06,1e-06,1.4647828546921535,1.168484847821155,32.64647920828139,-5.317752284245834,-3.634313836091735,188016.0299113205,7.995439742484621,-11.629753578576356,1359148.9514062805,"[0.0, 0.0]","[-3.2021486259852567, -5.501023145393299]","[[188016.0299113205, 398440.7285385102], [1359148.9514062805, 462427.0034955203], [1359148.9514062805, 245533.3509589165], [188016.0299113205, 245533.3509589165]]",[0.0512472871104966],19.84545260327632,0.5
558.405224553091,[2.3900632561636086],[3.389690566829395],11115.212301052648,7837.311395078964,[3279.123000141412],22.750722235045068,1.9818561639123415,1e-06,1e-06,1.4647828546921535,1.168484848032069,32.646479198518875,-5.317752265704828,-3.634312982351844,188016.02945608125,7.995440656681922,-11.629753639033765,1359148.954152936,"[0.0, 0.0]","[-3.20214864288158, -5.501023174372386]","[[188016.02945608125, 398440.7292724548], [1359148.954152936, 462427.0046779513], [1359148.954152936, 245533.35094679688], [188016.02945608125, 245533.35094679688]]",[0.051247286693235944],19.84545242045313,0.5
558.905224553091,[2.3900631570580444],[3.389690559091491],11115.21226320254,7837.311061302427,[3279.122996460672],22.750722236131505,1.9818561639123415,1e-06,1e-06,1.4647828546921535,1.168484848240623,32.64647918883901,-5.317752247353768,-3.6343121463731904,188016.02900588507,7.995441552448256,-11.629753698821446,1359148.9568785834,"[0.0, 0.0]","[-3.2021486595902333, -5.501023203036281]","[[188016.02900588507, 398440.7299912532], [1359148.9568785834, 462427.0058378118], [1359148.9568785834, 245533.35093444816], [188016.02900588507, 245533.35093444816]]",[0.051247286282444786],19.845452238016488,0.5
559.405224553091,[2.3900630587658847],[3.389690551422423],11115.212225668907,7837.310730257136,[3279.122992806705],22.750722237211498,1.9818561639123415,1e-06,1e-06,1.4647828546921535,1.1684848484479962,32.64647917924043,-5.3177522291240376,-3.6343113069663104,188016.0285582883,7.99544245129772,-11.62975375826403,1359148.9595791283,"[0.0, 0.0]","[-3.2021486762029125, -5.501023231528869]","[[188016.0285582883, 398440.730712876], [1359148.9595791283, 462427.00700039166], [1359148.9595791283, 245533.35092253215], [188016.0285582883, 245533.35092253215]]",[0.05124728587218915],19.845452058262573,0.5
559.905224553091,[2.3900629613242783],[3.389690543814487],11115.212188454407,7837.31040208459,[3279.1229891877488],22.7507222382797,1.9818561639123415,1e-06,1e-06,1.4647828546921535,1.1684848486530488,32.64647916972302,-5.317752211081055,-3.634310485022752,188016.02811565,7.995443332025275,-11.629753817048027,1359148.9622590165,"[0.0, 0.0]","[-3.2021486926310554, -5.501023259711546]","[[188016.02811565, 398440.73141960666], [1359148.9622590165, 462427.0081407796], [1359148.9622590165, 245533.35091039087], [188016.02811565, 245533.35091039087]]",[0.05124728546829452],19.84545187888871,0.5
560.405224553091,[2.390062864682103],[3.389690536274111],11115.21215155079,7837.3100765964755,[3279.12298559515],22.750722239341563,1.9818561639123415,1e-06,1e-06,1.4647828546921535,1.1684848488569406,32.646479160285594,-5.317752193157358,-3.6343096597073554,188016.02767556757,7.995444215785255,-11.62975387549261,1359148.964914225,"[0.0, 0.0]","[-3.2021487089648266, -5.501023287725782]","[[188016.02767556757, 398440.73212911515], [1359148.964914225, 462427.0092838422], [1359148.964914225, 245533.35089867472], [188016.02767556757, 245533.35089867472]]",[0.05124728506492624],19.845451702152513,0.5
560.905224553091,[2.3900627688763203],[3.3896905287936523],11115.212114960217,7837.309753933188,[3279.1229820369413],22.750722240391827,1.9818561639123415,1e-06,1e-06,1.4647828546921535,1.1684848490585507,32.64647915092797,-5.317752175417285,-3.634308851562764,188016.02724036033,7.995445081726928,-11.629753933289692,1359148.9675491217,"[0.0, 0.0]","[-3.2021487251171785, -5.501023315435324]","[[188016.02724036033, 398440.732823981], [1359148.9675491217, 462427.01040508517], [1359148.9675491217, 245533.35088673717], [188016.02724036033, 245533.35088673717]]",[0.05124728466781228],19.845451525790022,0.5
561.405224553091,[2.3900626738567063],[3.389690521380098],11115.212078676876,7837.3094339097825,[3279.1229785046467],22.75072224143587,1.9818561639123415,1e-06,1e-06,1.4647828546921535,1.16848484925902,32.646479141649024,-5.317752157794482,-3.634308040103349,188016.02680766603,7.99544595064981,-11.629753990753159,1359148.970159753,"[0.0, 0.0]","[-3.20214874117676, -5.501023342979288]","[[188016.02680766603, 398440.73352157784], [1359148.970159753, 462427.0115289576], [1359148.970159753, 245533.3508752179], [188016.02680766603, 245533.3508752179]]",[0.05124728427121587],19.845451352020913,0.5
561.905224553091,[2.390062579659321],[3.389690514025376],11115.212042701105,7837.309116663408,[3279.122975006176],22.75072224246849,1.9818561639123415,1e-06,1e-06,1.4647828546921535,1.1684848494572453,32.646479132448576,-5.31775214035224,-3.634307245524951,188016.0263797649,7.995446802055028,-11.62975404757998,1359148.9727504158,"[0.0, 0.0]","[-3.202148757057948, -5.501023370223641]","[[188016.0263797649, 398440.7342047791], [1359148.9727504158, 462427.012631378], [1359148.9727504158, 245533.35086348085], [188016.0263797649, 245533.35086348085]]",[0.051247283880768366],19.8454511786192,0.5
562.405224553091,[2.3900624862347266],[3.3896905067361045],11115.212007026264,7837.3088020119685,[3279.122971533168],22.75072224349501,1.9818561639123415,1e-06,1e-06,1.4647828546921535,1.1684848496543487,32.64647912332532,-5.3177521230253015,-3.634306447688573,188016.02595433473,7.99544765639007,-11.629754104078643,1359148.9753172186,"[0.0, 0.0]","[-3.2021487728478992, -5.501023397305167]","[[188016.02595433473, 398440.7348906643], [1359148.9753172186, 462427.0137363823], [1359148.9753172186, 245533.35085215484], [188016.02595433473, 245533.35085215484]]",[0.051247283490830194],19.845451007767352,0.5
562.905224553091,[2.3900623936188468],[3.3896904995048973],11115.211971654611,7837.308490091928,[3279.1229680934334],22.750722244510303,1.9818561639123415,1e-06,1e-06,1.4647828546921535,1.1684848498492468,32.64647911427926,-5.317752105875868,-3.6343056664505866,188016.02553361742,7.995448493500874,-11.62975415995146,1359148.9778643905,"[0.0, 0.0]","[-3.2021487884624493, -5.501023424092143]","[[188016.02553361742, 398440.7355623952], [1359148.9778643905, 462427.0148202945], [1359148.9778643905, 245533.3508406148], [188016.02553361742, 245533.3508406148]]",[0.05124728310693781],19.845450837276758,0.5
563.405224553091,[2.3900623017627134],[3.3896904923378663],11115.211936578296,7837.308180723053,[3279.122964678744],22.75072224551958,1.9818561639123415,1e-06,1e-06,1.4647828546921535,1.168484850043041,32.6464791053092,-5.317752088839818,-3.6343048820081094,188016.02511532945,7.995449333493525,-11.629754215501634,1359148.9803881005,"[0.0, 0.0]","[-3.202148803987346, -5.501023450719039]","[[188016.02511532945, 398440.73623676586], [1359148.9803881005, 462427.015906748], [1359148.9803881005, 245533.35082947896], [188016.02511532945, 245533.35082947896]]",[0.05124728272354594],19.845450669293207,0.5
563.905224553091,[2.3900622107018323],[3.3896904852281273],11115.211901800703,7837.30787404007,[3279.1229612967586],22.75072224651783,1.9818561639123415,1e-06,1e-06,1.4647828546921535,1.1684848502346672,32.64647909641502,-5.317752071978296,-3.6343041138854346,188016.02470167508,7.995450156551101,-11.629754270436536,1359148.982892506,"[0.0, 0.0]","[-3.2021488193397634, -5.501023477056329]","[[188016.02470167508, 398440.73689721985], [1359148.982892506, 462427.01697246346], [1359148.982892506, 245533.3508181327], [188016.02470167508, 245533.3508181327]]",[0.051247282346098356],19.845450501664814,0.5
564.405224553091,[2.39006212038769],[3.3896904781816013],11115.211867313905,7837.30756986462,[3279.12295793941],22.750722247510165,1.9818561639123415,1e-06,1e-06,1.4647828546921535,1.168484850425208,32.646479087595594,-5.3177520552282385,-3.634303342612668,188016.02429040935,7.995450982441412,-11.62975432505408,1359148.985373851,"[0.0, 0.0]","[-3.2021488346040066, -5.501023503236195]","[[188016.02429040935, 398440.73756026896], [1359148.985373851, 462427.01804067765], [1359148.985373851, 245533.3508071838], [188016.02429040935, 245533.3508071838]]",[0.0512472819691429],19.845450336501393,0.5
564.905224553091,[2.3900620308555083],[3.389690471191155],11115.21183311985,7837.307268330068,[3279.122954614174],22.750722248491662,1.9818561639123415,1e-06,1e-06,1.4647828546921535,1.1684848506136172,32.64647907885069,-5.317752038649793,-3.6343025873846386,188016.02388369935,7.995451791682058,-11.629754379066696,1359148.9878362124,"[0.0, 0.0]","[-3.2021488496987116, -5.501023529131326]","[[188016.02388369935, 398440.7382096357], [1359148.9878362124, 462427.01908850216], [1359148.9878362124, 245533.3507960279], [188016.02388369935, 245533.3507960279]]",[0.05124728159803175],19.845450171687183,0.5
565.405224553091,[2.390061942057798],[3.389690464262822],11115.211799211613,7837.306969261854,[3279.12295131317],22.750722249467337,1.9818561639123415,1e-06,1e-06,1.4647828546921535,1.1684848508009593,32.64647907017928,-5.3177520221809385,-3.6343018290602913,188016.02347933818,7.995452603707122,-11.629754432767413,1359148.9902758992,"[0.0, 0.0]","[-3.2021488647066847, -5.501023554871685]","[[188016.02347933818, 398440.73886155314], [1359148.9902758992, 462427.02013878245], [1359148.9902758992, 245533.35078526288], [188016.02347933818, 245533.35078526288]]",[0.05124728122740485],19.845450009296552,0.5
565.905224553091,[2.3900618540284584],[3.389690457389656],11115.21176559147,7837.3066727888045,[3279.1229480437896],22.750722250432354,1.9818561639123415,1e-06,1e-06,1.4647828546921535,1.168484850986205,32.6464790615812,-5.3177520058808065,-3.634301086511755,188016.02307945615,7.995453399361395,-11.62975448587315,1359148.9926969223,"[0.0, 0.0]","[-3.202148879547971, -5.501023580332076]","[[188016.02307945615, 398440.7395000176], [1359148.9926969223, 462427.02116901544], [1359148.9926969223, 245533.35077429438], [188016.02307945615, 245533.35077429438]]",[0.05124728086252416],19.84544984724928,0.5
566.405224553091,[2.3900617667215527],[3.3896904505778553],11115.211732253218,7837.306378741583,[3279.122944798207],22.750722251391643,1.9818561639123415,1e-06,1e-06,1.4647828546921535,1.1684848511704022,32.64647905305537,-5.317751989688433,-3.634300340917889,188016.02268188322,7.995454197754441,-11.62975453867233,1359148.9950956488,"[0.0, 0.0]","[-3.2021488943040044, -5.501023605640302]","[[188016.02268188322, 398440.740140991], [1359148.9950956488, 462427.0222016636], [1359148.9950956488, 245533.35076371], [188016.02268188322, 245533.35076371]]",[0.051247280498119226],19.845449687584892,0.5
566.905224553091,[2.3900616801704118],[3.389690443820062],11115.211699197356,7837.30608724685,[3279.1229415836874],22.750722252340466,1.9818561639123415,1e-06,1e-06,1.4647828546921535,1.168484851352538,32.646479044601676,-5.317751973661948,-3.634299610834944,188016.02228871433,7.995454980051704,-11.629754590886648,1359148.9974760276,"[0.0, 0.0]","[-3.202148908896133, -5.501023630673271]","[[188016.02228871433, 398440.7407687373], [1359148.9974760276, 462427.0232146018], [1359148.9974760276, 245533.35075292556], [188016.02228871433, 245533.35075292556]]",[0.051247280139364026],19.845449528258108,0.5
567.405224553091,[2.390061594328991],[3.3896904371225416],11115.21166641858,7837.305798135394,[3279.1229383926043],22.75072225328365,1.9818561639123415,1e-06,1e-06,1.4647828546921535,1.1684848515336426,32.64647903621898,-5.31775195774142,-3.634298877758795,188016.02189781604,7.99545576504056,-11.629754642799355,1359148.9998344842,"[0.0, 0.0]","[-3.2021489234044163, -5.501023655556611]","[[188016.02189781604, 398440.74139894947], [1359148.9998344842, 462427.02422991325], [1359148.9998344842, 245533.3507425189], [188016.02189781604, 245533.3507425189]]",[0.051247279781076946],19.845449371274192,0.5
567.905224553091,[2.390061509230905],[3.3896904304781192],11115.211633917437,7837.305511534414,[3279.1229352320606],22.750722254216537,1.9818561639123415,1e-06,1e-06,1.4647828546921535,1.1684848517127209,32.64647902790716,-5.317751941983988,-3.6342981599331097,188016.02151124793,7.995456534203981,-11.629754694137091,1359149.0021749025,"[0.0, 0.0]","[-3.2021489377515757, -5.501023680169331]","[[188016.02151124793, 398440.74201615655], [1359149.0021749025, 462427.02522584505], [1359149.0021749025, 245533.35073191556], [188016.02151124793, 245533.35073191556]]",[0.05124727942834479],19.845449214622192,0.5
568.405224553091,[2.3900614248306717],[3.3896904238930143],11115.21160168878,7837.30522727676,[3279.1229320945204],22.750722255143895,1.9818561639123415,1e-06,1e-06,1.4647828546921535,1.1684848518907853,32.64647901966521,-5.317751926330737,-3.634297439163049,188016.0211269118,7.995457306015226,-11.629754745178275,1359149.0044937644,"[0.0, 0.0]","[-3.2021489520162993, -5.501023704634929]","[[188016.0211269118, 398440.7426357894], [1359149.0044937644, 462427.0262241123], [1359149.0044937644, 245533.35072168353], [188016.0211269118, 245533.35072168353]]",[0.05124727907607236],19.845449060273754,0.5
568.905224553091,[2.39006134116116],[3.3896904173602147],11115.211569733552,7837.3049454870925,[3279.1229289870466],22.750722256061124,1.9818561639123415,1e-06,1e-06,1.4647828546921535,1.168484852066857,32.64647901149294,-5.31775191083785,-3.634296733388169,188016.02074683338,7.995458062265982,-11.62975479565415,1359149.00679489,"[0.0, 0.0]","[-3.2021489661225924, -5.501023728834431]","[[188016.02074683338, 398440.74324263475], [1359149.00679489, 462427.0272033246], [1359149.00679489, 245533.35071125824], [188016.02074683338, 245533.35071125824]]",[0.051247278729261915],19.845448906251644,0.5
569.405224553091,[2.390061258177922],[3.389690410885751],11115.21153804628,7837.304666001856,[3279.1229259021898],22.750722256972907,1.9818561639123415,1e-06,1e-06,1.4647828546921535,1.168484852241932,32.646479003389345,-5.317751895447378,-3.63429602471939,188016.02036894977,7.995458821119087,-11.629754845838477,1359149.009074822,"[0.0, 0.0]","[-3.2021489801478387, -5.501023752889283]","[[188016.02036894977, 398440.7438518644], [1359149.009074822, 462427.0281848319], [1359149.009074822, 245533.350701198], [188016.02036894977, 245533.350701198]]",[0.05124727838290379],19.845448754494416,0.5
569.905224553091,[2.3900611759129333],[3.389690404462705],11115.211506627786,7837.304388942481,[3279.122922846885],22.750722257874735,1.9818561639123415,1e-06,1e-06,1.4647828546921535,1.1684848524150482,32.646478995354244,-5.31775188021458,-3.634295330792952,188016.019995252,7.995459564673922,-11.629754895466874,1359149.0113373157,"[0.0, 0.0]","[-3.2021489940173304, -5.501023776682553]","[[188016.019995252, 398440.7444485221], [1359149.0113373157, 462427.02914760506], [1359149.0113373157, 245533.35069094776], [188016.019995252, 245533.35069094776]]",[0.05124727804191555],19.845448603058053,0.5
570.405224553091,[2.3900610943229594],[3.389690398096702],11115.211475471708,7837.3041141497015,[3279.122919813814],22.750722258771212,1.9818561639123415,1e-06,1e-06,1.4647828546921535,1.1684848525871838,32.64647898738673,-5.317751865082496,-3.634294634021728,188016.01962371226,7.9954603107870525,-11.62975494480878,1359149.0135789728,"[0.0, 0.0]","[-3.2021490078071326, -5.501023800333607]","[[188016.01962371226, 398440.74504752376], [1359149.0135789728, 462427.0301126345], [1359149.0135789728, 245533.35068105647], [188016.01962371226, 245533.35068105647]]",[0.05124727770137213],19.845448453848547,0.5
570.905224553091,[2.390061013439056],[3.3896903917812833],11115.21144457999,7837.303841741659,[3279.1229168097984],22.7507222596579,1.9818561639123415,1e-06,1e-06,1.4647828546921535,1.1684848527573934,32.646478979486574,-5.317751850105425,-3.634293951744894,188016.01925628813,7.99546104185913,-11.629754993604024,1359149.015803484,"[0.0, 0.0]","[-3.2021490214437662, -5.5010238237273885]","[[188016.01925628813, 398440.7456341648], [1359149.015803484, 462427.03105924453], [1359149.015803484, 245533.35067097828], [188016.01925628813, 245533.35067097828]]",[0.051247277366108394],19.84544830495454,0.5
571.405224553091,[2.390060933218813],[3.38969038552254],11115.211413948256,7837.303571562117,[3279.1229138276544],22.750722260539323,1.9818561639123415,1e-06,1e-06,1.4647828546921535,1.1684848529266394,32.646478971652755,-5.317751835227371,-3.634293266671534,188016.0188909861,7.995461775446017,-11.629755042117552,1359149.018007508,"[0.0, 0.0]","[-3.2021490350020483, -5.5010238469813775]","[[188016.0188909861, 398440.74622310995], [1359149.018007508, 462427.03200807277], [1359149.018007508, 245533.35066125303], [188016.0188909861, 245533.35066125303]]",[0.051247277031282255],19.84544815824999,0.5
571.905224553091,[2.390060853692894],[3.3896903793132087],11115.21138357534,7837.303303727593,[3279.1229108740645],22.750722261411127,1.9818561639123415,1e-06,1e-06,1.4647828546921535,1.1684848530939917,32.646478963885215,-5.317751820501734,-3.634292595848308,188016.0185297302,7.9954624942453165,-11.629755090093624,1359149.020194674,"[0.0, 0.0]","[-3.2021490484097503, -5.501023869982457]","[[188016.0185297302, 398440.74679990305], [1359149.020194674, 462427.03293879196], [1359149.020194674, 245533.35065134402], [188016.0185297302, 245533.35065134402]]",[0.05124727670164673],19.845448011855623,0.5
572.405224553091,[2.3900607748194695],[3.389690373159384],11115.211353457324,7837.303038084074,[3279.122907941977],22.75072226227776,1.9818561639123415,1e-06,1e-06,1.4647828546921535,1.1684848532603964,32.64647895618293,-5.317751805873456,-3.6342919222743717,188016.01817056054,7.9954632155183845,-11.629755137792756,1359149.022361696,"[0.0, 0.0]","[-3.2021490617404385, -5.501023892846059]","[[188016.01817056054, 398440.7473789622], [1359149.022361696, 462427.0338716925], [1359149.022361696, 245533.350641782], [188016.01817056054, 245533.350641782]]",[0.05124727637244121],19.845447867613974,0.5
572.905224553091,[2.3900606966285745],[3.3896903670541962],11115.211323593978,7837.302774745765,[3279.1229050379698],22.750722263134925,1.9818561639123415,1e-06,1e-06,1.4647828546921535,1.1684848534249388,32.64647894854579,-5.317751791395034,-3.634291262714555,188016.01781536976,7.995463922248803,-11.629755184963358,1359149.0245121405,"[0.0, 0.0]","[-3.202149074923047, -5.501023915460972]","[[188016.01781536976, 398440.7479460707], [1359149.0245121405, 462427.0347867847], [1359149.0245121405, 245533.3506320393], [188016.01781536976, 245533.3506320393]]",[0.051247276048340194],19.84544772367732,0.5
573.405224553091,[2.390060619079142],[3.389690361003615],11115.211293981376,7837.302513561433,[3279.12290215511],22.75072226398701,1.9818561639123415,1e-06,1e-06,1.4647828546921535,1.16848485358855,32.64647894097283,-5.31775177701234,-3.6342906004491624,188016.0174622299,7.99546463141246,-11.629755231861623,1359149.026642782,"[0.0, 0.0]","[-3.202149088029925, -5.5010239379407215]","[[188016.0174622299, 398440.74851540796], [1359149.026642782, 462427.035704023], [1359149.026642782, 245533.3506226379], [188016.0174622299, 245533.3506226379]]",[0.051247275724661596],19.845447581857222,0.5
573.905224553091,[2.390060542201059],[3.3896903550012105],11115.211264620293,7837.302254644497,[3279.122899299846],22.750722264829783,1.9818561639123415,1e-06,1e-06,1.4647828546921535,1.16848485375033,32.64647893346387,-5.317751762776993,-3.6342899519617617,188016.017113002,7.995465326278634,-11.629755278240395,1359149.0287571258,"[0.0, 0.0]","[-3.202149100991223, -5.501023960175995]","[[188016.017113002, 398440.7490729961], [1359149.0287571258, 462427.0366037529], [1359149.0287571258, 245533.35061305875], [188016.017113002, 245533.35061305875]]",[0.05124727540600146],19.845447440336972,0.5
574.405224553091,[2.3900604659534963],[3.3896903490521253],11115.21123550459,7837.301997844854,[3279.122896465392],22.75072226566756,1.9818561639123415,1e-06,1e-06,1.4647828546921535,1.1684848539111943,32.646478926018005,-5.317751748635759,-3.634289300814885,188016.01676579076,7.995466023536437,-11.629755324351322,1359149.0308519958,"[0.0, 0.0]","[-3.202149113878077, -5.50102398227837]","[[188016.01676579076, 398440.749632775], [1359149.0308519958, 462427.03750559204], [1359149.0308519958, 245533.350603815], [188016.01676579076, 245533.350603815]]",[0.051247275087756936],19.845447300897785,0.5
574.905224553091,[2.3900603903659463],[3.3896903431502388],11115.211206635648,7837.301743274333,[3279.122893658076],22.750722266496183,1.9818561639123415,1e-06,1e-06,1.4647828546921535,1.1684848540702586,32.64647891863518,-5.317751734639392,-3.6342886632142495,188016.01642242578,7.995466706737204,-11.629755369951454,1359149.0329308447,"[0.0, 0.0]","[-3.2021491266217623, -5.501024004140336]","[[188016.01642242578, 398440.75018100225], [1359149.0329308447, 462427.03839021747], [1359149.0329308447, 245533.3505943967], [188016.01642242578, 245533.3505943967]]",[0.05124727477444654],19.845447161753413,0.5
575.405224553091,[2.3900603153985904],[3.3896903373014426],11115.211178010091,7837.301490786365,[3279.1228908712033],22.750722267319905,1.9818561639123415,1e-06,1e-06,1.4647828546921535,1.1684848542284227,32.64647891131432,-5.317751720735558,-3.6342880229989873,188016.01608104343,7.995467392289299,-11.629755415288287,1359149.0349905456,"[0.0, 0.0]","[-3.2021491392922705, -5.501024025871655]","[[188016.01608104343, 398440.7507313838], [1359149.0349905456, 462427.03927691665], [1359149.0349905456, 245533.3505853083], [188016.01608104343, 245533.3505853083]]",[0.05124727446154463],19.84544702465516,0.5
575.905224553091,[2.3900602410801057],[3.3896903314984637],11115.21114962521,7837.301240489893,[3279.12288811101],22.750722268134616,1.9818561639123415,1e-06,1e-06,1.4647828546921535,1.1684848543848165,32.646478904055414,-5.317751706974161,-3.6342873961021382,188016.01574344284,7.99546806402077,-11.629755460122908,1359149.0370344943,"[0.0, 0.0]","[-3.202149151822022, -5.501024047366584]","[[188016.01574344284, 398440.7512704075], [1359149.0370344943, 462427.040146691], [1359149.0370344943, 245533.35057604808], [188016.01574344284, 245533.35057604808]]",[0.051247274153494025],19.845446887846762,0.5
576.405224553091,[2.3900601673714092],[3.3896903257477966],11115.21112147995,7837.300992240998,[3279.1228853709026],22.750722268944504,1.9818561639123415,1e-06,1e-06,1.4647828546921535,1.168484854540325,32.646478896857445,-5.317751693303741,-3.6342867666341476,188016.0154077915,7.995468738064517,-11.629755504698664,1359149.0390596178,"[0.0, 0.0]","[-3.2021491642798114, -5.501024068733077]","[[188016.0154077915, 398440.7518115497], [1359149.0390596178, 462427.04101850506], [1359149.0390596178, 245533.3505671123], [188016.0154077915, 245533.3505671123]]",[0.05124727384584495],19.845446753050123,0.5
576.905224553091,[2.3900600943005372],[3.3896903200422326],11115.211093571606,7837.300746146373,[3279.1228826570564],22.750722269745545,1.9818561639123415,1e-06,1e-06,1.4647828546921535,1.1684848546940931,32.64647888972041,-5.317751679773376,-3.6342861502626533,188016.0150758587,7.995469398517912,-11.629755548780565,1359149.04106925,"[0.0, 0.0]","[-3.20214917659922, -5.501024089867155]","[[188016.0150758587, 398440.7523415236], [1359149.04106925, 462427.0418736767], [1359149.04106925, 245533.35055800754], [188016.0150758587, 245533.35055800754]]",[0.0512472735429662],19.84544661853847,0.5
577.405224553091,[2.3900600218290933],[3.389690314387892],11115.211065898184,7837.300502064558,[3279.1228799629625],22.750722270541825,1.9818561639123415,1e-06,1e-06,1.4647828546921535,1.1684848548469913,32.64647888264335,-5.317751666332467,-3.6342855313625364,188016.01474584246,7.995470061245385,-11.629755592607921,1359149.0430603758,"[0.0, 0.0]","[-3.202149188847863, -5.5010241108749645]","[[188016.01474584246, 398440.7528735806], [1359149.0430603758, 462427.04273085383], [1359149.0430603758, 245533.35054922174], [188016.01474584246, 245533.35054922174]]",[0.05124727324048213],19.845446486004818,0.5
577.905224553091,[2.3900599499849995],[3.389690308778414],11115.211038459347,7837.300260101578,[3279.1228772946747],22.750722271329415,1.9818561639123415,1e-06,1e-06,1.4647828546921535,1.168484854998178,32.64647887562609,-5.3177516530292435,-3.6342849253391023,188016.0144194823,7.995470710610675,-11.629755635949778,1359149.0450362726,"[0.0, 0.0]","[-3.2021492009604495, -5.501024131654244]","[[188016.0144194823, 398440.7533946571], [1359149.0450362726, 462427.0435716683], [1359149.0450362726, 245533.3505402698], [188016.0144194823, 245533.3505402698]]",[0.05124727294268819],19.8454463537514,0.5
578.405224553091,[2.390059878730323],[3.389690303219037],11115.211011250674,7837.30002011782,[3279.1228746458214],22.75072227211234,1.9818561639123415,1e-06,1e-06,1.4647828546921535,1.1684848551485087,32.64647886866783,-5.317751639813977,-3.634284316827859,188016.01409500607,7.99547136221355,-11.62975567904141,1359149.0469939702,"[0.0, 0.0]","[-3.2021492130034677, -5.501024152309353]","[[188016.01409500607, 398440.75391778303], [1359149.0469939702, 462427.04441445717], [1359149.0469939702, 245533.3505316316], [188016.01409500607, 245533.3505316316]]",[0.05124727264528182],19.845446223442735,0.5
578.905224553091,[2.390059808092476],[3.3896902977035857],11115.210984271942,7837.299782217292,[3279.1228720223103],22.750722272886705,1.9818561639123415,1e-06,1e-06,1.4647828546921535,1.1684848552971576,32.646478861768344,-5.3177516267340925,-3.6342837209787717,188016.01377412488,7.995472000676898,-11.62975572165567,1359149.0489366928,"[0.0, 0.0]","[-3.2021492249127, -5.50102417273978]","[[188016.01377412488, 398440.75443011115], [1359149.0489366928, 462427.04524115537], [1359149.0489366928, 245533.3505228299], [188016.01377412488, 245533.3505228299]]",[0.051247272352487466],19.845446093409606,0.5
579.405224553091,[2.3900597380339015],[3.389690292237609],11115.210957520278,7837.299546261984,[3279.1228694179263],22.750722273656486,1.9818561639123415,1e-06,1e-06,1.4647828546921535,1.168484855444965,32.64647885492684,-5.317751613740677,-3.634283122683712,188016.01345509622,7.995472641340086,-11.629755764023798,1359149.0508615253,"[0.0, 0.0]","[-3.2021492367535433, -5.501024193048142]","[[188016.01345509622, 398440.7549444544], [1359149.0508615253, 462427.0460697947], [1359149.0508615253, 245533.35051433658], [188016.01345509622, 245533.35051433658]]",[0.05124727206007416],19.84544596528859,0.5
579.905224553091,[2.390059668581876],[3.3896902868146523],11115.210930994182,7837.299312355208,[3279.122866838471],22.750722274417846,1.9818561639123415,1e-06,1e-06,1.4647828546921535,1.1684848555911178,32.64647884814326,-5.317751600880384,-3.6342825368379863,188016.0131396021,7.995473269084641,-11.629755805922628,1359149.0527716342,"[0.0, 0.0]","[-3.202149248462854, -5.501024213135588]","[[188016.0131396021, 398440.75544818136], [1359149.0527716342, 462427.04688261374], [1359149.0527716342, 245533.3505056827], [188016.0131396021, 245533.3505056827]]",[0.05124727177219532],19.845445837438476,0.5
580.405224553091,[2.390059599699511],[3.389690281440537],11115.21090469194,7837.299080361328,[3279.122864277807],22.750722275174706,1.9818561639123415,1e-06,1e-06,1.4647828546921535,1.1684848557364436,32.64647884141664,-5.3177515881051045,-3.634281948587841,188016.01282592936,7.995473898991634,-11.629755847579474,1359149.0546641508,"[0.0, 0.0]","[-3.202149260104903, -5.501024233103002]","[[188016.01282592936, 398440.7559538894], [1359149.0546641508, 462427.0476973413], [1359149.0546641508, 245533.3504973319], [188016.01282592936, 245533.3504973319]]",[0.051247271484691236],19.84544571146838,0.5
580.905224553091,[2.390059531413409],[3.3896902761087055],11115.210878611451,7837.298850381266,[3279.1228617416587],22.750722275923287,1.9818561639123415,1e-06,1e-06,1.4647828546921535,1.1684848558801435,32.646478834746915,-5.31775157546071,-3.634281372575515,188016.01251573145,7.995474516199408,-11.629755888774923,1359149.0565421926,"[0.0, 0.0]","[-3.202149271617619, -5.501024252853212]","[[188016.01251573145, 398440.7564491611], [1359149.0565421926, 462427.04849651677], [1359149.0565421926, 245533.3504888234], [188016.01251573145, 245533.3504888234]]",[0.05124727120164483],19.845445585764626,0.5
581.405224553091,[2.3900594636876016],[3.3896902708247154],11115.210852750395,7837.298622282584,[3279.1228592239645],22.75072227666744,1.9818561639123415,1e-06,1e-06,1.4647828546921535,1.1684848560230296,32.64647882813324,-5.317751562899902,-3.6342807942015725,188016.01220732473,7.99547513553091,-11.629755929732482,1359149.0584029367,"[0.0, 0.0]","[-3.202149283064217, -5.5010242724854]","[[188016.01220732473, 398440.7569463786], [1359149.0584029367, 462427.04929756565], [1359149.0584029367, 245533.35048061286], [188016.01220732473, 245533.35048061286]]",[0.0512472709189676],19.845445461909346,0.5
581.905224553091,[2.390059396548006],[3.3896902655823404],11115.210827107547,7837.2983961638,[3279.1228567303865],22.750722277403455,1.9818561639123415,1e-06,1e-06,1.4647828546921535,1.1684848561643164,32.64647882157544,-5.317751550467795,-3.6342802278604154,188016.01190233452,7.995475742375959,-11.629755970236374,1359149.0602494478,"[0.0, 0.0]","[-3.202149294383683, -5.501024291904079]","[[188016.01190233452, 398440.757433335], [1359149.0602494478, 462427.05008332373], [1359149.0602494478, 245533.35047224714], [188016.01190233452, 245533.35047224714]]",[0.05124727064067323],19.84544533831592,0.5
582.405224553091,[2.3900593299590773],[3.3896902603872165],11115.210801681253,7837.298171894166,[3279.1228542549848],22.75072227813511,1.9818561639123415,1e-06,1e-06,1.4647828546921535,1.1684848563048036,32.64647881507278,-5.317751538117856,-3.6342796591961246,188016.01159910552,7.995476351310174,-11.629756010506298,1359149.062078956,"[0.0, 0.0]","[-3.202149305638105, -5.501024311206678]","[[188016.01159910552, 398440.75792220514], [1359149.062078956, 462427.05087092426], [1359149.062078956, 245533.35046417447], [188016.01159910552, 245533.35046417447]]",[0.05124727036274165],19.845445216539932,0.5
582.905224553091,[2.3900592639463536],[3.389690255232786],11115.210776468692,7837.297949570594,[3279.1228518032713],22.750722278858774,1.9818561639123415,1e-06,1e-06,1.4647828546921535,1.1684848564437187,32.64647880862515,-5.317751525894453,-3.634279102362882,188016.0112992356,7.995476947967177,-11.629756050330059,1359149.0638944686,"[0.0, 0.0]","[-3.2021493167675428, -5.501024330299343]","[[188016.0112992356, 398440.7584009865], [1359149.0638944686, 462427.0516434909], [1359149.0638944686, 245533.35045594917], [188016.0112992356, 245533.35045594917]]",[0.05124727008911933],19.845445095021425,0.5
583.405224553091,[2.3900591984755444],[3.3896902501246893],11115.210751468587,7837.2977290667,[3279.122849369412],22.750722279578138,1.9818561639123415,1e-06,1e-06,1.4647828546921535,1.1684848565818475,32.646478802231684,-5.317751513751853,-3.6342785432447613,188016.0110010969,7.99547754667924,-11.629756089924001,1359149.0656932613,"[0.0, 0.0]","[-3.20214932783301, -5.501024349277869]","[[188016.0110010969, 398440.75888165005], [1359149.0656932613, 462427.0524178701], [1359149.0656932613, 245533.350448012], [188016.0110010969, 245533.350448012]]",[0.05124726981585341],19.84544497528984,0.5
583.905224553091,[2.3900591335713517],[3.3896902450568374],11115.210726679445,7837.297510476512,[3279.1228469588577],22.750722280289654,1.9818561639123415,1e-06,1e-06,1.4647828546921535,1.16848485671843,32.64647879589222,-5.317751501733655,-3.6342779957596463,188016.0107062613,7.995478133319693,-11.62975612907934,1359149.0674782956,"[0.0, 0.0]","[-3.2021493387756057, -5.501024368050009]","[[188016.0107062613, 398440.75935239333], [1359149.0674782956, 462427.0531774664], [1359149.0674782956, 245533.35043992475], [188016.0107062613, 245533.35043992475]]",[0.05124726954682478],19.845444855811394,0.5
584.405224553091,[2.3900590691995087],[3.389690240034769],11115.21070209994,7837.297293673921,[3279.1228445658585],22.75072228099695,1.9818561639123415,1e-06,1e-06,1.4647828546921535,1.16848485685424,32.64647878960608,-5.317751489794907,-3.634277446028932,188016.01041312798,7.995478721979566,-11.629756168008498,1359149.0692468893,"[0.0, 0.0]","[-3.202149349655322, -5.501024386709931]","[[188016.01041312798, 398440.759824987], [1359149.0692468893, 462427.05393884436], [1359149.0692468893, 245533.35043212087], [188016.01041312798, 245533.35043212087]]",[0.05124726927814669],19.845444738089878,0.5
584.905224553091,[2.390059005384848],[3.3896902350518827],11115.210677726587,7837.297078753165,[3279.122842195773],22.750722281696515,1.9818561639123415,1e-06,1e-06,1.4647828546921535,1.1684848569885302,32.64647878337314,-5.3177514779784705,-3.634276907735,188016.010123242,7.995479298771443,-11.629756206506443,1359149.071001954,"[0.0, 0.0]","[-3.202149360414191, -5.501024405166884]","[[188016.010123242, 398440.7602878274], [1359149.071001954, 462427.0546856888], [1359149.071001954, 245533.35042416942], [188016.010123242, 245533.35042416942]]",[0.051247269013634536],19.845444620617258,0.5
585.405224553091,[2.3900589420935927],[3.389690230113928],11115.210653559108,7837.296865589995,[3279.1228398429566],22.75072228239194,1.9818561639123415,1e-06,1e-06,1.4647828546921535,1.1684848571220603,32.6464787771925,-5.317751466240148,-3.6342763672322462,188016.00983502975,7.995479877549769,-11.629756244782016,1359149.0727408577,"[0.0, 0.0]","[-3.2021493711112723, -5.501024423513577]","[[188016.00983502975, 398440.7607524877], [1359149.0727408577, 462427.05543428555], [1359149.0727408577, 245533.35041649654], [188016.00983502975, 245533.35041649654]]",[0.05124726874946682],19.845444504872056,0.5
585.905224553091,[2.3900588793502533],[3.3896902252148],11115.210629595285,7837.296654277333,[3279.1228375126607],22.75072228307976,1.9818561639123415,1e-06,1e-06,1.4647828546921535,1.1684848572540958,32.64647877106415,-5.317751454622091,-3.634275837975906,188016.00955001052,7.995480444657744,-11.62975628263365,1359149.0744664592,"[0.0, 0.0]","[-3.2021493816895306, -5.501024441660719]","[[188016.00955001052, 398440.76120755746], [1359149.0744664592, 462427.0561685912], [1359149.0744664592, 245533.35040867858], [188016.00955001052, 245533.35040867858]]",[0.05124726848939548],19.84544438937159,0.5
586.405224553091,[2.3900588171216963],[3.3896902203597543],11115.210605833525,7837.296444693257,[3279.122835199332],22.75072228376351,1.9818561639123415,1e-06,1e-06,1.4647828546921535,1.1684848573853839,32.64647876498725,-5.317751443080831,-3.63427530654792,188016.0092666368,7.995481013718802,-11.629756320266722,1359149.0761761684,"[0.0, 0.0]","[-3.2021493922070046, -5.501024459699352]","[[188016.0092666368, 398440.76166441635], [1359149.0761761684, 462427.0569046198], [1359149.0761761684, 245533.35040113443], [188016.0092666368, 245533.35040113443]]",[0.05124726822966286],19.845444275569534,0.5
586.905224553091,[2.390058755431832],[3.3896902155428013],11115.210582271768,7837.296236928571,[3279.122832908156],22.750722284439785,1.9818561639123415,1e-06,1e-06,1.4647828546921535,1.1684848575152027,32.64647875896179,-5.317751431657812,-3.6342747861758085,188016.00898640227,7.9954815713071525,-11.629756357482961,1359149.0778728016,"[0.0, 0.0]","[-3.20214940260768, -5.501024477541818]","[[188016.00898640227, 398440.7621118472], [1359149.0778728016, 462427.05762659904], [1359149.0778728016, 245533.35039344782], [188016.00898640227, 245533.35039344782]]",[0.051247267973957275],19.8454441620081,0.5
587.405224553091,[2.3900586942479065],[3.389690210769469],11115.210558909583,7837.296030862781,[3279.1228306336584],22.750722285112055,1.9818561639123415,1e-06,1e-06,1.4647828546921535,1.168484857644287,32.64647875298692,-5.317751420310323,-3.6342742636699086,188016.00870778592,7.99548213081431,-11.629756394484218,1359149.0795538048,"[0.0, 0.0]","[-3.20214941294861, -5.501024495277661]","[[188016.00870778592, 398440.7625610361], [1359149.0795538048, 462427.0583502704], [1359149.0795538048, 245533.35038603045], [188016.00870778592, 245533.35038603045]]",[0.05124726771858517],19.845444050116587,0.5
587.905224553091,[2.3900586335937004],[3.3896902060333423],11115.210535743308,7837.295826586119,[3279.1228283809646],22.75072228577698,1.9818561639123415,1e-06,1e-06,1.4647828546921535,1.1684848577719265,32.646478747062645,-5.317751409079066,-3.6342737520338346,188016.0084322561,7.9954826790418,-11.629756431075634,1359149.081221958,"[0.0, 0.0]","[-3.2021494231746597, -5.5010245128205755]","[[188016.0084322561, 398440.7630009554], [1359149.081221958, 462427.0590601291], [1359149.081221958, 245533.35037847288], [188016.0084322561, 245533.35037847288]]",[0.0512472674671724],19.845443938461653,0.5
588.405224553091,[2.390058573436835],[3.389690201340102],11115.210512773174,7837.295623979439,[3279.1228261446477],22.750722286437956,1.9818561639123415,1e-06,1e-06,1.4647828546921535,1.1684848578988434,32.646478741188105,-5.317751397922068,-3.634273238299272,188016.00815831716,7.9954832291563775,-11.62975646745565,1359149.0828747384,"[0.0, 0.0]","[-3.2021494333419676, -5.501024530258641]","[[188016.00815831716, 398440.7634426036], [1359149.0828747384, 462427.0597716519], [1359149.0828747384, 245533.3503711798], [188016.00815831716, 245533.3503711798]]",[0.05124726721608746],19.845443828448573,0.5
588.905224553091,[2.3900585138008674],[3.389690196683482],11115.210489995745,7837.295423132053,[3279.1228239297548],22.750722287091712,1.9818561639123415,1e-06,1e-06,1.4647828546921535,1.16848485802434,32.646478735363246,-5.317751386879376,-3.6342727352530346,188016.007887413,7.995483768179724,-11.629756503432759,1359149.084514883,"[0.0, 0.0]","[-3.202149443396349, -5.501024547507058]","[[188016.007887413, 398440.76387513726], [1359149.084514883, 462427.06046959275], [1359149.084514883, 245533.3503637491], [188016.007887413, 245533.3503637491]]",[0.05124726696889557],19.84544371866813,0.5
589.405224553091,[2.390058454654029],[3.3896901920688958],11115.210467410854,7837.2952239271535,[3279.1228217310004],22.750722287741592,1.9818561639123415,1e-06,1e-06,1.4647828546921535,1.1684848581491265,32.64647872958733,-5.31775137590969,-3.634272230143722,188016.00761807314,7.995484309058384,-11.629756539202106,1359149.0861399213,"[0.0, 0.0]","[-3.202149453392992, -5.501024564652398]","[[188016.00761807314, 398440.76430937054], [1359149.0861399213, 462427.06116916996], [1359149.0861399213, 245533.35035657862], [188016.00761807314, 245533.35035657862]]",[0.05124726672202597],19.845443610501974,0.5
589.905224553091,[2.390058396019352],[3.389690187490531],11115.210445016068,7837.295026451991,[3279.1228195532894],22.750722288384388,1.9818561639123415,1e-06,1e-06,1.4647828546921535,1.168484858272516,32.64647872386024,-5.317751365052375,-3.634271735542427,188016.00735171675,7.995484839032827,-11.629756574575254,1359149.0877525301,"[0.0, 0.0]","[-3.2021494632785745, -5.501024581611245]","[[188016.00735171675, 398440.7647346429], [1359149.0877525301, 462427.061855394], [1359149.0877525301, 245533.3503492726], [188016.00735171675, 245533.3503492726]]",[0.05124726647898388],19.845443502564535,0.5
590.405224553091,[2.3900583378655327],[3.38969018295352],11115.210422810673,7837.2948305915415,[3279.122817391446],22.750722289023354,1.9818561639123415,1e-06,1e-06,1.4647828546921535,1.1684848583952072,32.646478718181356,-5.317751354266843,-3.634271238912106,188016.00708689855,7.995485370832,-11.629756609744106,1359149.0893502862,"[0.0, 0.0]","[-3.202149473107352, -5.501024598468702]","[[188016.00708689855, 398440.76516158675], [1359149.0893502862, 462427.06254322745], [1359149.0893502862, 245533.3503422224], [188016.00708689855, 245533.3503422224]]",[0.05124726623625862],19.84544339621429,0.5
590.905224553091,[2.3900582802150843],[3.3896901784520317],11115.210400791893,7837.29463643116,[3279.1228152502927],22.750722289655354,1.9818561639123415,1e-06,1e-06,1.4647828546921535,1.1684848585165257,32.64647871255033,-5.317751343591802,-3.634270752614782,188016.00682501393,7.995485891908572,-11.629756644523354,1359149.090935819,"[0.0, 0.0]","[-3.202149482826987, -5.501024615142835]","[[188016.00682501393, 398440.76557971915], [1359149.090935819, 462427.06321793026], [1359149.090935819, 245533.35033503908], [188016.00682501393, 245533.35033503908]]",[0.051247265997296954],19.845443290088912,0.5
591.405224553091,[2.3900582230375367],[3.389690173991008],11115.210378958684,7837.294443858765,[3279.12281312474],22.7507222902836,1.9818561639123415,1e-06,1e-06,1.4647828546921535,1.1684848586371577,32.646478706966775,-5.317751332987343,-3.6342702643222538,188016.0065646414,7.995486414779521,-11.629756679101774,1359149.0925067517,"[0.0, 0.0]","[-3.202149492490786, -5.501024631717327]","[[188016.0065646414, 398440.7659994953], [1359149.0925067517, 462427.063894216], [1359149.0925067517, 245533.35032810728], [188016.0065646414, 245533.35032810728]]",[0.05124726575864658],19.84544318552409,0.5
591.905224553091,[2.390058166354824],[3.3896901695651773],11115.210357309821,7837.294252957607,[3279.122811019527],22.75072229090498,1.9818561639123415,1e-06,1e-06,1.4647828546921535,1.1684848587564391,32.6464787014304,-5.317751322491522,-3.6342697861886677,188016.0063071532,7.995486927108459,-11.629756713297127,1359149.0940656676,"[0.0, 0.0]","[-3.2021495020472375, -5.501024648111546]","[[188016.0063071532, 398440.76641060825], [1359149.0940656676, 462427.0645575923], [1359149.0940656676, 245533.3503210446], [188016.0063071532, 245533.3503210446]]",[0.05124726552369652],19.845443081180367,0.5
592.405224553091,[2.3900581101373763],[3.3896901651791085],11115.210335843329,7837.294063618765,[3279.1228089296505],22.750722291522685,1.9818561639123415,1e-06,1e-06,1.4647828546921535,1.1684848588750456,32.646478695940516,-5.317751312065091,-3.6342693060934153,188016.00605115178,7.995487441201703,-11.629756747295119,1359149.0956102286,"[0.0, 0.0]","[-3.2021495115488032, -5.5010246644077725]","[[188016.00605115178, 398440.7668233374], [1359149.0956102286, 462427.06522252504], [1359149.0956102286, 245533.3503142292], [188016.00605115178, 245533.3503142292]]",[0.05124726528905252],19.84544297837101,0.5
592.905224553091,[2.3900580544062797],[3.389690160827448],11115.210314557527,7837.293875922578,[3279.122806859794],22.750722292133638,1.9818561639123415,1e-06,1e-06,1.4647828546921535,1.1684848589923247,32.64647869049708,-5.317751301745466,-3.634268835987143,188016.00579798652,7.995487944929209,-11.629756780916352,1359149.0971429741,"[0.0, 0.0]","[-3.2021495209448188, -5.501024680526764]","[[188016.00579798652, 398440.76722754835], [1359149.0971429741, 462427.06587476406], [1359149.0971429741, 245533.350307285], [188016.00579798652, 245533.350307285]]",[0.051247265058046935],19.84544287577904,0.5
593.405224553091,[2.3900579991323716],[3.3896901565152033],11115.210293452044,7837.293689761577,[3279.1228048050034],22.750722292740967,1.9818561639123415,1e-06,1e-06,1.4647828546921535,1.16848485910894,32.64647868509934,-5.317751291494072,-3.634268363952515,188016.00554628315,7.995488450390951,-11.629756814343466,1359149.098661603,"[0.0, 0.0]","[-3.2021495302868623, -5.5010246965494005]","[[188016.00554628315, 398440.76763334795], [1359149.098661603, 462427.0665285329], [1359149.098661603, 245533.35030058402], [188016.00554628315, 245533.35030058402]]",[0.05124726482734247],19.845442774695655,0.5
593.905224553091,[2.3900579443370544],[3.389690152236582],11115.210272523553,7837.29350521699,[3279.1228027699008],22.75072229334166,1.9818561639123415,1e-06,1e-06,1.4647828546921535,1.1684848592242503,32.646478679747304,-5.3177512813477,-3.634267901737701,188016.0052973679,7.995488945662657,-11.629756847400358,1359149.1001686172,"[0.0, 0.0]","[-3.202149539525151, -5.501024712397782]","[[188016.0052973679, 398440.76803077344], [1359149.1001686172, 462427.06716982275], [1359149.1001686172, 245533.3502937564], [188016.0052973679, 245533.3502937564]]",[0.05124726460021484],19.845442673826003,0.5
594.405224553091,[2.390057889991303],[3.3896901479966175],11115.210251771996,7837.293322181962,[3279.1228007496006],22.750722293938786,1.9818561639123415,1e-06,1e-06,1.4647828546921535,1.1684848593389077,32.64647867444023,-5.317751271268412,-3.6342674376276705,188016.00504989008,7.9954894426387,-11.62975688026637,1359149.101661752,"[0.0, 0.0]","[-3.2021495487103486, -5.501024728151428]","[[188016.00504989008, 398440.76842976024], [1359149.101661752, 462427.06781261566], [1359149.101661752, 245533.35028716802], [188016.00504989008, 245533.35028716802]]",[0.05124726437338349],19.845442574439634,0.5
594.905224553091,[2.390057836115893],[3.3896901437897906],11115.210231194724,7837.293140735512,[3279.1227987486595],22.750722294529403,1.9818561639123415,1e-06,1e-06,1.4647828546921535,1.1684848594522823,32.64647866917801,-5.317751261292377,-3.634266983172438,188016.0048051537,7.995489929595863,-11.6297569127683,1359149.103143467,"[0.0, 0.0]","[-3.202149557793535, -5.501024743733747]","[[188016.0048051537, 398440.76882051385], [1359149.103143467, 462427.0684431399], [1359149.103143467, 245533.350280455], [188016.0048051537, 245533.350280455]]",[0.051247264150068875],19.845442475263397,0.5
595.405224553091,[2.3900577826823164],[3.3896901396209884],11115.21021079151,7837.2929607727,[3279.1227967622835],22.75072229511651,1.9818561639123415,1e-06,1e-06,1.4647828546921535,1.168484859565015,32.64647866396001,-5.317751251382297,-3.6342665268534233,188016.00456183043,7.995490418229053,-11.629756945082477,1359149.1046115316,"[0.0, 0.0]","[-3.2021495668245437, -5.501024759222919]","[[188016.00456183043, 398440.769212803], [1359149.1046115316, 462427.06907514203], [1359149.1046115316, 245533.35027397715], [188016.00456183043, 245533.35027397715]]",[0.051247263927045414],19.845442377545538,0.5
595.905224553091,[2.3900577297113874],[3.389690135485021],11115.210190560423,7837.292782372414,[3279.1227947949233],22.75072229569721,1.9818561639123415,1e-06,1e-06,1.4647828546921535,1.168484859676486,32.64647865878618,-5.317751241573755,-3.6342660800284534,188016.0043212028,7.995490897010313,-11.629756977038767,1359149.1060683688,"[0.0, 0.0]","[-3.202149575755232, -5.501024774543636]","[[188016.0043212028, 398440.7695969959], [1359149.1060683688, 462427.0696950803], [1359149.1060683688, 245533.3502673769], [188016.0043212028, 245533.3502673769]]",[0.05124726370748009],19.845442280034277,0.5
596.405224553091,[2.390057677174927],[3.389690131386052],11115.210170499304,7837.292605431103,[3279.1227928419135],22.75072229627446,1.9818561639123415,1e-06,1e-06,1.4647828546921535,1.1684848597873256,32.64647865365572,-5.317751231830043,-3.63426563137142,188016.00408196467,7.995491377439009,-11.62975700881043,1359149.1075117935,"[0.0, 0.0]","[-3.2021495846346233, -5.501024789772775]","[[188016.00408196467, 398440.7699826982], [1359149.1075117935, 462427.0703164709], [1359149.1075117935, 245533.35026100776], [188016.00408196467, 245533.35026100776]]",[0.051247263488201085],19.845442183956933,0.5
596.905224553091,[2.3900576250933065],[3.389690127319497],11115.210150607756,7837.292430025889,[3279.1227909075733],22.750722296845407,1.9818561639123415,1e-06,1e-06,1.4647828546921535,1.1684848598969255,32.646478648568745,-5.317751222186152,-3.634265192047053,188016.00384537666,7.995491848183178,-11.629757040230231,1359149.1089441727,"[0.0, 0.0]","[-3.2021495934154, -5.501024804836273]","[[188016.00384537666, 398440.7703604418], [1359149.1089441727, 462427.0709260019], [1359149.1089441727, 245533.3502545183], [188016.00384537666, 245533.3502545183]]",[0.051247263272321646],19.84544208808272,0.5
597.405224553091,[2.3900575734389284],[3.3896901232893595],11115.210130883412,7837.292256055351,[3279.1227889873303],22.750722297412967,1.9818561639123415,1e-06,1e-06,1.4647828546921535,1.1684848600059048,32.64647864352446,-5.317751212606022,-3.6342647509211474,188016.00361015467,7.9954923205474415,-11.629757071468589,1359149.1103633612,"[0.0, 0.0]","[-3.2021496021457083, -5.50102481980974]","[[188016.00361015467, 398440.7707396698], [1359149.1103633612, 462427.0715369619], [1359149.1103633612, 245533.350248256], [188016.00361015467, 245533.350248256]]",[0.05124726305672364],19.845441993618316,0.5
597.905224553091,[2.390057522231427],[3.3896901192910036],11115.210111325609,7837.2920835941195,[3279.122787085474],22.75072229797433,1.9818561639123415,1e-06,1e-06,1.4647828546921535,1.1684848601136644,32.646478638522865,-5.3177512031240495,-3.6342643189731803,188016.0033775387,7.995492783387647,-11.629757102360827,1359149.1117716937,"[0.0, 0.0]","[-3.2021496107790575, -5.501024834620363]","[[188016.0033775387, 398440.77111107094], [1359149.1117716937, 462427.07213625906], [1359149.1117716937, 245533.35024187545], [188016.0033775387, 245533.35024187545]]",[0.05124726284446875],19.845441899353645,0.5
598.405224553091,[2.3900574714442016],[3.389690115328596],11115.210091932679,7837.29191254416,[3279.122785197482],22.75072229853236,1.9818561639123415,1e-06,1e-06,1.4647828546921535,1.1684848602208142,32.64647863356328,-5.317751193704743,-3.634263885252892,188016.0031462657,7.995493247821855,-11.629757133074747,1359149.1131670575,"[0.0, 0.0]","[-3.2021496193628347, -5.50102484934248]","[[188016.0031462657, 398440.77148393233], [1359149.1131670575, 462427.0727369621], [1359149.1131670575, 245533.35023571842], [188016.0031462657, 245533.35023571842]]",[0.051247262632490236],19.84544180647512,0.5
598.905224553091,[2.3900574210966554],[3.389690111397421],11115.21007270341,7837.29174297915,[3279.122783327558],22.7507222990843,1.9818561639123415,1e-06,1e-06,1.4647828546921535,1.1684848603267648,32.64647862864564,-5.317751184381943,-3.634263460555644,188016.00291755455,7.995493702892816,-11.62975716344846,1359149.114551747,"[0.0, 0.0]","[-3.202149627851238, -5.5010248639044494]","[[188016.00291755455, 398440.77184909926], [1359149.114551747, 462427.0733261993], [1359149.114551747, 245533.350229445], [188016.00291755455, 245533.350229445]]",[0.05124726242379828],19.84544171379299,0.5
599.405224553091,[2.3900573711619066],[3.3896901075015036],11115.21005363586,7837.291574800258,[3279.1227814712347],22.75072229963296,1.9818561639123415,1e-06,1e-06,1.4647828546921535,1.1684848604321156,32.646478623769326,-5.317751175120785,-3.6342630341175095,188016.00269016437,7.995494159529187,-11.629757193646697,1359149.1159236834,"[0.0, 0.0]","[-3.2021496362908968, -5.501024878379406]","[[188016.00269016437, 398440.7722157003], [1359149.1159236834, 462427.07391681685], [1359149.1159236834, 245533.35022339138], [188016.00269016437, 245533.35022339138]]",[0.0512472622153788],19.845441622473725,0.5
599.905224553091,[2.390057321659578],[3.389690103636201],11115.210034729038,7837.291408081874,[3279.122779632713],22.75072230017563,1.9818561639123415,1e-06,1e-06,1.4647828546921535,1.1684848605362876,32.646478618934225,-5.317751165954489,-3.6342626165500747,188016.0024652929,7.995494606960392,-11.629757223510467,1359149.117285129,"[0.0, 0.0]","[-3.2021496446368, -5.501024892696899]","[[188016.0024652929, 398440.7725747368], [1359149.117285129, 462427.0744961617], [1359149.117285129, 245533.3502172233], [188016.0024652929, 245533.3502172233]]",[0.05124726201019038],19.845441531347543,0.5
